product_id,product_name,category,brand,price,rating,review_count,description
P0001,Phone Case,Accessories,StyleHub,9334.05,4.5,3097,"StyleHub Phone Case designed for everyday use with reliable quality, comfortable design and useful features. Suitable for accessories needs."
P0002,Wallet,Accessories,TechPro,5177.75,3.8,3449,"TechPro Wallet designed for everyday use with reliable quality, comfortable design and useful features. Suitable for accessories needs."
P0003,Cricket Bat,Sports,HomeEase,3008.3,4.4,2438,"HomeEase Cricket Bat designed for everyday use with reliable quality, comfortable design and useful features. Suitable for sports needs."
P0004,Gym Gloves,Sports,Nova,15350.26,4.0,4848,"Nova Gym Gloves designed for everyday use with reliable quality, comfortable design and useful features. Suitable for sports needs."
P0005,Wireless Headphones,Electronics,TechPro,30669.27,3.1,2752,"TechPro Wireless Headphones designed for everyday use with reliable quality, comfortable design and useful features. Suitable for electronics needs."
P0006,Sunglasses,Accessories,FitMax,25807.88,4.1,3207,"FitMax Sunglasses designed for everyday use with reliable quality, comfortable design and useful features. Suitable for accessories needs."
P0007,Sunscreen,Beauty,GlowCare,8691.1,2.9,2440,"GlowCare Sunscreen designed for everyday use with reliable quality, comfortable design and useful features. Suitable for beauty needs."
P0008,Laptop Stand,Electronics,HomeEase,40457.19,3.5,2617,"HomeEase Laptop Stand designed for everyday use with reliable quality, comfortable design and useful features. Suitable for electronics needs."
P0009,Casual Shirt,Fashion,FitMax,22118.59,3.1,2561,"FitMax Casual Shirt designed for everyday use with reliable quality, comfortable design and useful features. Suitable for fashion needs."
P0010,Sunglasses,Accessories,HomeEase,19673.82,3.2,3078,"HomeEase Sunglasses designed for everyday use with reliable quality, comfortable design and useful features. Suitable for accessories needs."
P0011,Data Science Guide,Books,FitMax,9404.75,4.9,166,"FitMax Data Science Guide designed for everyday use with reliable quality, comfortable design and useful features. Suitable for books needs."
P0012,Casual Shirt,Fashion,HomeEase,36417.15,3.5,3803,"HomeEase Casual Shirt designed for everyday use with reliable quality, comfortable design and useful features. Suitable for fashion needs."
P0013,Yoga Mat,Sports,HomeEase,16400.45,3.7,342,"HomeEase Yoga Mat designed for everyday use with reliable quality, comfortable design and useful features. Suitable for sports needs."
P0014,Travel Pouch,Accessories,ReadMore,17965.32,3.4,384,"ReadMore Travel Pouch designed for everyday use with reliable quality, comfortable design and useful features. Suitable for accessories needs."
P0015,Face Wash,Beauty,StyleHub,40148.41,3.0,2573,"StyleHub Face Wash designed for everyday use with reliable quality, comfortable design and useful features. Suitable for beauty needs."
P0016,Laptop Stand,Electronics,ReadMore,474.0,4.6,396,"ReadMore Laptop Stand designed for everyday use with reliable quality, comfortable design and useful features. Suitable for electronics needs."
P0017,Storage Organizer,Home & Kitchen,Nova,30375.81,4.8,3104,"Nova Storage Organizer designed for everyday use with reliable quality, comfortable design and useful features. Suitable for home & kitchen needs."
P0018,Backpack,Accessories,ReadMore,22581.64,3.0,4603,"ReadMore Backpack designed for everyday use with reliable quality, comfortable design and useful features. Suitable for accessories needs."
P0019,Travel Pouch,Accessories,TechPro,29645.63,3.4,1575,"TechPro Travel Pouch designed for everyday use with reliable quality, comfortable design and useful features. Suitable for accessories needs."
P0020,Bluetooth Speaker,Electronics,StyleHub,48590.26,4.7,1033,"StyleHub Bluetooth Speaker designed for everyday use with reliable quality, comfortable design and useful features. Suitable for electronics needs."
P0021,Denim Jacket,Fashion,Nova,35590.01,3.0,1489,"Nova Denim Jacket designed for everyday use with reliable quality, comfortable design and useful features. Suitable for fashion needs."
P0022,Coffee Maker,Home & Kitchen,FitMax,28250.12,4.3,1683,"FitMax Coffee Maker designed for everyday use with reliable quality, comfortable design and useful features. Suitable for home & kitchen needs."
P0023,Table Lamp,Home & Kitchen,FitMax,47153.11,4.1,3319,"FitMax Table Lamp designed for everyday use with reliable quality, comfortable design and useful features. Suitable for home & kitchen needs."
P0024,Business Book,Books,UrbanX,31291.83,3.5,3065,"UrbanX Business Book designed for everyday use with reliable quality, comfortable design and useful features. Suitable for books needs."
P0025,Business Book,Books,FitMax,11077.33,3.7,1986,"FitMax Business Book designed for everyday use with reliable quality, comfortable design and useful features. Suitable for books needs."
P0026,Air Fryer,Home & Kitchen,GlowCare,44824.35,3.5,1311,"GlowCare Air Fryer designed for everyday use with reliable quality, comfortable design and useful features. Suitable for home & kitchen needs."
P0027,Programming Book,Books,FitMax,17756.93,3.5,714,"FitMax Programming Book designed for everyday use with reliable quality, comfortable design and useful features. Suitable for books needs."
P0028,Coffee Maker,Home & Kitchen,HomeEase,11259.97,3.1,4784,"HomeEase Coffee Maker designed for everyday use with reliable quality, comfortable design and useful features. Suitable for home & kitchen needs."
P0029,Sunglasses,Accessories,HomeEase,11093.46,4.0,3768,"HomeEase Sunglasses designed for everyday use with reliable quality, comfortable design and useful features. Suitable for accessories needs."
P0030,Wireless Headphones,Electronics,UrbanX,48128.88,3.4,3462,"UrbanX Wireless Headphones designed for everyday use with reliable quality, comfortable design and useful features. Suitable for electronics needs."
P0031,Coffee Maker,Home & Kitchen,StyleHub,14384.06,2.9,2165,"StyleHub Coffee Maker designed for everyday use with reliable quality, comfortable design and useful features. Suitable for home & kitchen needs."
P0032,Cotton T-Shirt,Fashion,FitMax,2762.64,3.4,3479,"FitMax Cotton T-Shirt designed for everyday use with reliable quality, comfortable design and useful features. Suitable for fashion needs."
P0033,Data Science Guide,Books,StyleHub,24573.75,5.0,4936,"StyleHub Data Science Guide designed for everyday use with reliable quality, comfortable design and useful features. Suitable for books needs."
P0034,Sunglasses,Accessories,ReadMore,12033.35,4.4,2332,"ReadMore Sunglasses designed for everyday use with reliable quality, comfortable design and useful features. Suitable for accessories needs."
P0035,Hair Serum,Beauty,UrbanX,31748.78,4.0,613,"UrbanX Hair Serum designed for everyday use with reliable quality, comfortable design and useful features. Suitable for beauty needs."
P0036,Laptop Stand,Electronics,TechPro,9487.62,2.9,664,"TechPro Laptop Stand designed for everyday use with reliable quality, comfortable design and useful features. Suitable for electronics needs."
P0037,Cricket Bat,Sports,FitMax,1025.07,3.9,151,"FitMax Cricket Bat designed for everyday use with reliable quality, comfortable design and useful features. Suitable for sports needs."
P0038,Resistance Bands,Sports,Nova,34607.7,3.7,2390,"Nova Resistance Bands designed for everyday use with reliable quality, comfortable design and useful features. Suitable for sports needs."
P0039,Bluetooth Speaker,Electronics,FitMax,36812.76,3.3,4066,"FitMax Bluetooth Speaker designed for everyday use with reliable quality, comfortable design and useful features. Suitable for electronics needs."
P0040,Denim Jacket,Fashion,GlowCare,33066.21,4.6,1021,"GlowCare Denim Jacket designed for everyday use with reliable quality, comfortable design and useful features. Suitable for fashion needs."
P0041,Resistance Bands,Sports,Nova,12243.24,3.0,3728,"Nova Resistance Bands designed for everyday use with reliable quality, comfortable design and useful features. Suitable for sports needs."
P0042,Body Lotion,Beauty,ReadMore,31727.45,3.5,3175,"ReadMore Body Lotion designed for everyday use with reliable quality, comfortable design and useful features. Suitable for beauty needs."
P0043,Storage Organizer,Home & Kitchen,FitMax,44375.9,4.5,3996,"FitMax Storage Organizer designed for everyday use with reliable quality, comfortable design and useful features. Suitable for home & kitchen needs."
P0044,Cricket Bat,Sports,Nova,8248.11,4.8,3928,"Nova Cricket Bat designed for everyday use with reliable quality, comfortable design and useful features. Suitable for sports needs."
P0045,Novel,Books,ReadMore,5252.28,4.3,2966,"ReadMore Novel designed for everyday use with reliable quality, comfortable design and useful features. Suitable for books needs."
P0046,Data Science Guide,Books,UrbanX,34655.38,4.2,4072,"UrbanX Data Science Guide designed for everyday use with reliable quality, comfortable design and useful features. Suitable for books needs."
P0047,Laptop Stand,Electronics,Nova,24794.91,3.2,1532,"Nova Laptop Stand designed for everyday use with reliable quality, comfortable design and useful features. Suitable for electronics needs."
P0048,Sunglasses,Accessories,Nova,15540.43,4.0,959,"Nova Sunglasses designed for everyday use with reliable quality, comfortable design and useful features. Suitable for accessories needs."
P0049,Table Lamp,Home & Kitchen,TechPro,44622.92,4.2,230,"TechPro Table Lamp designed for everyday use with reliable quality, comfortable design and useful features. Suitable for home & kitchen needs."
P0050,Face Wash,Beauty,FitMax,33511.42,4.7,3072,"FitMax Face Wash designed for everyday use with reliable quality, comfortable design and useful features. Suitable for beauty needs."
P0051,Sunscreen,Beauty,FitMax,1409.94,4.2,21,"FitMax Sunscreen designed for everyday use with reliable quality, comfortable design and useful features. Suitable for beauty needs."
P0052,Resistance Bands,Sports,HomeEase,47704.64,4.8,1065,"HomeEase Resistance Bands designed for everyday use with reliable quality, comfortable design and useful features. Suitable for sports needs."
P0053,Face Wash,Beauty,HomeEase,48338.41,4.9,1144,"HomeEase Face Wash designed for everyday use with reliable quality, comfortable design and useful features. Suitable for beauty needs."
P0054,Travel Pouch,Accessories,StyleHub,9706.37,3.4,3399,"StyleHub Travel Pouch designed for everyday use with reliable quality, comfortable design and useful features. Suitable for accessories needs."
P0055,Running Shoes,Fashion,UrbanX,46819.51,4.3,1900,"UrbanX Running Shoes designed for everyday use with reliable quality, comfortable design and useful features. Suitable for fashion needs."
P0056,Data Science Guide,Books,ReadMore,33621.95,3.6,159,"ReadMore Data Science Guide designed for everyday use with reliable quality, comfortable design and useful features. Suitable for books needs."
P0057,Cotton T-Shirt,Fashion,UrbanX,37089.28,4.3,4346,"UrbanX Cotton T-Shirt designed for everyday use with reliable quality, comfortable design and useful features. Suitable for fashion needs."
P0058,Travel Pouch,Accessories,UrbanX,40505.19,4.6,2460,"UrbanX Travel Pouch designed for everyday use with reliable quality, comfortable design and useful features. Suitable for accessories needs."
P0059,Hair Serum,Beauty,UrbanX,457.21,4.2,4120,"UrbanX Hair Serum designed for everyday use with reliable quality, comfortable design and useful features. Suitable for beauty needs."
P0060,Laptop Stand,Electronics,TechPro,17031.16,3.6,4934,"TechPro Laptop Stand designed for everyday use with reliable quality, comfortable design and useful features. Suitable for electronics needs."
P0061,Sunglasses,Accessories,Nova,7920.07,5.0,1720,"Nova Sunglasses designed for everyday use with reliable quality, comfortable design and useful features. Suitable for accessories needs."
P0062,Denim Jacket,Fashion,FitMax,16466.23,4.6,3056,"FitMax Denim Jacket designed for everyday use with reliable quality, comfortable design and useful features. Suitable for fashion needs."
P0063,Gym Gloves,Sports,GlowCare,4449.3,2.9,4147,"GlowCare Gym Gloves designed for everyday use with reliable quality, comfortable design and useful features. Suitable for sports needs."
P0064,Non-Stick Pan,Home & Kitchen,ReadMore,48796.43,3.9,1698,"ReadMore Non-Stick Pan designed for everyday use with reliable quality, comfortable design and useful features. Suitable for home & kitchen needs."
P0065,Coffee Maker,Home & Kitchen,ReadMore,13686.45,3.8,1374,"ReadMore Coffee Maker designed for everyday use with reliable quality, comfortable design and useful features. Suitable for home & kitchen needs."
P0066,Moisturizer,Beauty,StyleHub,4226.47,3.7,1936,"StyleHub Moisturizer designed for everyday use with reliable quality, comfortable design and useful features. Suitable for beauty needs."
P0067,Face Wash,Beauty,UrbanX,45776.64,3.8,564,"UrbanX Face Wash designed for everyday use with reliable quality, comfortable design and useful features. Suitable for beauty needs."
P0068,Power Bank,Electronics,StyleHub,31984.88,3.9,4804,"StyleHub Power Bank designed for everyday use with reliable quality, comfortable design and useful features. Suitable for electronics needs."
P0069,Travel Pouch,Accessories,HomeEase,36554.96,2.9,4254,"HomeEase Travel Pouch designed for everyday use with reliable quality, comfortable design and useful features. Suitable for accessories needs."
P0070,Table Lamp,Home & Kitchen,HomeEase,915.8,3.1,3123,"HomeEase Table Lamp designed for everyday use with reliable quality, comfortable design and useful features. Suitable for home & kitchen needs."
P0071,Laptop Stand,Electronics,StyleHub,23812.86,3.0,2484,"StyleHub Laptop Stand designed for everyday use with reliable quality, comfortable design and useful features. Suitable for electronics needs."
P0072,Hair Serum,Beauty,Nova,23339.76,4.2,2854,"Nova Hair Serum designed for everyday use with reliable quality, comfortable design and useful features. Suitable for beauty needs."
P0073,Football,Sports,UrbanX,46684.13,3.9,1020,"UrbanX Football designed for everyday use with reliable quality, comfortable design and useful features. Suitable for sports needs."
P0074,Body Lotion,Beauty,FitMax,30868.39,4.9,4597,"FitMax Body Lotion designed for everyday use with reliable quality, comfortable design and useful features. Suitable for beauty needs."
P0075,Cricket Bat,Sports,FitMax,28857.61,3.7,2432,"FitMax Cricket Bat designed for everyday use with reliable quality, comfortable design and useful features. Suitable for sports needs."
P0076,Wireless Headphones,Electronics,StyleHub,27370.72,4.9,3918,"StyleHub Wireless Headphones designed for everyday use with reliable quality, comfortable design and useful features. Suitable for electronics needs."
P0077,Non-Stick Pan,Home & Kitchen,StyleHub,3653.19,3.0,3974,"StyleHub Non-Stick Pan designed for everyday use with reliable quality, comfortable design and useful features. Suitable for home & kitchen needs."
P0078,Sunscreen,Beauty,UrbanX,34212.74,3.0,780,"UrbanX Sunscreen designed for everyday use with reliable quality, comfortable design and useful features. Suitable for beauty needs."
P0079,Moisturizer,Beauty,UrbanX,1357.94,4.6,621,"UrbanX Moisturizer designed for everyday use with reliable quality, comfortable design and useful features. Suitable for beauty needs."
P0080,Phone Case,Accessories,UrbanX,34896.51,4.2,417,"UrbanX Phone Case designed for everyday use with reliable quality, comfortable design and useful features. Suitable for accessories needs."
P0081,Yoga Mat,Sports,StyleHub,48384.51,4.0,2509,"StyleHub Yoga Mat designed for everyday use with reliable quality, comfortable design and useful features. Suitable for sports needs."
P0082,Coffee Maker,Home & Kitchen,TechPro,20747.36,3.6,2148,"TechPro Coffee Maker designed for everyday use with reliable quality, comfortable design and useful features. Suitable for home & kitchen needs."
P0083,Travel Pouch,Accessories,FitMax,21562.9,4.5,2919,"FitMax Travel Pouch designed for everyday use with reliable quality, comfortable design and useful features. Suitable for accessories needs."
P0084,Wireless Headphones,Electronics,Nova,25360.57,4.6,1370,"Nova Wireless Headphones designed for everyday use with reliable quality, comfortable design and useful features. Suitable for electronics needs."
P0085,Sunscreen,Beauty,TechPro,19581.24,2.8,4176,"TechPro Sunscreen designed for everyday use with reliable quality, comfortable design and useful features. Suitable for beauty needs."
P0086,Laptop Stand,Electronics,HomeEase,33902.14,3.9,3582,"HomeEase Laptop Stand designed for everyday use with reliable quality, comfortable design and useful features. Suitable for electronics needs."
P0087,Travel Pouch,Accessories,StyleHub,14800.9,3.5,2943,"StyleHub Travel Pouch designed for everyday use with reliable quality, comfortable design and useful features. Suitable for accessories needs."
P0088,Hair Serum,Beauty,StyleHub,39619.64,4.5,2161,"StyleHub Hair Serum designed for everyday use with reliable quality, comfortable design and useful features. Suitable for beauty needs."
P0089,Moisturizer,Beauty,UrbanX,3065.43,4.0,1161,"UrbanX Moisturizer designed for everyday use with reliable quality, comfortable design and useful features. Suitable for beauty needs."
P0090,Table Lamp,Home & Kitchen,TechPro,35349.41,4.9,958,"TechPro Table Lamp designed for everyday use with reliable quality, comfortable design and useful features. Suitable for home & kitchen needs."
P0091,Yoga Mat,Sports,StyleHub,41955.34,3.7,1196,"StyleHub Yoga Mat designed for everyday use with reliable quality, comfortable design and useful features. Suitable for sports needs."
P0092,Running Shoes,Fashion,UrbanX,44615.47,3.1,3241,"UrbanX Running Shoes designed for everyday use with reliable quality, comfortable design and useful features. Suitable for fashion needs."
P0093,Novel,Books,ReadMore,18837.69,3.6,504,"ReadMore Novel designed for everyday use with reliable quality, comfortable design and useful features. Suitable for books needs."
P0094,Wireless Headphones,Electronics,StyleHub,37717.23,3.6,3491,"StyleHub Wireless Headphones designed for everyday use with reliable quality, comfortable design and useful features. Suitable for electronics needs."
P0095,Table Lamp,Home & Kitchen,FitMax,28007.53,3.7,3607,"FitMax Table Lamp designed for everyday use with reliable quality, comfortable design and useful features. Suitable for home & kitchen needs."
P0096,Sunglasses,Accessories,StyleHub,764.41,3.8,1086,"StyleHub Sunglasses designed for everyday use with reliable quality, comfortable design and useful features. Suitable for accessories needs."
P0097,Resistance Bands,Sports,ReadMore,6051.81,4.2,3077,"ReadMore Resistance Bands designed for everyday use with reliable quality, comfortable design and useful features. Suitable for sports needs."
P0098,Table Lamp,Home & Kitchen,FitMax,48115.19,3.6,3445,"FitMax Table Lamp designed for everyday use with reliable quality, comfortable design and useful features. Suitable for home & kitchen needs."
P0099,Wireless Headphones,Electronics,HomeEase,21928.52,4.6,4785,"HomeEase Wireless Headphones designed for everyday use with reliable quality, comfortable design and useful features. Suitable for electronics needs."
P0100,Body Lotion,Beauty,GlowCare,44577.93,4.0,4303,"GlowCare Body Lotion designed for everyday use with reliable quality, comfortable design and useful features. Suitable for beauty needs."
P0101,Gym Gloves,Sports,FitMax,27780.94,4.9,1261,"FitMax Gym Gloves designed for everyday use with reliable quality, comfortable design and useful features. Suitable for sports needs."
P0102,Wireless Headphones,Electronics,StyleHub,34905.87,3.6,475,"StyleHub Wireless Headphones designed for everyday use with reliable quality, comfortable design and useful features. Suitable for electronics needs."
P0103,Bluetooth Speaker,Electronics,FitMax,47942.38,2.9,362,"FitMax Bluetooth Speaker designed for everyday use with reliable quality, comfortable design and useful features. Suitable for electronics needs."
P0104,Resistance Bands,Sports,StyleHub,14012.58,3.2,4190,"StyleHub Resistance Bands designed for everyday use with reliable quality, comfortable design and useful features. Suitable for sports needs."
P0105,Casual Shirt,Fashion,UrbanX,13442.71,3.6,4840,"UrbanX Casual Shirt designed for everyday use with reliable quality, comfortable design and useful features. Suitable for fashion needs."
P0106,Coffee Maker,Home & Kitchen,Nova,15613.48,4.6,2784,"Nova Coffee Maker designed for everyday use with reliable quality, comfortable design and useful features. Suitable for home & kitchen needs."
P0107,Body Lotion,Beauty,HomeEase,3993.78,4.9,260,"HomeEase Body Lotion designed for everyday use with reliable quality, comfortable design and useful features. Suitable for beauty needs."
P0108,Face Wash,Beauty,UrbanX,4319.87,4.7,4977,"UrbanX Face Wash designed for everyday use with reliable quality, comfortable design and useful features. Suitable for beauty needs."
P0109,Face Wash,Beauty,HomeEase,40564.56,5.0,4953,"HomeEase Face Wash designed for everyday use with reliable quality, comfortable design and useful features. Suitable for beauty needs."
P0110,Running Shoes,Fashion,HomeEase,41491.38,4.1,4005,"HomeEase Running Shoes designed for everyday use with reliable quality, comfortable design and useful features. Suitable for fashion needs."
P0111,Running Shoes,Fashion,TechPro,6864.84,2.8,4618,"TechPro Running Shoes designed for everyday use with reliable quality, comfortable design and useful features. Suitable for fashion needs."
P0112,Yoga Mat,Sports,StyleHub,49984.94,5.0,1465,"StyleHub Yoga Mat designed for everyday use with reliable quality, comfortable design and useful features. Suitable for sports needs."
P0113,Travel Pouch,Accessories,StyleHub,47248.33,4.7,2053,"StyleHub Travel Pouch designed for everyday use with reliable quality, comfortable design and useful features. Suitable for accessories needs."
P0114,Table Lamp,Home & Kitchen,StyleHub,10518.94,4.7,4588,"StyleHub Table Lamp designed for everyday use with reliable quality, comfortable design and useful features. Suitable for home & kitchen needs."
P0115,Casual Shirt,Fashion,GlowCare,5854.17,4.3,678,"GlowCare Casual Shirt designed for everyday use with reliable quality, comfortable design and useful features. Suitable for fashion needs."
P0116,Novel,Books,TechPro,15526.31,4.6,240,"TechPro Novel designed for everyday use with reliable quality, comfortable design and useful features. Suitable for books needs."
P0117,Sunscreen,Beauty,Nova,29578.8,3.9,3283,"Nova Sunscreen designed for everyday use with reliable quality, comfortable design and useful features. Suitable for beauty needs."
P0118,Body Lotion,Beauty,HomeEase,35262.17,3.3,4864,"HomeEase Body Lotion designed for everyday use with reliable quality, comfortable design and useful features. Suitable for beauty needs."
P0119,Cotton T-Shirt,Fashion,UrbanX,31903.89,4.0,2487,"UrbanX Cotton T-Shirt designed for everyday use with reliable quality, comfortable design and useful features. Suitable for fashion needs."
P0120,Wallet,Accessories,FitMax,27461.83,3.8,1363,"FitMax Wallet designed for everyday use with reliable quality, comfortable design and useful features. Suitable for accessories needs."
P0121,Football,Sports,TechPro,34941.57,4.6,142,"TechPro Football designed for everyday use with reliable quality, comfortable design and useful features. Suitable for sports needs."
P0122,Smart Watch,Electronics,Nova,13059.57,3.8,2598,"Nova Smart Watch designed for everyday use with reliable quality, comfortable design and useful features. Suitable for electronics needs."
P0123,Self Help Book,Books,UrbanX,16570.83,4.2,3828,"UrbanX Self Help Book designed for everyday use with reliable quality, comfortable design and useful features. Suitable for books needs."
P0124,Storage Organizer,Home & Kitchen,GlowCare,6617.21,3.1,3450,"GlowCare Storage Organizer designed for everyday use with reliable quality, comfortable design and useful features. Suitable for home & kitchen needs."
P0125,Resistance Bands,Sports,ReadMore,20699.73,4.7,671,"ReadMore Resistance Bands designed for everyday use with reliable quality, comfortable design and useful features. Suitable for sports needs."
P0126,Moisturizer,Beauty,StyleHub,9774.99,2.9,4704,"StyleHub Moisturizer designed for everyday use with reliable quality, comfortable design and useful features. Suitable for beauty needs."
P0127,Sports Track Pants,Fashion,HomeEase,4616.39,3.1,528,"HomeEase Sports Track Pants designed for everyday use with reliable quality, comfortable design and useful features. Suitable for fashion needs."
P0128,Cotton T-Shirt,Fashion,Nova,25269.18,4.3,2301,"Nova Cotton T-Shirt designed for everyday use with reliable quality, comfortable design and useful features. Suitable for fashion needs."
P0129,Backpack,Accessories,HomeEase,4270.6,4.7,2883,"HomeEase Backpack designed for everyday use with reliable quality, comfortable design and useful features. Suitable for accessories needs."
P0130,Face Wash,Beauty,UrbanX,43440.4,3.0,1281,"UrbanX Face Wash designed for everyday use with reliable quality, comfortable design and useful features. Suitable for beauty needs."
P0131,Football,Sports,FitMax,18570.9,3.8,369,"FitMax Football designed for everyday use with reliable quality, comfortable design and useful features. Suitable for sports needs."
P0132,Denim Jacket,Fashion,ReadMore,6828.22,4.3,923,"ReadMore Denim Jacket designed for everyday use with reliable quality, comfortable design and useful features. Suitable for fashion needs."
P0133,Novel,Books,GlowCare,1716.51,4.7,1911,"GlowCare Novel designed for everyday use with reliable quality, comfortable design and useful features. Suitable for books needs."
P0134,Backpack,Accessories,GlowCare,18987.75,2.8,1981,"GlowCare Backpack designed for everyday use with reliable quality, comfortable design and useful features. Suitable for accessories needs."
P0135,Smart Watch,Electronics,HomeEase,6163.15,4.8,3288,"HomeEase Smart Watch designed for everyday use with reliable quality, comfortable design and useful features. Suitable for electronics needs."
P0136,Laptop Stand,Electronics,UrbanX,39499.73,3.9,2163,"UrbanX Laptop Stand designed for everyday use with reliable quality, comfortable design and useful features. Suitable for electronics needs."
P0137,Football,Sports,GlowCare,37321.89,3.7,2477,"GlowCare Football designed for everyday use with reliable quality, comfortable design and useful features. Suitable for sports needs."
P0138,Hair Serum,Beauty,UrbanX,30455.25,3.3,2367,"UrbanX Hair Serum designed for everyday use with reliable quality, comfortable design and useful features. Suitable for beauty needs."
P0139,Body Lotion,Beauty,Nova,12012.89,3.0,1738,"Nova Body Lotion designed for everyday use with reliable quality, comfortable design and useful features. Suitable for beauty needs."
P0140,Business Book,Books,HomeEase,9490.04,3.4,3740,"HomeEase Business Book designed for everyday use with reliable quality, comfortable design and useful features. Suitable for books needs."
P0141,Backpack,Accessories,GlowCare,2770.45,2.8,4329,"GlowCare Backpack designed for everyday use with reliable quality, comfortable design and useful features. Suitable for accessories needs."
P0142,Football,Sports,FitMax,48478.63,4.7,650,"FitMax Football designed for everyday use with reliable quality, comfortable design and useful features. Suitable for sports needs."
P0143,Programming Book,Books,HomeEase,8709.2,4.3,4294,"HomeEase Programming Book designed for everyday use with reliable quality, comfortable design and useful features. Suitable for books needs."
P0144,Sunglasses,Accessories,ReadMore,23934.65,4.6,1146,"ReadMore Sunglasses designed for everyday use with reliable quality, comfortable design and useful features. Suitable for accessories needs."
P0145,Cricket Bat,Sports,FitMax,25478.0,3.3,4659,"FitMax Cricket Bat designed for everyday use with reliable quality, comfortable design and useful features. Suitable for sports needs."
P0146,Smart Watch,Electronics,HomeEase,14572.8,4.1,4239,"HomeEase Smart Watch designed for everyday use with reliable quality, comfortable design and useful features. Suitable for electronics needs."
P0147,Phone Case,Accessories,StyleHub,26721.95,2.9,4790,"StyleHub Phone Case designed for everyday use with reliable quality, comfortable design and useful features. Suitable for accessories needs."
P0148,Sports Track Pants,Fashion,GlowCare,27535.31,3.2,3718,"GlowCare Sports Track Pants designed for everyday use with reliable quality, comfortable design and useful features. Suitable for fashion needs."
P0149,Yoga Mat,Sports,GlowCare,34137.84,4.5,1999,"GlowCare Yoga Mat designed for everyday use with reliable quality, comfortable design and useful features. Suitable for sports needs."
P0150,Sunglasses,Accessories,HomeEase,5512.62,4.7,4032,"HomeEase Sunglasses designed for everyday use with reliable quality, comfortable design and useful features. Suitable for accessories needs."
P0151,Football,Sports,HomeEase,46659.32,5.0,2640,"HomeEase Football designed for everyday use with reliable quality, comfortable design and useful features. Suitable for sports needs."
P0152,Storage Organizer,Home & Kitchen,Nova,37106.81,4.1,3855,"Nova Storage Organizer designed for everyday use with reliable quality, comfortable design and useful features. Suitable for home & kitchen needs."
P0153,Power Bank,Electronics,HomeEase,40015.95,4.6,2903,"HomeEase Power Bank designed for everyday use with reliable quality, comfortable design and useful features. Suitable for electronics needs."
P0154,Air Fryer,Home & Kitchen,HomeEase,18068.76,4.7,2141,"HomeEase Air Fryer designed for everyday use with reliable quality, comfortable design and useful features. Suitable for home & kitchen needs."
P0155,Denim Jacket,Fashion,StyleHub,15207.62,4.4,2195,"StyleHub Denim Jacket designed for everyday use with reliable quality, comfortable design and useful features. Suitable for fashion needs."
P0156,Wireless Headphones,Electronics,Nova,44997.81,3.6,2002,"Nova Wireless Headphones designed for everyday use with reliable quality, comfortable design and useful features. Suitable for electronics needs."
P0157,Sunscreen,Beauty,GlowCare,6020.52,4.9,1207,"GlowCare Sunscreen designed for everyday use with reliable quality, comfortable design and useful features. Suitable for beauty needs."
P0158,Casual Shirt,Fashion,GlowCare,43954.73,3.9,482,"GlowCare Casual Shirt designed for everyday use with reliable quality, comfortable design and useful features. Suitable for fashion needs."
P0159,Sunglasses,Accessories,FitMax,49884.09,4.5,3073,"FitMax Sunglasses designed for everyday use with reliable quality, comfortable design and useful features. Suitable for accessories needs."
P0160,Sunscreen,Beauty,GlowCare,7326.77,3.2,1862,"GlowCare Sunscreen designed for everyday use with reliable quality, comfortable design and useful features. Suitable for beauty needs."
P0161,Sports Track Pants,Fashion,TechPro,37779.84,3.0,4915,"TechPro Sports Track Pants designed for everyday use with reliable quality, comfortable design and useful features. Suitable for fashion needs."
P0162,Gym Gloves,Sports,ReadMore,30276.1,3.9,3724,"ReadMore Gym Gloves designed for everyday use with reliable quality, comfortable design and useful features. Suitable for sports needs."
P0163,Body Lotion,Beauty,GlowCare,20564.97,4.5,99,"GlowCare Body Lotion designed for everyday use with reliable quality, comfortable design and useful features. Suitable for beauty needs."
P0164,Storage Organizer,Home & Kitchen,FitMax,27226.68,3.4,2121,"FitMax Storage Organizer designed for everyday use with reliable quality, comfortable design and useful features. Suitable for home & kitchen needs."
P0165,Cricket Bat,Sports,HomeEase,45439.84,4.1,4812,"HomeEase Cricket Bat designed for everyday use with reliable quality, comfortable design and useful features. Suitable for sports needs."
P0166,Wallet,Accessories,HomeEase,30823.52,4.8,3010,"HomeEase Wallet designed for everyday use with reliable quality, comfortable design and useful features. Suitable for accessories needs."
P0167,Running Shoes,Fashion,Nova,1100.89,4.7,3536,"Nova Running Shoes designed for everyday use with reliable quality, comfortable design and useful features. Suitable for fashion needs."
P0168,Resistance Bands,Sports,ReadMore,34892.21,4.8,131,"ReadMore Resistance Bands designed for everyday use with reliable quality, comfortable design and useful features. Suitable for sports needs."
P0169,Running Shoes,Fashion,FitMax,18845.88,3.0,4151,"FitMax Running Shoes designed for everyday use with reliable quality, comfortable design and useful features. Suitable for fashion needs."
P0170,Face Wash,Beauty,HomeEase,45551.17,3.1,3481,"HomeEase Face Wash designed for everyday use with reliable quality, comfortable design and useful features. Suitable for beauty needs."
P0171,Casual Shirt,Fashion,HomeEase,41906.04,3.5,4026,"HomeEase Casual Shirt designed for everyday use with reliable quality, comfortable design and useful features. Suitable for fashion needs."
P0172,Sunglasses,Accessories,ReadMore,30472.14,3.6,1337,"ReadMore Sunglasses designed for everyday use with reliable quality, comfortable design and useful features. Suitable for accessories needs."
P0173,Smart Watch,Electronics,FitMax,39430.94,4.1,579,"FitMax Smart Watch designed for everyday use with reliable quality, comfortable design and useful features. Suitable for electronics needs."
P0174,Yoga Mat,Sports,UrbanX,46007.81,3.6,3286,"UrbanX Yoga Mat designed for everyday use with reliable quality, comfortable design and useful features. Suitable for sports needs."
P0175,Air Fryer,Home & Kitchen,TechPro,22719.45,3.3,4976,"TechPro Air Fryer designed for everyday use with reliable quality, comfortable design and useful features. Suitable for home & kitchen needs."
P0176,Storage Organizer,Home & Kitchen,HomeEase,8983.07,3.9,4810,"HomeEase Storage Organizer designed for everyday use with reliable quality, comfortable design and useful features. Suitable for home & kitchen needs."
P0177,Face Wash,Beauty,Nova,39067.69,3.4,2718,"Nova Face Wash designed for everyday use with reliable quality, comfortable design and useful features. Suitable for beauty needs."
P0178,Football,Sports,StyleHub,25854.65,4.9,3437,"StyleHub Football designed for everyday use with reliable quality, comfortable design and useful features. Suitable for sports needs."
P0179,Laptop Stand,Electronics,HomeEase,43058.47,4.0,4427,"HomeEase Laptop Stand designed for everyday use with reliable quality, comfortable design and useful features. Suitable for electronics needs."
P0180,Power Bank,Electronics,HomeEase,37547.03,3.3,727,"HomeEase Power Bank designed for everyday use with reliable quality, comfortable design and useful features. Suitable for electronics needs."
P0181,Self Help Book,Books,Nova,2019.17,3.8,3500,"Nova Self Help Book designed for everyday use with reliable quality, comfortable design and useful features. Suitable for books needs."
P0182,Air Fryer,Home & Kitchen,Nova,38820.28,3.8,4294,"Nova Air Fryer designed for everyday use with reliable quality, comfortable design and useful features. Suitable for home & kitchen needs."
P0183,Business Book,Books,Nova,20157.0,4.0,4931,"Nova Business Book designed for everyday use with reliable quality, comfortable design and useful features. Suitable for books needs."
P0184,Yoga Mat,Sports,ReadMore,43115.92,4.9,4900,"ReadMore Yoga Mat designed for everyday use with reliable quality, comfortable design and useful features. Suitable for sports needs."
P0185,Cotton T-Shirt,Fashion,TechPro,32270.18,3.7,59,"TechPro Cotton T-Shirt designed for everyday use with reliable quality, comfortable design and useful features. Suitable for fashion needs."
P0186,Football,Sports,GlowCare,33013.41,2.9,2811,"GlowCare Football designed for everyday use with reliable quality, comfortable design and useful features. Suitable for sports needs."
P0187,Storage Organizer,Home & Kitchen,GlowCare,1180.58,3.0,3315,"GlowCare Storage Organizer designed for everyday use with reliable quality, comfortable design and useful features. Suitable for home & kitchen needs."
P0188,Sunscreen,Beauty,TechPro,32705.76,3.3,2148,"TechPro Sunscreen designed for everyday use with reliable quality, comfortable design and useful features. Suitable for beauty needs."
P0189,Novel,Books,ReadMore,19978.74,4.3,827,"ReadMore Novel designed for everyday use with reliable quality, comfortable design and useful features. Suitable for books needs."
P0190,Cotton T-Shirt,Fashion,GlowCare,36847.05,4.7,3700,"GlowCare Cotton T-Shirt designed for everyday use with reliable quality, comfortable design and useful features. Suitable for fashion needs."
P0191,Sunscreen,Beauty,FitMax,32216.69,4.3,1925,"FitMax Sunscreen designed for everyday use with reliable quality, comfortable design and useful features. Suitable for beauty needs."
P0192,Travel Pouch,Accessories,FitMax,16925.12,4.6,4807,"FitMax Travel Pouch designed for everyday use with reliable quality, comfortable design and useful features. Suitable for accessories needs."
P0193,Phone Case,Accessories,FitMax,31281.62,3.7,3582,"FitMax Phone Case designed for everyday use with reliable quality, comfortable design and useful features. Suitable for accessories needs."
P0194,Business Book,Books,ReadMore,5888.05,4.0,2111,"ReadMore Business Book designed for everyday use with reliable quality, comfortable design and useful features. Suitable for books needs."
P0195,Programming Book,Books,UrbanX,1317.97,3.4,2604,"UrbanX Programming Book designed for everyday use with reliable quality, comfortable design and useful features. Suitable for books needs."
P0196,Sports Track Pants,Fashion,Nova,13041.81,3.1,2546,"Nova Sports Track Pants designed for everyday use with reliable quality, comfortable design and useful features. Suitable for fashion needs."
P0197,Football,Sports,UrbanX,45047.5,4.3,809,"UrbanX Football designed for everyday use with reliable quality, comfortable design and useful features. Suitable for sports needs."
P0198,Air Fryer,Home & Kitchen,ReadMore,6063.0,4.1,2086,"ReadMore Air Fryer designed for everyday use with reliable quality, comfortable design and useful features. Suitable for home & kitchen needs."
P0199,Power Bank,Electronics,Nova,24972.75,4.4,346,"Nova Power Bank designed for everyday use with reliable quality, comfortable design and useful features. Suitable for electronics needs."
P0200,Sunscreen,Beauty,Nova,13470.62,4.4,614,"Nova Sunscreen designed for everyday use with reliable quality, comfortable design and useful features. Suitable for beauty needs."
P0201,Gym Gloves,Sports,Nova,24813.84,4.1,3477,"Nova Gym Gloves designed for everyday use with reliable quality, comfortable design and useful features. Suitable for sports needs."
P0202,Sports Track Pants,Fashion,FitMax,38590.39,3.7,4230,"FitMax Sports Track Pants designed for everyday use with reliable quality, comfortable design and useful features. Suitable for fashion needs."
P0203,Cricket Bat,Sports,Nova,4322.37,4.1,4894,"Nova Cricket Bat designed for everyday use with reliable quality, comfortable design and useful features. Suitable for sports needs."
P0204,Body Lotion,Beauty,TechPro,14575.95,3.6,1141,"TechPro Body Lotion designed for everyday use with reliable quality, comfortable design and useful features. Suitable for beauty needs."
P0205,Storage Organizer,Home & Kitchen,HomeEase,23906.31,4.3,4858,"HomeEase Storage Organizer designed for everyday use with reliable quality, comfortable design and useful features. Suitable for home & kitchen needs."
P0206,Self Help Book,Books,ReadMore,10903.03,2.9,1767,"ReadMore Self Help Book designed for everyday use with reliable quality, comfortable design and useful features. Suitable for books needs."
P0207,Cricket Bat,Sports,Nova,24918.04,4.1,486,"Nova Cricket Bat designed for everyday use with reliable quality, comfortable design and useful features. Suitable for sports needs."
P0208,Smart Watch,Electronics,UrbanX,5507.59,3.0,1245,"UrbanX Smart Watch designed for everyday use with reliable quality, comfortable design and useful features. Suitable for electronics needs."
P0209,Sunscreen,Beauty,ReadMore,21853.4,3.3,4231,"ReadMore Sunscreen designed for everyday use with reliable quality, comfortable design and useful features. Suitable for beauty needs."
P0210,Sports Track Pants,Fashion,FitMax,34794.88,3.4,2327,"FitMax Sports Track Pants designed for everyday use with reliable quality, comfortable design and useful features. Suitable for fashion needs."
P0211,Hair Serum,Beauty,TechPro,45881.22,3.1,334,"TechPro Hair Serum designed for everyday use with reliable quality, comfortable design and useful features. Suitable for beauty needs."
P0212,Wireless Headphones,Electronics,GlowCare,4516.92,4.9,343,"GlowCare Wireless Headphones designed for everyday use with reliable quality, comfortable design and useful features. Suitable for electronics needs."
P0213,Travel Pouch,Accessories,Nova,33006.41,4.3,714,"Nova Travel Pouch designed for everyday use with reliable quality, comfortable design and useful features. Suitable for accessories needs."
P0214,Smart Watch,Electronics,Nova,32402.91,4.3,493,"Nova Smart Watch designed for everyday use with reliable quality, comfortable design and useful features. Suitable for electronics needs."
P0215,Moisturizer,Beauty,GlowCare,2398.44,4.1,405,"GlowCare Moisturizer designed for everyday use with reliable quality, comfortable design and useful features. Suitable for beauty needs."
P0216,Wallet,Accessories,StyleHub,23764.86,3.5,4435,"StyleHub Wallet designed for everyday use with reliable quality, comfortable design and useful features. Suitable for accessories needs."
P0217,Face Wash,Beauty,TechPro,46233.93,4.9,4827,"TechPro Face Wash designed for everyday use with reliable quality, comfortable design and useful features. Suitable for beauty needs."
P0218,Moisturizer,Beauty,GlowCare,43128.72,4.7,4502,"GlowCare Moisturizer designed for everyday use with reliable quality, comfortable design and useful features. Suitable for beauty needs."
P0219,Air Fryer,Home & Kitchen,GlowCare,2041.98,4.1,2672,"GlowCare Air Fryer designed for everyday use with reliable quality, comfortable design and useful features. Suitable for home & kitchen needs."
P0220,Gym Gloves,Sports,UrbanX,44271.92,4.0,4283,"UrbanX Gym Gloves designed for everyday use with reliable quality, comfortable design and useful features. Suitable for sports needs."
P0221,Phone Case,Accessories,GlowCare,15900.46,4.0,925,"GlowCare Phone Case designed for everyday use with reliable quality, comfortable design and useful features. Suitable for accessories needs."
P0222,Moisturizer,Beauty,Nova,44320.69,4.2,3526,"Nova Moisturizer designed for everyday use with reliable quality, comfortable design and useful features. Suitable for beauty needs."
P0223,Sunglasses,Accessories,UrbanX,49518.0,2.8,1809,"UrbanX Sunglasses designed for everyday use with reliable quality, comfortable design and useful features. Suitable for accessories needs."
P0224,Moisturizer,Beauty,ReadMore,46641.98,3.0,818,"ReadMore Moisturizer designed for everyday use with reliable quality, comfortable design and useful features. Suitable for beauty needs."
P0225,Gym Gloves,Sports,HomeEase,4608.46,2.9,4848,"HomeEase Gym Gloves designed for everyday use with reliable quality, comfortable design and useful features. Suitable for sports needs."
P0226,Laptop Stand,Electronics,GlowCare,20033.71,3.0,3435,"GlowCare Laptop Stand designed for everyday use with reliable quality, comfortable design and useful features. Suitable for electronics needs."
P0227,Gym Gloves,Sports,Nova,12090.1,3.0,1170,"Nova Gym Gloves designed for everyday use with reliable quality, comfortable design and useful features. Suitable for sports needs."
P0228,Data Science Guide,Books,FitMax,35833.56,4.1,436,"FitMax Data Science Guide designed for everyday use with reliable quality, comfortable design and useful features. Suitable for books needs."
P0229,Power Bank,Electronics,HomeEase,2445.01,3.0,968,"HomeEase Power Bank designed for everyday use with reliable quality, comfortable design and useful features. Suitable for electronics needs."
P0230,Cricket Bat,Sports,UrbanX,39938.87,3.4,4810,"UrbanX Cricket Bat designed for everyday use with reliable quality, comfortable design and useful features. Suitable for sports needs."
P0231,Sunglasses,Accessories,HomeEase,30746.89,3.2,4872,"HomeEase Sunglasses designed for everyday use with reliable quality, comfortable design and useful features. Suitable for accessories needs."
P0232,Non-Stick Pan,Home & Kitchen,StyleHub,32551.4,4.1,3569,"StyleHub Non-Stick Pan designed for everyday use with reliable quality, comfortable design and useful features. Suitable for home & kitchen needs."
P0233,Data Science Guide,Books,TechPro,8990.1,3.3,2805,"TechPro Data Science Guide designed for everyday use with reliable quality, comfortable design and useful features. Suitable for books needs."
P0234,Denim Jacket,Fashion,ReadMore,17635.24,2.9,731,"ReadMore Denim Jacket designed for everyday use with reliable quality, comfortable design and useful features. Suitable for fashion needs."
P0235,Wireless Headphones,Electronics,TechPro,29943.25,4.0,1919,"TechPro Wireless Headphones designed for everyday use with reliable quality, comfortable design and useful features. Suitable for electronics needs."
P0236,Denim Jacket,Fashion,UrbanX,24660.08,5.0,7,"UrbanX Denim Jacket designed for everyday use with reliable quality, comfortable design and useful features. Suitable for fashion needs."
P0237,Table Lamp,Home & Kitchen,ReadMore,37443.01,2.9,4680,"ReadMore Table Lamp designed for everyday use with reliable quality, comfortable design and useful features. Suitable for home & kitchen needs."
P0238,Self Help Book,Books,UrbanX,22979.12,3.7,2687,"UrbanX Self Help Book designed for everyday use with reliable quality, comfortable design and useful features. Suitable for books needs."
P0239,Gym Gloves,Sports,Nova,2408.96,4.7,4270,"Nova Gym Gloves designed for everyday use with reliable quality, comfortable design and useful features. Suitable for sports needs."
P0240,Wireless Headphones,Electronics,StyleHub,36812.59,3.4,979,"StyleHub Wireless Headphones designed for everyday use with reliable quality, comfortable design and useful features. Suitable for electronics needs."
P0241,Novel,Books,StyleHub,2628.42,4.0,41,"StyleHub Novel designed for everyday use with reliable quality, comfortable design and useful features. Suitable for books needs."
P0242,Gym Gloves,Sports,FitMax,3990.32,4.7,3116,"FitMax Gym Gloves designed for everyday use with reliable quality, comfortable design and useful features. Suitable for sports needs."
P0243,Body Lotion,Beauty,TechPro,41268.11,3.6,3935,"TechPro Body Lotion designed for everyday use with reliable quality, comfortable design and useful features. Suitable for beauty needs."
P0244,Body Lotion,Beauty,Nova,43954.77,4.6,3244,"Nova Body Lotion designed for everyday use with reliable quality, comfortable design and useful features. Suitable for beauty needs."
P0245,Yoga Mat,Sports,TechPro,43390.25,4.4,367,"TechPro Yoga Mat designed for everyday use with reliable quality, comfortable design and useful features. Suitable for sports needs."
P0246,Face Wash,Beauty,StyleHub,34070.01,4.2,2474,"StyleHub Face Wash designed for everyday use with reliable quality, comfortable design and useful features. Suitable for beauty needs."
P0247,Gym Gloves,Sports,TechPro,48072.5,3.8,4526,"TechPro Gym Gloves designed for everyday use with reliable quality, comfortable design and useful features. Suitable for sports needs."
P0248,Denim Jacket,Fashion,StyleHub,37225.71,3.2,2408,"StyleHub Denim Jacket designed for everyday use with reliable quality, comfortable design and useful features. Suitable for fashion needs."
P0249,Sports Track Pants,Fashion,StyleHub,13081.68,3.2,3122,"StyleHub Sports Track Pants designed for everyday use with reliable quality, comfortable design and useful features. Suitable for fashion needs."
P0250,Coffee Maker,Home & Kitchen,Nova,31663.31,3.4,4800,"Nova Coffee Maker designed for everyday use with reliable quality, comfortable design and useful features. Suitable for home & kitchen needs."
P0251,Sunscreen,Beauty,ReadMore,5526.64,4.5,4686,"ReadMore Sunscreen designed for everyday use with reliable quality, comfortable design and useful features. Suitable for beauty needs."
P0252,Smart Watch,Electronics,GlowCare,19728.13,3.2,2089,"GlowCare Smart Watch designed for everyday use with reliable quality, comfortable design and useful features. Suitable for electronics needs."
P0253,Hair Serum,Beauty,FitMax,34455.71,2.9,4831,"FitMax Hair Serum designed for everyday use with reliable quality, comfortable design and useful features. Suitable for beauty needs."
P0254,Laptop Stand,Electronics,HomeEase,35485.89,3.8,26,"HomeEase Laptop Stand designed for everyday use with reliable quality, comfortable design and useful features. Suitable for electronics needs."
P0255,Denim Jacket,Fashion,UrbanX,43601.53,4.9,289,"UrbanX Denim Jacket designed for everyday use with reliable quality, comfortable design and useful features. Suitable for fashion needs."
P0256,Resistance Bands,Sports,TechPro,6677.29,4.5,33,"TechPro Resistance Bands designed for everyday use with reliable quality, comfortable design and useful features. Suitable for sports needs."
P0257,Coffee Maker,Home & Kitchen,HomeEase,18716.31,4.6,2511,"HomeEase Coffee Maker designed for everyday use with reliable quality, comfortable design and useful features. Suitable for home & kitchen needs."
P0258,Cotton T-Shirt,Fashion,UrbanX,13825.61,5.0,43,"UrbanX Cotton T-Shirt designed for everyday use with reliable quality, comfortable design and useful features. Suitable for fashion needs."
P0259,Travel Pouch,Accessories,StyleHub,15058.05,4.6,3160,"StyleHub Travel Pouch designed for everyday use with reliable quality, comfortable design and useful features. Suitable for accessories needs."
P0260,Novel,Books,TechPro,43428.11,4.9,3516,"TechPro Novel designed for everyday use with reliable quality, comfortable design and useful features. Suitable for books needs."
P0261,Gym Gloves,Sports,StyleHub,45493.32,4.7,4184,"StyleHub Gym Gloves designed for everyday use with reliable quality, comfortable design and useful features. Suitable for sports needs."
P0262,Novel,Books,Nova,22225.48,3.5,4670,"Nova Novel designed for everyday use with reliable quality, comfortable design and useful features. Suitable for books needs."
P0263,Football,Sports,StyleHub,10176.89,4.7,796,"StyleHub Football designed for everyday use with reliable quality, comfortable design and useful features. Suitable for sports needs."
P0264,Football,Sports,GlowCare,23681.32,4.0,989,"GlowCare Football designed for everyday use with reliable quality, comfortable design and useful features. Suitable for sports needs."
P0265,Power Bank,Electronics,StyleHub,7851.17,3.8,3638,"StyleHub Power Bank designed for everyday use with reliable quality, comfortable design and useful features. Suitable for electronics needs."
P0266,Cricket Bat,Sports,StyleHub,6734.99,2.9,3904,"StyleHub Cricket Bat designed for everyday use with reliable quality, comfortable design and useful features. Suitable for sports needs."
P0267,Denim Jacket,Fashion,FitMax,39866.56,3.9,2258,"FitMax Denim Jacket designed for everyday use with reliable quality, comfortable design and useful features. Suitable for fashion needs."
P0268,Backpack,Accessories,HomeEase,34340.15,3.7,1021,"HomeEase Backpack designed for everyday use with reliable quality, comfortable design and useful features. Suitable for accessories needs."
P0269,Gym Gloves,Sports,StyleHub,29594.14,3.8,3793,"StyleHub Gym Gloves designed for everyday use with reliable quality, comfortable design and useful features. Suitable for sports needs."
P0270,Power Bank,Electronics,UrbanX,34085.74,3.7,3571,"UrbanX Power Bank designed for everyday use with reliable quality, comfortable design and useful features. Suitable for electronics needs."
P0271,Sunglasses,Accessories,StyleHub,37900.55,4.9,3501,"StyleHub Sunglasses designed for everyday use with reliable quality, comfortable design and useful features. Suitable for accessories needs."
P0272,Storage Organizer,Home & Kitchen,ReadMore,7465.92,3.0,3122,"ReadMore Storage Organizer designed for everyday use with reliable quality, comfortable design and useful features. Suitable for home & kitchen needs."
P0273,Phone Case,Accessories,FitMax,17430.63,4.5,4342,"FitMax Phone Case designed for everyday use with reliable quality, comfortable design and useful features. Suitable for accessories needs."
P0274,Yoga Mat,Sports,UrbanX,26804.26,4.7,1954,"UrbanX Yoga Mat designed for everyday use with reliable quality, comfortable design and useful features. Suitable for sports needs."
P0275,Power Bank,Electronics,FitMax,18017.51,3.5,94,"FitMax Power Bank designed for everyday use with reliable quality, comfortable design and useful features. Suitable for electronics needs."
P0276,Data Science Guide,Books,UrbanX,41106.75,2.9,432,"UrbanX Data Science Guide designed for everyday use with reliable quality, comfortable design and useful features. Suitable for books needs."
P0277,Bluetooth Speaker,Electronics,StyleHub,35381.49,2.9,3149,"StyleHub Bluetooth Speaker designed for everyday use with reliable quality, comfortable design and useful features. Suitable for electronics needs."
P0278,Backpack,Accessories,UrbanX,46772.05,4.9,3394,"UrbanX Backpack designed for everyday use with reliable quality, comfortable design and useful features. Suitable for accessories needs."
P0279,Cricket Bat,Sports,GlowCare,4188.72,4.8,904,"GlowCare Cricket Bat designed for everyday use with reliable quality, comfortable design and useful features. Suitable for sports needs."
P0280,Data Science Guide,Books,HomeEase,22724.45,4.2,4909,"HomeEase Data Science Guide designed for everyday use with reliable quality, comfortable design and useful features. Suitable for books needs."
P0281,Football,Sports,HomeEase,4264.17,2.9,2139,"HomeEase Football designed for everyday use with reliable quality, comfortable design and useful features. Suitable for sports needs."
P0282,Gym Gloves,Sports,Nova,43613.82,3.3,3643,"Nova Gym Gloves designed for everyday use with reliable quality, comfortable design and useful features. Suitable for sports needs."
P0283,Business Book,Books,StyleHub,9268.47,4.5,4795,"StyleHub Business Book designed for everyday use with reliable quality, comfortable design and useful features. Suitable for books needs."
P0284,Non-Stick Pan,Home & Kitchen,UrbanX,1237.88,4.2,4649,"UrbanX Non-Stick Pan designed for everyday use with reliable quality, comfortable design and useful features. Suitable for home & kitchen needs."
P0285,Bluetooth Speaker,Electronics,TechPro,4259.02,3.7,4545,"TechPro Bluetooth Speaker designed for everyday use with reliable quality, comfortable design and useful features. Suitable for electronics needs."
P0286,Face Wash,Beauty,GlowCare,23237.62,4.7,163,"GlowCare Face Wash designed for everyday use with reliable quality, comfortable design and useful features. Suitable for beauty needs."
P0287,Sports Track Pants,Fashion,ReadMore,21388.57,3.6,1392,"ReadMore Sports Track Pants designed for everyday use with reliable quality, comfortable design and useful features. Suitable for fashion needs."
P0288,Business Book,Books,FitMax,2196.44,4.7,4708,"FitMax Business Book designed for everyday use with reliable quality, comfortable design and useful features. Suitable for books needs."
P0289,Laptop Stand,Electronics,UrbanX,36316.83,3.9,2630,"UrbanX Laptop Stand designed for everyday use with reliable quality, comfortable design and useful features. Suitable for electronics needs."
P0290,Wallet,Accessories,FitMax,21200.7,3.4,1399,"FitMax Wallet designed for everyday use with reliable quality, comfortable design and useful features. Suitable for accessories needs."
P0291,Sports Track Pants,Fashion,FitMax,19314.59,3.8,2963,"FitMax Sports Track Pants designed for everyday use with reliable quality, comfortable design and useful features. Suitable for fashion needs."
P0292,Bluetooth Speaker,Electronics,UrbanX,35847.08,4.8,3374,"UrbanX Bluetooth Speaker designed for everyday use with reliable quality, comfortable design and useful features. Suitable for electronics needs."
P0293,Football,Sports,GlowCare,20767.95,3.0,4653,"GlowCare Football designed for everyday use with reliable quality, comfortable design and useful features. Suitable for sports needs."
P0294,Business Book,Books,StyleHub,22375.2,3.9,3160,"StyleHub Business Book designed for everyday use with reliable quality, comfortable design and useful features. Suitable for books needs."
P0295,Running Shoes,Fashion,TechPro,15743.97,3.7,1257,"TechPro Running Shoes designed for everyday use with reliable quality, comfortable design and useful features. Suitable for fashion needs."
P0296,Face Wash,Beauty,ReadMore,30014.96,3.7,3379,"ReadMore Face Wash designed for everyday use with reliable quality, comfortable design and useful features. Suitable for beauty needs."
P0297,Sunglasses,Accessories,UrbanX,3859.14,3.2,1998,"UrbanX Sunglasses designed for everyday use with reliable quality, comfortable design and useful features. Suitable for accessories needs."
P0298,Moisturizer,Beauty,FitMax,41477.39,3.7,2365,"FitMax Moisturizer designed for everyday use with reliable quality, comfortable design and useful features. Suitable for beauty needs."
P0299,Business Book,Books,FitMax,2025.24,4.4,2217,"FitMax Business Book designed for everyday use with reliable quality, comfortable design and useful features. Suitable for books needs."
P0300,Wireless Headphones,Electronics,ReadMore,40321.37,4.1,1747,"ReadMore Wireless Headphones designed for everyday use with reliable quality, comfortable design and useful features. Suitable for electronics needs."
P0301,Business Book,Books,TechPro,5772.6,3.4,973,"TechPro Business Book designed for everyday use with reliable quality, comfortable design and useful features. Suitable for books needs."
P0302,Travel Pouch,Accessories,FitMax,2773.5,4.2,1063,"FitMax Travel Pouch designed for everyday use with reliable quality, comfortable design and useful features. Suitable for accessories needs."
P0303,Self Help Book,Books,StyleHub,4609.07,3.0,1234,"StyleHub Self Help Book designed for everyday use with reliable quality, comfortable design and useful features. Suitable for books needs."
P0304,Football,Sports,FitMax,49333.18,4.9,130,"FitMax Football designed for everyday use with reliable quality, comfortable design and useful features. Suitable for sports needs."
P0305,Running Shoes,Fashion,UrbanX,48659.27,4.1,3254,"UrbanX Running Shoes designed for everyday use with reliable quality, comfortable design and useful features. Suitable for fashion needs."
P0306,Phone Case,Accessories,HomeEase,7153.63,2.9,4408,"HomeEase Phone Case designed for everyday use with reliable quality, comfortable design and useful features. Suitable for accessories needs."
P0307,Cotton T-Shirt,Fashion,FitMax,33735.94,4.9,133,"FitMax Cotton T-Shirt designed for everyday use with reliable quality, comfortable design and useful features. Suitable for fashion needs."
P0308,Travel Pouch,Accessories,ReadMore,11880.15,4.9,1203,"ReadMore Travel Pouch designed for everyday use with reliable quality, comfortable design and useful features. Suitable for accessories needs."
P0309,Running Shoes,Fashion,GlowCare,48934.84,3.6,3490,"GlowCare Running Shoes designed for everyday use with reliable quality, comfortable design and useful features. Suitable for fashion needs."
P0310,Cotton T-Shirt,Fashion,Nova,41576.68,4.7,3957,"Nova Cotton T-Shirt designed for everyday use with reliable quality, comfortable design and useful features. Suitable for fashion needs."
P0311,Cricket Bat,Sports,ReadMore,39815.42,4.8,3077,"ReadMore Cricket Bat designed for everyday use with reliable quality, comfortable design and useful features. Suitable for sports needs."
P0312,Table Lamp,Home & Kitchen,ReadMore,32630.4,3.0,3296,"ReadMore Table Lamp designed for everyday use with reliable quality, comfortable design and useful features. Suitable for home & kitchen needs."
P0313,Cotton T-Shirt,Fashion,ReadMore,2599.96,4.9,4788,"ReadMore Cotton T-Shirt designed for everyday use with reliable quality, comfortable design and useful features. Suitable for fashion needs."
P0314,Face Wash,Beauty,StyleHub,28436.41,4.4,1352,"StyleHub Face Wash designed for everyday use with reliable quality, comfortable design and useful features. Suitable for beauty needs."
P0315,Sports Track Pants,Fashion,HomeEase,16485.25,4.3,3558,"HomeEase Sports Track Pants designed for everyday use with reliable quality, comfortable design and useful features. Suitable for fashion needs."
P0316,Sports Track Pants,Fashion,Nova,15995.35,4.7,3717,"Nova Sports Track Pants designed for everyday use with reliable quality, comfortable design and useful features. Suitable for fashion needs."
P0317,Programming Book,Books,StyleHub,16363.37,3.6,4811,"StyleHub Programming Book designed for everyday use with reliable quality, comfortable design and useful features. Suitable for books needs."
P0318,Travel Pouch,Accessories,TechPro,19549.19,3.8,4405,"TechPro Travel Pouch designed for everyday use with reliable quality, comfortable design and useful features. Suitable for accessories needs."
P0319,Bluetooth Speaker,Electronics,FitMax,929.42,4.1,3020,"FitMax Bluetooth Speaker designed for everyday use with reliable quality, comfortable design and useful features. Suitable for electronics needs."
P0320,Data Science Guide,Books,UrbanX,23281.0,3.6,3870,"UrbanX Data Science Guide designed for everyday use with reliable quality, comfortable design and useful features. Suitable for books needs."
P0321,Casual Shirt,Fashion,StyleHub,40724.56,3.0,4404,"StyleHub Casual Shirt designed for everyday use with reliable quality, comfortable design and useful features. Suitable for fashion needs."
P0322,Hair Serum,Beauty,FitMax,30472.67,4.5,2550,"FitMax Hair Serum designed for everyday use with reliable quality, comfortable design and useful features. Suitable for beauty needs."
P0323,Cricket Bat,Sports,TechPro,1106.98,3.2,1019,"TechPro Cricket Bat designed for everyday use with reliable quality, comfortable design and useful features. Suitable for sports needs."
P0324,Travel Pouch,Accessories,FitMax,47741.07,4.2,4151,"FitMax Travel Pouch designed for everyday use with reliable quality, comfortable design and useful features. Suitable for accessories needs."
P0325,Phone Case,Accessories,StyleHub,24062.32,3.2,968,"StyleHub Phone Case designed for everyday use with reliable quality, comfortable design and useful features. Suitable for accessories needs."
P0326,Hair Serum,Beauty,HomeEase,15502.04,4.6,110,"HomeEase Hair Serum designed for everyday use with reliable quality, comfortable design and useful features. Suitable for beauty needs."
P0327,Football,Sports,UrbanX,13775.68,3.7,3421,"UrbanX Football designed for everyday use with reliable quality, comfortable design and useful features. Suitable for sports needs."
P0328,Novel,Books,GlowCare,34118.67,3.2,3659,"GlowCare Novel designed for everyday use with reliable quality, comfortable design and useful features. Suitable for books needs."
P0329,Backpack,Accessories,UrbanX,9423.38,4.8,1480,"UrbanX Backpack designed for everyday use with reliable quality, comfortable design and useful features. Suitable for accessories needs."
P0330,Programming Book,Books,FitMax,2360.94,4.2,2943,"FitMax Programming Book designed for everyday use with reliable quality, comfortable design and useful features. Suitable for books needs."
P0331,Body Lotion,Beauty,HomeEase,29757.22,4.5,14,"HomeEase Body Lotion designed for everyday use with reliable quality, comfortable design and useful features. Suitable for beauty needs."
P0332,Running Shoes,Fashion,StyleHub,45312.38,4.5,1077,"StyleHub Running Shoes designed for everyday use with reliable quality, comfortable design and useful features. Suitable for fashion needs."
P0333,Denim Jacket,Fashion,StyleHub,15241.61,4.4,3688,"StyleHub Denim Jacket designed for everyday use with reliable quality, comfortable design and useful features. Suitable for fashion needs."
P0334,Football,Sports,Nova,4956.66,4.2,3045,"Nova Football designed for everyday use with reliable quality, comfortable design and useful features. Suitable for sports needs."
P0335,Wallet,Accessories,StyleHub,8566.11,4.4,1254,"StyleHub Wallet designed for everyday use with reliable quality, comfortable design and useful features. Suitable for accessories needs."
P0336,Power Bank,Electronics,Nova,9085.61,3.5,2471,"Nova Power Bank designed for everyday use with reliable quality, comfortable design and useful features. Suitable for electronics needs."
P0337,Cricket Bat,Sports,UrbanX,12991.82,4.2,445,"UrbanX Cricket Bat designed for everyday use with reliable quality, comfortable design and useful features. Suitable for sports needs."
P0338,Programming Book,Books,UrbanX,13871.1,4.1,3734,"UrbanX Programming Book designed for everyday use with reliable quality, comfortable design and useful features. Suitable for books needs."
P0339,Air Fryer,Home & Kitchen,HomeEase,22399.39,4.4,3356,"HomeEase Air Fryer designed for everyday use with reliable quality, comfortable design and useful features. Suitable for home & kitchen needs."
P0340,Cricket Bat,Sports,FitMax,36271.07,4.1,1195,"FitMax Cricket Bat designed for everyday use with reliable quality, comfortable design and useful features. Suitable for sports needs."
P0341,Hair Serum,Beauty,ReadMore,32334.43,4.1,77,"ReadMore Hair Serum designed for everyday use with reliable quality, comfortable design and useful features. Suitable for beauty needs."
P0342,Bluetooth Speaker,Electronics,HomeEase,17877.82,3.0,3718,"HomeEase Bluetooth Speaker designed for everyday use with reliable quality, comfortable design and useful features. Suitable for electronics needs."
P0343,Gym Gloves,Sports,FitMax,11837.86,4.0,1740,"FitMax Gym Gloves designed for everyday use with reliable quality, comfortable design and useful features. Suitable for sports needs."
P0344,Denim Jacket,Fashion,HomeEase,11694.29,3.8,346,"HomeEase Denim Jacket designed for everyday use with reliable quality, comfortable design and useful features. Suitable for fashion needs."
P0345,Data Science Guide,Books,GlowCare,19047.13,3.6,3879,"GlowCare Data Science Guide designed for everyday use with reliable quality, comfortable design and useful features. Suitable for books needs."
P0346,Casual Shirt,Fashion,ReadMore,29106.66,3.0,1873,"ReadMore Casual Shirt designed for everyday use with reliable quality, comfortable design and useful features. Suitable for fashion needs."
P0347,Face Wash,Beauty,GlowCare,26883.22,3.0,637,"GlowCare Face Wash designed for everyday use with reliable quality, comfortable design and useful features. Suitable for beauty needs."
P0348,Phone Case,Accessories,Nova,15181.48,5.0,2567,"Nova Phone Case designed for everyday use with reliable quality, comfortable design and useful features. Suitable for accessories needs."
P0349,Self Help Book,Books,GlowCare,20084.93,3.1,1545,"GlowCare Self Help Book designed for everyday use with reliable quality, comfortable design and useful features. Suitable for books needs."
P0350,Resistance Bands,Sports,Nova,42132.26,3.9,4042,"Nova Resistance Bands designed for everyday use with reliable quality, comfortable design and useful features. Suitable for sports needs."
P0351,Data Science Guide,Books,ReadMore,37811.47,3.1,2836,"ReadMore Data Science Guide designed for everyday use with reliable quality, comfortable design and useful features. Suitable for books needs."
P0352,Resistance Bands,Sports,UrbanX,3341.83,3.1,1606,"UrbanX Resistance Bands designed for everyday use with reliable quality, comfortable design and useful features. Suitable for sports needs."
P0353,Power Bank,Electronics,UrbanX,46859.5,4.0,4935,"UrbanX Power Bank designed for everyday use with reliable quality, comfortable design and useful features. Suitable for electronics needs."
P0354,Football,Sports,FitMax,43691.17,3.2,410,"FitMax Football designed for everyday use with reliable quality, comfortable design and useful features. Suitable for sports needs."
P0355,Non-Stick Pan,Home & Kitchen,StyleHub,19672.93,3.9,565,"StyleHub Non-Stick Pan designed for everyday use with reliable quality, comfortable design and useful features. Suitable for home & kitchen needs."
P0356,Cotton T-Shirt,Fashion,StyleHub,19154.04,4.7,138,"StyleHub Cotton T-Shirt designed for everyday use with reliable quality, comfortable design and useful features. Suitable for fashion needs."
P0357,Non-Stick Pan,Home & Kitchen,HomeEase,4228.78,3.7,4230,"HomeEase Non-Stick Pan designed for everyday use with reliable quality, comfortable design and useful features. Suitable for home & kitchen needs."
P0358,Air Fryer,Home & Kitchen,HomeEase,48784.39,4.2,1990,"HomeEase Air Fryer designed for everyday use with reliable quality, comfortable design and useful features. Suitable for home & kitchen needs."
P0359,Power Bank,Electronics,HomeEase,15822.64,4.1,1138,"HomeEase Power Bank designed for everyday use with reliable quality, comfortable design and useful features. Suitable for electronics needs."
P0360,Self Help Book,Books,FitMax,25226.79,3.7,1053,"FitMax Self Help Book designed for everyday use with reliable quality, comfortable design and useful features. Suitable for books needs."
P0361,Body Lotion,Beauty,UrbanX,3593.98,2.9,541,"UrbanX Body Lotion designed for everyday use with reliable quality, comfortable design and useful features. Suitable for beauty needs."
P0362,Phone Case,Accessories,StyleHub,27565.57,4.9,3684,"StyleHub Phone Case designed for everyday use with reliable quality, comfortable design and useful features. Suitable for accessories needs."
P0363,Gym Gloves,Sports,GlowCare,25404.86,3.8,2499,"GlowCare Gym Gloves designed for everyday use with reliable quality, comfortable design and useful features. Suitable for sports needs."
P0364,Self Help Book,Books,TechPro,31054.48,4.2,1958,"TechPro Self Help Book designed for everyday use with reliable quality, comfortable design and useful features. Suitable for books needs."
P0365,Running Shoes,Fashion,UrbanX,24332.16,4.5,1955,"UrbanX Running Shoes designed for everyday use with reliable quality, comfortable design and useful features. Suitable for fashion needs."
P0366,Backpack,Accessories,GlowCare,12110.17,3.1,1184,"GlowCare Backpack designed for everyday use with reliable quality, comfortable design and useful features. Suitable for accessories needs."
P0367,Novel,Books,GlowCare,34668.63,2.9,1643,"GlowCare Novel designed for everyday use with reliable quality, comfortable design and useful features. Suitable for books needs."
P0368,Power Bank,Electronics,GlowCare,11194.97,3.2,424,"GlowCare Power Bank designed for everyday use with reliable quality, comfortable design and useful features. Suitable for electronics needs."
P0369,Football,Sports,GlowCare,39645.26,3.7,772,"GlowCare Football designed for everyday use with reliable quality, comfortable design and useful features. Suitable for sports needs."
P0370,Sunscreen,Beauty,GlowCare,26369.13,3.9,1769,"GlowCare Sunscreen designed for everyday use with reliable quality, comfortable design and useful features. Suitable for beauty needs."
P0371,Body Lotion,Beauty,HomeEase,12578.3,3.1,2298,"HomeEase Body Lotion designed for everyday use with reliable quality, comfortable design and useful features. Suitable for beauty needs."
P0372,Self Help Book,Books,UrbanX,34111.55,3.2,905,"UrbanX Self Help Book designed for everyday use with reliable quality, comfortable design and useful features. Suitable for books needs."
P0373,Power Bank,Electronics,StyleHub,41747.31,4.2,2390,"StyleHub Power Bank designed for everyday use with reliable quality, comfortable design and useful features. Suitable for electronics needs."
P0374,Body Lotion,Beauty,ReadMore,24494.13,3.0,4800,"ReadMore Body Lotion designed for everyday use with reliable quality, comfortable design and useful features. Suitable for beauty needs."
P0375,Table Lamp,Home & Kitchen,FitMax,13446.76,3.1,2562,"FitMax Table Lamp designed for everyday use with reliable quality, comfortable design and useful features. Suitable for home & kitchen needs."
P0376,Football,Sports,FitMax,12324.2,4.2,3809,"FitMax Football designed for everyday use with reliable quality, comfortable design and useful features. Suitable for sports needs."
P0377,Gym Gloves,Sports,HomeEase,19740.21,4.9,2677,"HomeEase Gym Gloves designed for everyday use with reliable quality, comfortable design and useful features. Suitable for sports needs."
P0378,Wireless Headphones,Electronics,ReadMore,15906.26,4.3,576,"ReadMore Wireless Headphones designed for everyday use with reliable quality, comfortable design and useful features. Suitable for electronics needs."
P0379,Face Wash,Beauty,UrbanX,46528.88,3.4,2284,"UrbanX Face Wash designed for everyday use with reliable quality, comfortable design and useful features. Suitable for beauty needs."
P0380,Hair Serum,Beauty,TechPro,24872.51,3.6,2252,"TechPro Hair Serum designed for everyday use with reliable quality, comfortable design and useful features. Suitable for beauty needs."
P0381,Wireless Headphones,Electronics,FitMax,22639.86,4.7,2153,"FitMax Wireless Headphones designed for everyday use with reliable quality, comfortable design and useful features. Suitable for electronics needs."
P0382,Face Wash,Beauty,GlowCare,35871.9,3.0,412,"GlowCare Face Wash designed for everyday use with reliable quality, comfortable design and useful features. Suitable for beauty needs."
P0383,Coffee Maker,Home & Kitchen,StyleHub,25526.25,3.7,1955,"StyleHub Coffee Maker designed for everyday use with reliable quality, comfortable design and useful features. Suitable for home & kitchen needs."
P0384,Business Book,Books,TechPro,48542.35,4.9,2551,"TechPro Business Book designed for everyday use with reliable quality, comfortable design and useful features. Suitable for books needs."
P0385,Cricket Bat,Sports,TechPro,20723.12,4.0,2042,"TechPro Cricket Bat designed for everyday use with reliable quality, comfortable design and useful features. Suitable for sports needs."
P0386,Casual Shirt,Fashion,Nova,14912.15,4.5,2381,"Nova Casual Shirt designed for everyday use with reliable quality, comfortable design and useful features. Suitable for fashion needs."
P0387,Cotton T-Shirt,Fashion,TechPro,6244.04,4.2,1618,"TechPro Cotton T-Shirt designed for everyday use with reliable quality, comfortable design and useful features. Suitable for fashion needs."
P0388,Wireless Headphones,Electronics,Nova,26608.05,2.9,374,"Nova Wireless Headphones designed for everyday use with reliable quality, comfortable design and useful features. Suitable for electronics needs."
P0389,Sports Track Pants,Fashion,FitMax,14781.54,5.0,2426,"FitMax Sports Track Pants designed for everyday use with reliable quality, comfortable design and useful features. Suitable for fashion needs."
P0390,Body Lotion,Beauty,ReadMore,37453.04,4.6,527,"ReadMore Body Lotion designed for everyday use with reliable quality, comfortable design and useful features. Suitable for beauty needs."
P0391,Running Shoes,Fashion,ReadMore,30005.87,3.0,4588,"ReadMore Running Shoes designed for everyday use with reliable quality, comfortable design and useful features. Suitable for fashion needs."
P0392,Non-Stick Pan,Home & Kitchen,UrbanX,30723.39,4.9,2466,"UrbanX Non-Stick Pan designed for everyday use with reliable quality, comfortable design and useful features. Suitable for home & kitchen needs."
P0393,Gym Gloves,Sports,FitMax,10033.03,4.8,3993,"FitMax Gym Gloves designed for everyday use with reliable quality, comfortable design and useful features. Suitable for sports needs."
P0394,Air Fryer,Home & Kitchen,ReadMore,15981.74,4.7,4880,"ReadMore Air Fryer designed for everyday use with reliable quality, comfortable design and useful features. Suitable for home & kitchen needs."
P0395,Smart Watch,Electronics,StyleHub,37800.09,3.8,306,"StyleHub Smart Watch designed for everyday use with reliable quality, comfortable design and useful features. Suitable for electronics needs."
P0396,Business Book,Books,ReadMore,9034.95,4.0,4335,"ReadMore Business Book designed for everyday use with reliable quality, comfortable design and useful features. Suitable for books needs."
P0397,Laptop Stand,Electronics,StyleHub,36450.77,3.0,4313,"StyleHub Laptop Stand designed for everyday use with reliable quality, comfortable design and useful features. Suitable for electronics needs."
P0398,Phone Case,Accessories,TechPro,48262.46,3.9,4188,"TechPro Phone Case designed for everyday use with reliable quality, comfortable design and useful features. Suitable for accessories needs."
P0399,Gym Gloves,Sports,HomeEase,27202.41,4.1,2748,"HomeEase Gym Gloves designed for everyday use with reliable quality, comfortable design and useful features. Suitable for sports needs."
P0400,Storage Organizer,Home & Kitchen,GlowCare,34505.49,4.7,1309,"GlowCare Storage Organizer designed for everyday use with reliable quality, comfortable design and useful features. Suitable for home & kitchen needs."
P0401,Moisturizer,Beauty,UrbanX,663.71,3.3,1289,"UrbanX Moisturizer designed for everyday use with reliable quality, comfortable design and useful features. Suitable for beauty needs."
P0402,Coffee Maker,Home & Kitchen,FitMax,5138.07,3.7,4974,"FitMax Coffee Maker designed for everyday use with reliable quality, comfortable design and useful features. Suitable for home & kitchen needs."
P0403,Denim Jacket,Fashion,Nova,27842.23,4.4,927,"Nova Denim Jacket designed for everyday use with reliable quality, comfortable design and useful features. Suitable for fashion needs."
P0404,Running Shoes,Fashion,ReadMore,39231.83,4.0,2286,"ReadMore Running Shoes designed for everyday use with reliable quality, comfortable design and useful features. Suitable for fashion needs."
P0405,Cotton T-Shirt,Fashion,HomeEase,41666.49,2.8,3494,"HomeEase Cotton T-Shirt designed for everyday use with reliable quality, comfortable design and useful features. Suitable for fashion needs."
P0406,Face Wash,Beauty,FitMax,16480.19,3.1,3900,"FitMax Face Wash designed for everyday use with reliable quality, comfortable design and useful features. Suitable for beauty needs."
P0407,Table Lamp,Home & Kitchen,UrbanX,18540.81,3.8,1048,"UrbanX Table Lamp designed for everyday use with reliable quality, comfortable design and useful features. Suitable for home & kitchen needs."
P0408,Denim Jacket,Fashion,UrbanX,19696.98,3.7,2028,"UrbanX Denim Jacket designed for everyday use with reliable quality, comfortable design and useful features. Suitable for fashion needs."
P0409,Travel Pouch,Accessories,UrbanX,31054.55,3.6,1085,"UrbanX Travel Pouch designed for everyday use with reliable quality, comfortable design and useful features. Suitable for accessories needs."
P0410,Hair Serum,Beauty,Nova,29491.47,3.9,4626,"Nova Hair Serum designed for everyday use with reliable quality, comfortable design and useful features. Suitable for beauty needs."
P0411,Table Lamp,Home & Kitchen,ReadMore,11425.85,4.3,3964,"ReadMore Table Lamp designed for everyday use with reliable quality, comfortable design and useful features. Suitable for home & kitchen needs."
P0412,Data Science Guide,Books,HomeEase,40287.45,3.4,4160,"HomeEase Data Science Guide designed for everyday use with reliable quality, comfortable design and useful features. Suitable for books needs."
P0413,Coffee Maker,Home & Kitchen,GlowCare,4036.5,2.9,1137,"GlowCare Coffee Maker designed for everyday use with reliable quality, comfortable design and useful features. Suitable for home & kitchen needs."
P0414,Football,Sports,HomeEase,10649.13,4.6,2071,"HomeEase Football designed for everyday use with reliable quality, comfortable design and useful features. Suitable for sports needs."
P0415,Hair Serum,Beauty,HomeEase,16543.0,3.8,1174,"HomeEase Hair Serum designed for everyday use with reliable quality, comfortable design and useful features. Suitable for beauty needs."
P0416,Phone Case,Accessories,Nova,29990.62,4.4,1024,"Nova Phone Case designed for everyday use with reliable quality, comfortable design and useful features. Suitable for accessories needs."
P0417,Self Help Book,Books,Nova,21177.15,4.2,2015,"Nova Self Help Book designed for everyday use with reliable quality, comfortable design and useful features. Suitable for books needs."
P0418,Phone Case,Accessories,TechPro,37050.32,4.9,841,"TechPro Phone Case designed for everyday use with reliable quality, comfortable design and useful features. Suitable for accessories needs."
P0419,Laptop Stand,Electronics,StyleHub,48985.41,3.2,3701,"StyleHub Laptop Stand designed for everyday use with reliable quality, comfortable design and useful features. Suitable for electronics needs."
P0420,Self Help Book,Books,HomeEase,25999.32,3.5,3991,"HomeEase Self Help Book designed for everyday use with reliable quality, comfortable design and useful features. Suitable for books needs."
P0421,Denim Jacket,Fashion,HomeEase,11430.96,3.6,2008,"HomeEase Denim Jacket designed for everyday use with reliable quality, comfortable design and useful features. Suitable for fashion needs."
P0422,Power Bank,Electronics,UrbanX,46879.19,4.4,1630,"UrbanX Power Bank designed for everyday use with reliable quality, comfortable design and useful features. Suitable for electronics needs."
P0423,Football,Sports,TechPro,21954.16,4.4,1866,"TechPro Football designed for everyday use with reliable quality, comfortable design and useful features. Suitable for sports needs."
P0424,Laptop Stand,Electronics,FitMax,6939.63,4.5,4648,"FitMax Laptop Stand designed for everyday use with reliable quality, comfortable design and useful features. Suitable for electronics needs."
P0425,Hair Serum,Beauty,UrbanX,14251.92,3.4,167,"UrbanX Hair Serum designed for everyday use with reliable quality, comfortable design and useful features. Suitable for beauty needs."
P0426,Phone Case,Accessories,HomeEase,12626.4,3.4,3258,"HomeEase Phone Case designed for everyday use with reliable quality, comfortable design and useful features. Suitable for accessories needs."
P0427,Wallet,Accessories,Nova,38879.19,2.9,1724,"Nova Wallet designed for everyday use with reliable quality, comfortable design and useful features. Suitable for accessories needs."
P0428,Non-Stick Pan,Home & Kitchen,UrbanX,45339.59,3.1,694,"UrbanX Non-Stick Pan designed for everyday use with reliable quality, comfortable design and useful features. Suitable for home & kitchen needs."
P0429,Bluetooth Speaker,Electronics,GlowCare,4502.95,3.3,676,"GlowCare Bluetooth Speaker designed for everyday use with reliable quality, comfortable design and useful features. Suitable for electronics needs."
P0430,Non-Stick Pan,Home & Kitchen,ReadMore,28095.38,4.9,1454,"ReadMore Non-Stick Pan designed for everyday use with reliable quality, comfortable design and useful features. Suitable for home & kitchen needs."
P0431,Casual Shirt,Fashion,ReadMore,13154.86,4.4,2366,"ReadMore Casual Shirt designed for everyday use with reliable quality, comfortable design and useful features. Suitable for fashion needs."
P0432,Moisturizer,Beauty,StyleHub,32776.9,3.2,2357,"StyleHub Moisturizer designed for everyday use with reliable quality, comfortable design and useful features. Suitable for beauty needs."
P0433,Storage Organizer,Home & Kitchen,Nova,47361.39,4.9,429,"Nova Storage Organizer designed for everyday use with reliable quality, comfortable design and useful features. Suitable for home & kitchen needs."
P0434,Smart Watch,Electronics,StyleHub,11419.78,3.4,602,"StyleHub Smart Watch designed for everyday use with reliable quality, comfortable design and useful features. Suitable for electronics needs."
P0435,Backpack,Accessories,Nova,49028.74,3.3,2095,"Nova Backpack designed for everyday use with reliable quality, comfortable design and useful features. Suitable for accessories needs."
P0436,Wireless Headphones,Electronics,Nova,30721.43,3.3,2662,"Nova Wireless Headphones designed for everyday use with reliable quality, comfortable design and useful features. Suitable for electronics needs."
P0437,Smart Watch,Electronics,StyleHub,7218.79,4.3,3142,"StyleHub Smart Watch designed for everyday use with reliable quality, comfortable design and useful features. Suitable for electronics needs."
P0438,Cotton T-Shirt,Fashion,ReadMore,20704.92,4.2,3162,"ReadMore Cotton T-Shirt designed for everyday use with reliable quality, comfortable design and useful features. Suitable for fashion needs."
P0439,Resistance Bands,Sports,TechPro,23069.15,2.9,1859,"TechPro Resistance Bands designed for everyday use with reliable quality, comfortable design and useful features. Suitable for sports needs."
P0440,Power Bank,Electronics,FitMax,27332.42,4.5,4984,"FitMax Power Bank designed for everyday use with reliable quality, comfortable design and useful features. Suitable for electronics needs."
P0441,Self Help Book,Books,GlowCare,44002.18,4.7,3053,"GlowCare Self Help Book designed for everyday use with reliable quality, comfortable design and useful features. Suitable for books needs."
P0442,Casual Shirt,Fashion,UrbanX,27986.44,4.0,3975,"UrbanX Casual Shirt designed for everyday use with reliable quality, comfortable design and useful features. Suitable for fashion needs."
P0443,Yoga Mat,Sports,UrbanX,24990.06,3.0,1819,"UrbanX Yoga Mat designed for everyday use with reliable quality, comfortable design and useful features. Suitable for sports needs."
P0444,Bluetooth Speaker,Electronics,UrbanX,4850.72,3.8,4879,"UrbanX Bluetooth Speaker designed for everyday use with reliable quality, comfortable design and useful features. Suitable for electronics needs."
P0445,Football,Sports,ReadMore,14498.47,4.5,2216,"ReadMore Football designed for everyday use with reliable quality, comfortable design and useful features. Suitable for sports needs."
P0446,Body Lotion,Beauty,ReadMore,39935.13,3.7,2290,"ReadMore Body Lotion designed for everyday use with reliable quality, comfortable design and useful features. Suitable for beauty needs."
P0447,Cotton T-Shirt,Fashion,FitMax,34854.78,4.5,2827,"FitMax Cotton T-Shirt designed for everyday use with reliable quality, comfortable design and useful features. Suitable for fashion needs."
P0448,Table Lamp,Home & Kitchen,TechPro,44878.88,3.2,2981,"TechPro Table Lamp designed for everyday use with reliable quality, comfortable design and useful features. Suitable for home & kitchen needs."
P0449,Yoga Mat,Sports,GlowCare,9373.4,4.8,692,"GlowCare Yoga Mat designed for everyday use with reliable quality, comfortable design and useful features. Suitable for sports needs."
P0450,Table Lamp,Home & Kitchen,FitMax,39968.94,4.9,2596,"FitMax Table Lamp designed for everyday use with reliable quality, comfortable design and useful features. Suitable for home & kitchen needs."
P0451,Laptop Stand,Electronics,TechPro,25358.3,4.9,579,"TechPro Laptop Stand designed for everyday use with reliable quality, comfortable design and useful features. Suitable for electronics needs."
P0452,Body Lotion,Beauty,StyleHub,36313.24,3.5,928,"StyleHub Body Lotion designed for everyday use with reliable quality, comfortable design and useful features. Suitable for beauty needs."
P0453,Data Science Guide,Books,GlowCare,32874.47,3.1,1565,"GlowCare Data Science Guide designed for everyday use with reliable quality, comfortable design and useful features. Suitable for books needs."
P0454,Coffee Maker,Home & Kitchen,FitMax,36022.81,4.8,3074,"FitMax Coffee Maker designed for everyday use with reliable quality, comfortable design and useful features. Suitable for home & kitchen needs."
P0455,Sunscreen,Beauty,StyleHub,16973.66,3.5,3562,"StyleHub Sunscreen designed for everyday use with reliable quality, comfortable design and useful features. Suitable for beauty needs."
P0456,Denim Jacket,Fashion,FitMax,15853.64,3.8,2995,"FitMax Denim Jacket designed for everyday use with reliable quality, comfortable design and useful features. Suitable for fashion needs."
P0457,Resistance Bands,Sports,Nova,18017.35,3.9,1159,"Nova Resistance Bands designed for everyday use with reliable quality, comfortable design and useful features. Suitable for sports needs."
P0458,Resistance Bands,Sports,HomeEase,8852.33,4.4,3836,"HomeEase Resistance Bands designed for everyday use with reliable quality, comfortable design and useful features. Suitable for sports needs."
P0459,Running Shoes,Fashion,StyleHub,21120.91,4.8,4438,"StyleHub Running Shoes designed for everyday use with reliable quality, comfortable design and useful features. Suitable for fashion needs."
P0460,Denim Jacket,Fashion,Nova,21887.17,4.1,1679,"Nova Denim Jacket designed for everyday use with reliable quality, comfortable design and useful features. Suitable for fashion needs."
P0461,Novel,Books,TechPro,1748.56,4.4,1094,"TechPro Novel designed for everyday use with reliable quality, comfortable design and useful features. Suitable for books needs."
P0462,Non-Stick Pan,Home & Kitchen,GlowCare,8908.1,4.7,4224,"GlowCare Non-Stick Pan designed for everyday use with reliable quality, comfortable design and useful features. Suitable for home & kitchen needs."
P0463,Bluetooth Speaker,Electronics,FitMax,43345.05,3.3,4633,"FitMax Bluetooth Speaker designed for everyday use with reliable quality, comfortable design and useful features. Suitable for electronics needs."
P0464,Coffee Maker,Home & Kitchen,StyleHub,20532.66,4.5,464,"StyleHub Coffee Maker designed for everyday use with reliable quality, comfortable design and useful features. Suitable for home & kitchen needs."
P0465,Wireless Headphones,Electronics,TechPro,3141.88,4.8,1143,"TechPro Wireless Headphones designed for everyday use with reliable quality, comfortable design and useful features. Suitable for electronics needs."
P0466,Bluetooth Speaker,Electronics,TechPro,28108.94,3.0,2602,"TechPro Bluetooth Speaker designed for everyday use with reliable quality, comfortable design and useful features. Suitable for electronics needs."
P0467,Business Book,Books,StyleHub,27422.08,3.6,3922,"StyleHub Business Book designed for everyday use with reliable quality, comfortable design and useful features. Suitable for books needs."
P0468,Non-Stick Pan,Home & Kitchen,Nova,2291.83,4.4,4254,"Nova Non-Stick Pan designed for everyday use with reliable quality, comfortable design and useful features. Suitable for home & kitchen needs."
P0469,Programming Book,Books,TechPro,48643.26,4.6,2336,"TechPro Programming Book designed for everyday use with reliable quality, comfortable design and useful features. Suitable for books needs."
P0470,Gym Gloves,Sports,GlowCare,31141.96,4.0,4733,"GlowCare Gym Gloves designed for everyday use with reliable quality, comfortable design and useful features. Suitable for sports needs."
P0471,Cricket Bat,Sports,GlowCare,22601.14,3.3,1465,"GlowCare Cricket Bat designed for everyday use with reliable quality, comfortable design and useful features. Suitable for sports needs."
P0472,Hair Serum,Beauty,ReadMore,13312.13,2.9,3452,"ReadMore Hair Serum designed for everyday use with reliable quality, comfortable design and useful features. Suitable for beauty needs."
P0473,Yoga Mat,Sports,HomeEase,29997.2,3.5,2386,"HomeEase Yoga Mat designed for everyday use with reliable quality, comfortable design and useful features. Suitable for sports needs."
P0474,Programming Book,Books,FitMax,3410.67,4.7,4013,"FitMax Programming Book designed for everyday use with reliable quality, comfortable design and useful features. Suitable for books needs."
P0475,Travel Pouch,Accessories,HomeEase,39769.0,2.9,783,"HomeEase Travel Pouch designed for everyday use with reliable quality, comfortable design and useful features. Suitable for accessories needs."
P0476,Data Science Guide,Books,StyleHub,26167.0,2.9,1304,"StyleHub Data Science Guide designed for everyday use with reliable quality, comfortable design and useful features. Suitable for books needs."
P0477,Sunscreen,Beauty,FitMax,5922.66,3.0,3521,"FitMax Sunscreen designed for everyday use with reliable quality, comfortable design and useful features. Suitable for beauty needs."
P0478,Laptop Stand,Electronics,TechPro,41497.48,4.7,3141,"TechPro Laptop Stand designed for everyday use with reliable quality, comfortable design and useful features. Suitable for electronics needs."
P0479,Hair Serum,Beauty,HomeEase,21841.88,4.5,1901,"HomeEase Hair Serum designed for everyday use with reliable quality, comfortable design and useful features. Suitable for beauty needs."
P0480,Air Fryer,Home & Kitchen,FitMax,22279.32,4.1,1578,"FitMax Air Fryer designed for everyday use with reliable quality, comfortable design and useful features. Suitable for home & kitchen needs."
P0481,Yoga Mat,Sports,StyleHub,32051.36,4.3,2400,"StyleHub Yoga Mat designed for everyday use with reliable quality, comfortable design and useful features. Suitable for sports needs."
P0482,Resistance Bands,Sports,HomeEase,39379.17,4.9,198,"HomeEase Resistance Bands designed for everyday use with reliable quality, comfortable design and useful features. Suitable for sports needs."
P0483,Denim Jacket,Fashion,GlowCare,49194.25,3.4,4010,"GlowCare Denim Jacket designed for everyday use with reliable quality, comfortable design and useful features. Suitable for fashion needs."
P0484,Programming Book,Books,UrbanX,18219.28,3.8,734,"UrbanX Programming Book designed for everyday use with reliable quality, comfortable design and useful features. Suitable for books needs."
P0485,Storage Organizer,Home & Kitchen,FitMax,23587.16,3.8,1649,"FitMax Storage Organizer designed for everyday use with reliable quality, comfortable design and useful features. Suitable for home & kitchen needs."
P0486,Bluetooth Speaker,Electronics,ReadMore,23592.24,3.8,4801,"ReadMore Bluetooth Speaker designed for everyday use with reliable quality, comfortable design and useful features. Suitable for electronics needs."
P0487,Programming Book,Books,HomeEase,2663.94,4.6,4504,"HomeEase Programming Book designed for everyday use with reliable quality, comfortable design and useful features. Suitable for books needs."
P0488,Yoga Mat,Sports,UrbanX,23249.03,3.8,708,"UrbanX Yoga Mat designed for everyday use with reliable quality, comfortable design and useful features. Suitable for sports needs."
P0489,Data Science Guide,Books,TechPro,2409.51,3.4,4917,"TechPro Data Science Guide designed for everyday use with reliable quality, comfortable design and useful features. Suitable for books needs."
P0490,Wireless Headphones,Electronics,ReadMore,26672.65,4.7,187,"ReadMore Wireless Headphones designed for everyday use with reliable quality, comfortable design and useful features. Suitable for electronics needs."
P0491,Power Bank,Electronics,ReadMore,35171.49,5.0,1361,"ReadMore Power Bank designed for everyday use with reliable quality, comfortable design and useful features. Suitable for electronics needs."
P0492,Travel Pouch,Accessories,Nova,19614.64,4.4,4684,"Nova Travel Pouch designed for everyday use with reliable quality, comfortable design and useful features. Suitable for accessories needs."
P0493,Body Lotion,Beauty,StyleHub,30472.68,3.5,3377,"StyleHub Body Lotion designed for everyday use with reliable quality, comfortable design and useful features. Suitable for beauty needs."
P0494,Casual Shirt,Fashion,UrbanX,36124.39,4.7,178,"UrbanX Casual Shirt designed for everyday use with reliable quality, comfortable design and useful features. Suitable for fashion needs."
P0495,Travel Pouch,Accessories,GlowCare,3163.33,4.1,4038,"GlowCare Travel Pouch designed for everyday use with reliable quality, comfortable design and useful features. Suitable for accessories needs."
P0496,Yoga Mat,Sports,GlowCare,33199.69,3.0,1779,"GlowCare Yoga Mat designed for everyday use with reliable quality, comfortable design and useful features. Suitable for sports needs."
P0497,Resistance Bands,Sports,Nova,3735.18,3.0,2707,"Nova Resistance Bands designed for everyday use with reliable quality, comfortable design and useful features. Suitable for sports needs."
P0498,Smart Watch,Electronics,GlowCare,32374.59,4.2,1847,"GlowCare Smart Watch designed for everyday use with reliable quality, comfortable design and useful features. Suitable for electronics needs."
P0499,Table Lamp,Home & Kitchen,UrbanX,25206.25,3.1,775,"UrbanX Table Lamp designed for everyday use with reliable quality, comfortable design and useful features. Suitable for home & kitchen needs."
P0500,Cricket Bat,Sports,StyleHub,45141.17,2.9,3426,"StyleHub Cricket Bat designed for everyday use with reliable quality, comfortable design and useful features. Suitable for sports needs."
P0501,Running Shoes,Fashion,Nova,21216.31,3.4,1861,"Nova Running Shoes designed for everyday use with reliable quality, comfortable design and useful features. Suitable for fashion needs."
P0502,Travel Pouch,Accessories,GlowCare,2377.21,3.1,4149,"GlowCare Travel Pouch designed for everyday use with reliable quality, comfortable design and useful features. Suitable for accessories needs."
P0503,Backpack,Accessories,GlowCare,40871.82,2.9,2329,"GlowCare Backpack designed for everyday use with reliable quality, comfortable design and useful features. Suitable for accessories needs."
P0504,Novel,Books,UrbanX,20313.11,3.0,2125,"UrbanX Novel designed for everyday use with reliable quality, comfortable design and useful features. Suitable for books needs."
P0505,Moisturizer,Beauty,HomeEase,22430.69,4.6,1479,"HomeEase Moisturizer designed for everyday use with reliable quality, comfortable design and useful features. Suitable for beauty needs."
P0506,Non-Stick Pan,Home & Kitchen,FitMax,45847.43,3.7,364,"FitMax Non-Stick Pan designed for everyday use with reliable quality, comfortable design and useful features. Suitable for home & kitchen needs."
P0507,Air Fryer,Home & Kitchen,TechPro,30132.49,4.4,4005,"TechPro Air Fryer designed for everyday use with reliable quality, comfortable design and useful features. Suitable for home & kitchen needs."
P0508,Wallet,Accessories,ReadMore,8447.29,4.2,1596,"ReadMore Wallet designed for everyday use with reliable quality, comfortable design and useful features. Suitable for accessories needs."
P0509,Wireless Headphones,Electronics,GlowCare,7891.1,2.9,918,"GlowCare Wireless Headphones designed for everyday use with reliable quality, comfortable design and useful features. Suitable for electronics needs."
P0510,Cricket Bat,Sports,TechPro,19415.55,4.5,4917,"TechPro Cricket Bat designed for everyday use with reliable quality, comfortable design and useful features. Suitable for sports needs."
P0511,Power Bank,Electronics,ReadMore,18355.77,3.3,3280,"ReadMore Power Bank designed for everyday use with reliable quality, comfortable design and useful features. Suitable for electronics needs."
P0512,Programming Book,Books,GlowCare,34475.06,3.1,1404,"GlowCare Programming Book designed for everyday use with reliable quality, comfortable design and useful features. Suitable for books needs."
P0513,Storage Organizer,Home & Kitchen,TechPro,6961.29,3.0,4463,"TechPro Storage Organizer designed for everyday use with reliable quality, comfortable design and useful features. Suitable for home & kitchen needs."
P0514,Air Fryer,Home & Kitchen,TechPro,1361.93,4.5,915,"TechPro Air Fryer designed for everyday use with reliable quality, comfortable design and useful features. Suitable for home & kitchen needs."
P0515,Moisturizer,Beauty,StyleHub,41805.92,3.6,128,"StyleHub Moisturizer designed for everyday use with reliable quality, comfortable design and useful features. Suitable for beauty needs."
P0516,Sunscreen,Beauty,GlowCare,22316.56,5.0,2421,"GlowCare Sunscreen designed for everyday use with reliable quality, comfortable design and useful features. Suitable for beauty needs."
P0517,Body Lotion,Beauty,TechPro,48063.55,3.7,2161,"TechPro Body Lotion designed for everyday use with reliable quality, comfortable design and useful features. Suitable for beauty needs."
P0518,Business Book,Books,StyleHub,7875.42,4.0,2726,"StyleHub Business Book designed for everyday use with reliable quality, comfortable design and useful features. Suitable for books needs."
P0519,Body Lotion,Beauty,TechPro,41958.75,3.6,1382,"TechPro Body Lotion designed for everyday use with reliable quality, comfortable design and useful features. Suitable for beauty needs."
P0520,Sunscreen,Beauty,UrbanX,3069.85,3.6,1561,"UrbanX Sunscreen designed for everyday use with reliable quality, comfortable design and useful features. Suitable for beauty needs."
P0521,Cricket Bat,Sports,GlowCare,27331.42,3.2,1308,"GlowCare Cricket Bat designed for everyday use with reliable quality, comfortable design and useful features. Suitable for sports needs."
P0522,Sunscreen,Beauty,StyleHub,31385.47,3.9,3175,"StyleHub Sunscreen designed for everyday use with reliable quality, comfortable design and useful features. Suitable for beauty needs."
P0523,Football,Sports,ReadMore,16424.99,4.5,2839,"ReadMore Football designed for everyday use with reliable quality, comfortable design and useful features. Suitable for sports needs."
P0524,Body Lotion,Beauty,ReadMore,2164.08,3.8,2216,"ReadMore Body Lotion designed for everyday use with reliable quality, comfortable design and useful features. Suitable for beauty needs."
P0525,Novel,Books,GlowCare,48207.64,4.8,271,"GlowCare Novel designed for everyday use with reliable quality, comfortable design and useful features. Suitable for books needs."
P0526,Self Help Book,Books,GlowCare,43523.46,3.1,1515,"GlowCare Self Help Book designed for everyday use with reliable quality, comfortable design and useful features. Suitable for books needs."
P0527,Gym Gloves,Sports,Nova,34100.64,3.8,887,"Nova Gym Gloves designed for everyday use with reliable quality, comfortable design and useful features. Suitable for sports needs."
P0528,Air Fryer,Home & Kitchen,ReadMore,4863.89,4.5,4682,"ReadMore Air Fryer designed for everyday use with reliable quality, comfortable design and useful features. Suitable for home & kitchen needs."
P0529,Wallet,Accessories,FitMax,14431.02,3.2,2459,"FitMax Wallet designed for everyday use with reliable quality, comfortable design and useful features. Suitable for accessories needs."
P0530,Sunglasses,Accessories,TechPro,45951.99,3.6,3541,"TechPro Sunglasses designed for everyday use with reliable quality, comfortable design and useful features. Suitable for accessories needs."
P0531,Table Lamp,Home & Kitchen,HomeEase,22906.77,3.8,3827,"HomeEase Table Lamp designed for everyday use with reliable quality, comfortable design and useful features. Suitable for home & kitchen needs."
P0532,Gym Gloves,Sports,TechPro,10182.63,3.0,120,"TechPro Gym Gloves designed for everyday use with reliable quality, comfortable design and useful features. Suitable for sports needs."
P0533,Face Wash,Beauty,Nova,42378.05,4.8,2495,"Nova Face Wash designed for everyday use with reliable quality, comfortable design and useful features. Suitable for beauty needs."
P0534,Body Lotion,Beauty,GlowCare,31403.31,4.8,2772,"GlowCare Body Lotion designed for everyday use with reliable quality, comfortable design and useful features. Suitable for beauty needs."
P0535,Sports Track Pants,Fashion,HomeEase,36189.81,4.3,2372,"HomeEase Sports Track Pants designed for everyday use with reliable quality, comfortable design and useful features. Suitable for fashion needs."
P0536,Self Help Book,Books,ReadMore,41024.93,3.5,700,"ReadMore Self Help Book designed for everyday use with reliable quality, comfortable design and useful features. Suitable for books needs."
P0537,Programming Book,Books,HomeEase,640.39,5.0,2316,"HomeEase Programming Book designed for everyday use with reliable quality, comfortable design and useful features. Suitable for books needs."
P0538,Running Shoes,Fashion,ReadMore,14871.05,2.8,1093,"ReadMore Running Shoes designed for everyday use with reliable quality, comfortable design and useful features. Suitable for fashion needs."
P0539,Yoga Mat,Sports,StyleHub,37074.71,3.1,1772,"StyleHub Yoga Mat designed for everyday use with reliable quality, comfortable design and useful features. Suitable for sports needs."
P0540,Hair Serum,Beauty,ReadMore,40496.32,4.7,4647,"ReadMore Hair Serum designed for everyday use with reliable quality, comfortable design and useful features. Suitable for beauty needs."
P0541,Running Shoes,Fashion,UrbanX,4065.94,3.7,418,"UrbanX Running Shoes designed for everyday use with reliable quality, comfortable design and useful features. Suitable for fashion needs."
P0542,Sunglasses,Accessories,TechPro,27545.69,4.2,4049,"TechPro Sunglasses designed for everyday use with reliable quality, comfortable design and useful features. Suitable for accessories needs."
P0543,Moisturizer,Beauty,StyleHub,47763.74,3.9,2427,"StyleHub Moisturizer designed for everyday use with reliable quality, comfortable design and useful features. Suitable for beauty needs."
P0544,Cotton T-Shirt,Fashion,FitMax,35411.91,2.9,4550,"FitMax Cotton T-Shirt designed for everyday use with reliable quality, comfortable design and useful features. Suitable for fashion needs."
P0545,Sports Track Pants,Fashion,ReadMore,14904.47,3.3,2347,"ReadMore Sports Track Pants designed for everyday use with reliable quality, comfortable design and useful features. Suitable for fashion needs."
P0546,Storage Organizer,Home & Kitchen,HomeEase,16209.49,3.8,2373,"HomeEase Storage Organizer designed for everyday use with reliable quality, comfortable design and useful features. Suitable for home & kitchen needs."
P0547,Wireless Headphones,Electronics,HomeEase,48952.26,4.1,3863,"HomeEase Wireless Headphones designed for everyday use with reliable quality, comfortable design and useful features. Suitable for electronics needs."
P0548,Wireless Headphones,Electronics,HomeEase,9553.57,4.4,1594,"HomeEase Wireless Headphones designed for everyday use with reliable quality, comfortable design and useful features. Suitable for electronics needs."
P0549,Resistance Bands,Sports,ReadMore,26407.67,3.8,1016,"ReadMore Resistance Bands designed for everyday use with reliable quality, comfortable design and useful features. Suitable for sports needs."
P0550,Hair Serum,Beauty,StyleHub,45855.23,4.4,1040,"StyleHub Hair Serum designed for everyday use with reliable quality, comfortable design and useful features. Suitable for beauty needs."
P0551,Wallet,Accessories,UrbanX,41223.15,4.4,1269,"UrbanX Wallet designed for everyday use with reliable quality, comfortable design and useful features. Suitable for accessories needs."
P0552,Sports Track Pants,Fashion,UrbanX,35807.93,4.1,3419,"UrbanX Sports Track Pants designed for everyday use with reliable quality, comfortable design and useful features. Suitable for fashion needs."
P0553,Running Shoes,Fashion,HomeEase,12490.83,4.4,672,"HomeEase Running Shoes designed for everyday use with reliable quality, comfortable design and useful features. Suitable for fashion needs."
P0554,Coffee Maker,Home & Kitchen,Nova,6669.51,4.0,4528,"Nova Coffee Maker designed for everyday use with reliable quality, comfortable design and useful features. Suitable for home & kitchen needs."
P0555,Resistance Bands,Sports,UrbanX,44614.23,3.8,2229,"UrbanX Resistance Bands designed for everyday use with reliable quality, comfortable design and useful features. Suitable for sports needs."
P0556,Business Book,Books,TechPro,4645.62,4.3,1953,"TechPro Business Book designed for everyday use with reliable quality, comfortable design and useful features. Suitable for books needs."
P0557,Laptop Stand,Electronics,TechPro,42242.59,4.3,4123,"TechPro Laptop Stand designed for everyday use with reliable quality, comfortable design and useful features. Suitable for electronics needs."
P0558,Body Lotion,Beauty,TechPro,33384.99,4.9,527,"TechPro Body Lotion designed for everyday use with reliable quality, comfortable design and useful features. Suitable for beauty needs."
P0559,Laptop Stand,Electronics,GlowCare,47209.32,3.4,1321,"GlowCare Laptop Stand designed for everyday use with reliable quality, comfortable design and useful features. Suitable for electronics needs."
P0560,Running Shoes,Fashion,StyleHub,25027.83,3.6,1028,"StyleHub Running Shoes designed for everyday use with reliable quality, comfortable design and useful features. Suitable for fashion needs."
P0561,Bluetooth Speaker,Electronics,GlowCare,5725.68,4.2,231,"GlowCare Bluetooth Speaker designed for everyday use with reliable quality, comfortable design and useful features. Suitable for electronics needs."
P0562,Yoga Mat,Sports,FitMax,42975.04,3.2,2793,"FitMax Yoga Mat designed for everyday use with reliable quality, comfortable design and useful features. Suitable for sports needs."
P0563,Hair Serum,Beauty,GlowCare,36037.76,3.6,3242,"GlowCare Hair Serum designed for everyday use with reliable quality, comfortable design and useful features. Suitable for beauty needs."
P0564,Coffee Maker,Home & Kitchen,FitMax,33954.1,4.1,166,"FitMax Coffee Maker designed for everyday use with reliable quality, comfortable design and useful features. Suitable for home & kitchen needs."
P0565,Laptop Stand,Electronics,UrbanX,36906.41,4.9,944,"UrbanX Laptop Stand designed for everyday use with reliable quality, comfortable design and useful features. Suitable for electronics needs."
P0566,Hair Serum,Beauty,ReadMore,23513.08,4.1,3609,"ReadMore Hair Serum designed for everyday use with reliable quality, comfortable design and useful features. Suitable for beauty needs."
P0567,Cricket Bat,Sports,TechPro,33408.96,4.6,2106,"TechPro Cricket Bat designed for everyday use with reliable quality, comfortable design and useful features. Suitable for sports needs."
P0568,Sports Track Pants,Fashion,FitMax,5172.37,4.3,3601,"FitMax Sports Track Pants designed for everyday use with reliable quality, comfortable design and useful features. Suitable for fashion needs."
P0569,Moisturizer,Beauty,HomeEase,35526.27,4.9,679,"HomeEase Moisturizer designed for everyday use with reliable quality, comfortable design and useful features. Suitable for beauty needs."
P0570,Bluetooth Speaker,Electronics,GlowCare,16645.09,4.8,4984,"GlowCare Bluetooth Speaker designed for everyday use with reliable quality, comfortable design and useful features. Suitable for electronics needs."
P0571,Sunscreen,Beauty,Nova,48181.26,3.9,2282,"Nova Sunscreen designed for everyday use with reliable quality, comfortable design and useful features. Suitable for beauty needs."
P0572,Laptop Stand,Electronics,GlowCare,38743.77,4.5,2156,"GlowCare Laptop Stand designed for everyday use with reliable quality, comfortable design and useful features. Suitable for electronics needs."
P0573,Football,Sports,FitMax,6451.4,2.8,2227,"FitMax Football designed for everyday use with reliable quality, comfortable design and useful features. Suitable for sports needs."
P0574,Programming Book,Books,UrbanX,9249.61,3.8,1529,"UrbanX Programming Book designed for everyday use with reliable quality, comfortable design and useful features. Suitable for books needs."
P0575,Wireless Headphones,Electronics,GlowCare,25993.43,3.6,3714,"GlowCare Wireless Headphones designed for everyday use with reliable quality, comfortable design and useful features. Suitable for electronics needs."
P0576,Cricket Bat,Sports,StyleHub,32392.65,4.9,4407,"StyleHub Cricket Bat designed for everyday use with reliable quality, comfortable design and useful features. Suitable for sports needs."
P0577,Bluetooth Speaker,Electronics,ReadMore,39202.28,4.5,3121,"ReadMore Bluetooth Speaker designed for everyday use with reliable quality, comfortable design and useful features. Suitable for electronics needs."
P0578,Novel,Books,FitMax,44991.87,4.4,2209,"FitMax Novel designed for everyday use with reliable quality, comfortable design and useful features. Suitable for books needs."
P0579,Cotton T-Shirt,Fashion,FitMax,23774.36,2.9,1246,"FitMax Cotton T-Shirt designed for everyday use with reliable quality, comfortable design and useful features. Suitable for fashion needs."
P0580,Football,Sports,ReadMore,47146.67,4.5,2660,"ReadMore Football designed for everyday use with reliable quality, comfortable design and useful features. Suitable for sports needs."
P0581,Football,Sports,TechPro,48144.86,3.0,237,"TechPro Football designed for everyday use with reliable quality, comfortable design and useful features. Suitable for sports needs."
P0582,Bluetooth Speaker,Electronics,UrbanX,9951.49,3.1,30,"UrbanX Bluetooth Speaker designed for everyday use with reliable quality, comfortable design and useful features. Suitable for electronics needs."
P0583,Smart Watch,Electronics,TechPro,28998.26,3.1,3769,"TechPro Smart Watch designed for everyday use with reliable quality, comfortable design and useful features. Suitable for electronics needs."
P0584,Resistance Bands,Sports,TechPro,13142.27,3.6,3178,"TechPro Resistance Bands designed for everyday use with reliable quality, comfortable design and useful features. Suitable for sports needs."
P0585,Business Book,Books,Nova,44528.03,4.4,3318,"Nova Business Book designed for everyday use with reliable quality, comfortable design and useful features. Suitable for books needs."
P0586,Running Shoes,Fashion,UrbanX,589.51,4.2,2300,"UrbanX Running Shoes designed for everyday use with reliable quality, comfortable design and useful features. Suitable for fashion needs."
P0587,Programming Book,Books,UrbanX,15234.45,4.5,2788,"UrbanX Programming Book designed for everyday use with reliable quality, comfortable design and useful features. Suitable for books needs."
P0588,Moisturizer,Beauty,StyleHub,48122.05,4.2,3650,"StyleHub Moisturizer designed for everyday use with reliable quality, comfortable design and useful features. Suitable for beauty needs."
P0589,Data Science Guide,Books,HomeEase,27418.54,3.8,1762,"HomeEase Data Science Guide designed for everyday use with reliable quality, comfortable design and useful features. Suitable for books needs."
P0590,Table Lamp,Home & Kitchen,ReadMore,10616.44,2.9,3237,"ReadMore Table Lamp designed for everyday use with reliable quality, comfortable design and useful features. Suitable for home & kitchen needs."
P0591,Bluetooth Speaker,Electronics,StyleHub,26455.19,3.7,3568,"StyleHub Bluetooth Speaker designed for everyday use with reliable quality, comfortable design and useful features. Suitable for electronics needs."
P0592,Programming Book,Books,ReadMore,31898.62,3.9,2748,"ReadMore Programming Book designed for everyday use with reliable quality, comfortable design and useful features. Suitable for books needs."
P0593,Air Fryer,Home & Kitchen,HomeEase,28562.08,3.4,874,"HomeEase Air Fryer designed for everyday use with reliable quality, comfortable design and useful features. Suitable for home & kitchen needs."
P0594,Data Science Guide,Books,UrbanX,905.66,4.6,801,"UrbanX Data Science Guide designed for everyday use with reliable quality, comfortable design and useful features. Suitable for books needs."
P0595,Table Lamp,Home & Kitchen,UrbanX,34974.9,3.7,2900,"UrbanX Table Lamp designed for everyday use with reliable quality, comfortable design and useful features. Suitable for home & kitchen needs."
P0596,Cotton T-Shirt,Fashion,GlowCare,19760.13,4.7,2530,"GlowCare Cotton T-Shirt designed for everyday use with reliable quality, comfortable design and useful features. Suitable for fashion needs."
P0597,Yoga Mat,Sports,TechPro,33395.7,3.2,3676,"TechPro Yoga Mat designed for everyday use with reliable quality, comfortable design and useful features. Suitable for sports needs."
P0598,Sports Track Pants,Fashion,HomeEase,30231.6,4.6,3624,"HomeEase Sports Track Pants designed for everyday use with reliable quality, comfortable design and useful features. Suitable for fashion needs."
P0599,Hair Serum,Beauty,ReadMore,27688.12,4.6,2222,"ReadMore Hair Serum designed for everyday use with reliable quality, comfortable design and useful features. Suitable for beauty needs."
P0600,Football,Sports,GlowCare,36496.3,3.0,2665,"GlowCare Football designed for everyday use with reliable quality, comfortable design and useful features. Suitable for sports needs."
P0601,Coffee Maker,Home & Kitchen,StyleHub,24147.33,4.3,4110,"StyleHub Coffee Maker designed for everyday use with reliable quality, comfortable design and useful features. Suitable for home & kitchen needs."
P0602,Yoga Mat,Sports,HomeEase,20011.26,4.8,2181,"HomeEase Yoga Mat designed for everyday use with reliable quality, comfortable design and useful features. Suitable for sports needs."
P0603,Power Bank,Electronics,GlowCare,18710.86,3.7,633,"GlowCare Power Bank designed for everyday use with reliable quality, comfortable design and useful features. Suitable for electronics needs."
P0604,Novel,Books,TechPro,47555.24,4.1,2770,"TechPro Novel designed for everyday use with reliable quality, comfortable design and useful features. Suitable for books needs."
P0605,Smart Watch,Electronics,StyleHub,12698.87,4.0,3167,"StyleHub Smart Watch designed for everyday use with reliable quality, comfortable design and useful features. Suitable for electronics needs."
P0606,Casual Shirt,Fashion,Nova,12170.87,3.2,3704,"Nova Casual Shirt designed for everyday use with reliable quality, comfortable design and useful features. Suitable for fashion needs."
P0607,Wallet,Accessories,TechPro,11197.47,2.9,1918,"TechPro Wallet designed for everyday use with reliable quality, comfortable design and useful features. Suitable for accessories needs."
P0608,Wireless Headphones,Electronics,HomeEase,43364.16,3.4,2785,"HomeEase Wireless Headphones designed for everyday use with reliable quality, comfortable design and useful features. Suitable for electronics needs."
P0609,Gym Gloves,Sports,ReadMore,21942.39,4.1,2640,"ReadMore Gym Gloves designed for everyday use with reliable quality, comfortable design and useful features. Suitable for sports needs."
P0610,Denim Jacket,Fashion,TechPro,7360.95,3.7,2043,"TechPro Denim Jacket designed for everyday use with reliable quality, comfortable design and useful features. Suitable for fashion needs."
P0611,Wallet,Accessories,ReadMore,20165.9,4.5,2843,"ReadMore Wallet designed for everyday use with reliable quality, comfortable design and useful features. Suitable for accessories needs."
P0612,Casual Shirt,Fashion,GlowCare,27315.39,3.2,3980,"GlowCare Casual Shirt designed for everyday use with reliable quality, comfortable design and useful features. Suitable for fashion needs."
P0613,Bluetooth Speaker,Electronics,ReadMore,42779.5,3.3,3581,"ReadMore Bluetooth Speaker designed for everyday use with reliable quality, comfortable design and useful features. Suitable for electronics needs."
P0614,Non-Stick Pan,Home & Kitchen,UrbanX,47050.07,3.9,1395,"UrbanX Non-Stick Pan designed for everyday use with reliable quality, comfortable design and useful features. Suitable for home & kitchen needs."
P0615,Table Lamp,Home & Kitchen,FitMax,34741.18,4.5,4078,"FitMax Table Lamp designed for everyday use with reliable quality, comfortable design and useful features. Suitable for home & kitchen needs."
P0616,Cricket Bat,Sports,UrbanX,43817.98,4.0,283,"UrbanX Cricket Bat designed for everyday use with reliable quality, comfortable design and useful features. Suitable for sports needs."
P0617,Body Lotion,Beauty,GlowCare,6566.77,4.5,829,"GlowCare Body Lotion designed for everyday use with reliable quality, comfortable design and useful features. Suitable for beauty needs."
P0618,Face Wash,Beauty,FitMax,26220.01,2.9,1678,"FitMax Face Wash designed for everyday use with reliable quality, comfortable design and useful features. Suitable for beauty needs."
P0619,Travel Pouch,Accessories,StyleHub,21985.6,4.7,346,"StyleHub Travel Pouch designed for everyday use with reliable quality, comfortable design and useful features. Suitable for accessories needs."
P0620,Phone Case,Accessories,FitMax,15641.21,4.4,4520,"FitMax Phone Case designed for everyday use with reliable quality, comfortable design and useful features. Suitable for accessories needs."
P0621,Backpack,Accessories,StyleHub,38000.63,4.1,3618,"StyleHub Backpack designed for everyday use with reliable quality, comfortable design and useful features. Suitable for accessories needs."
P0622,Self Help Book,Books,Nova,12789.12,3.4,4596,"Nova Self Help Book designed for everyday use with reliable quality, comfortable design and useful features. Suitable for books needs."
P0623,Non-Stick Pan,Home & Kitchen,GlowCare,11179.32,4.5,314,"GlowCare Non-Stick Pan designed for everyday use with reliable quality, comfortable design and useful features. Suitable for home & kitchen needs."
P0624,Face Wash,Beauty,ReadMore,4106.1,4.0,3278,"ReadMore Face Wash designed for everyday use with reliable quality, comfortable design and useful features. Suitable for beauty needs."
P0625,Air Fryer,Home & Kitchen,GlowCare,25975.3,3.4,3556,"GlowCare Air Fryer designed for everyday use with reliable quality, comfortable design and useful features. Suitable for home & kitchen needs."
P0626,Running Shoes,Fashion,Nova,30156.38,3.5,157,"Nova Running Shoes designed for everyday use with reliable quality, comfortable design and useful features. Suitable for fashion needs."
P0627,Table Lamp,Home & Kitchen,StyleHub,5304.3,3.9,1757,"StyleHub Table Lamp designed for everyday use with reliable quality, comfortable design and useful features. Suitable for home & kitchen needs."
P0628,Non-Stick Pan,Home & Kitchen,Nova,46658.66,4.6,4204,"Nova Non-Stick Pan designed for everyday use with reliable quality, comfortable design and useful features. Suitable for home & kitchen needs."
P0629,Sunglasses,Accessories,HomeEase,46064.53,4.3,171,"HomeEase Sunglasses designed for everyday use with reliable quality, comfortable design and useful features. Suitable for accessories needs."
P0630,Face Wash,Beauty,Nova,1735.72,2.9,2125,"Nova Face Wash designed for everyday use with reliable quality, comfortable design and useful features. Suitable for beauty needs."
P0631,Hair Serum,Beauty,FitMax,8033.85,3.1,565,"FitMax Hair Serum designed for everyday use with reliable quality, comfortable design and useful features. Suitable for beauty needs."
P0632,Gym Gloves,Sports,GlowCare,27554.63,3.5,1502,"GlowCare Gym Gloves designed for everyday use with reliable quality, comfortable design and useful features. Suitable for sports needs."
P0633,Phone Case,Accessories,ReadMore,19483.42,4.8,373,"ReadMore Phone Case designed for everyday use with reliable quality, comfortable design and useful features. Suitable for accessories needs."
P0634,Storage Organizer,Home & Kitchen,FitMax,6393.26,4.6,1829,"FitMax Storage Organizer designed for everyday use with reliable quality, comfortable design and useful features. Suitable for home & kitchen needs."
P0635,Data Science Guide,Books,StyleHub,5055.21,4.0,2977,"StyleHub Data Science Guide designed for everyday use with reliable quality, comfortable design and useful features. Suitable for books needs."
P0636,Coffee Maker,Home & Kitchen,Nova,48357.36,2.9,2245,"Nova Coffee Maker designed for everyday use with reliable quality, comfortable design and useful features. Suitable for home & kitchen needs."
P0637,Sunscreen,Beauty,ReadMore,43158.5,3.2,1860,"ReadMore Sunscreen designed for everyday use with reliable quality, comfortable design and useful features. Suitable for beauty needs."
P0638,Novel,Books,TechPro,19947.37,3.1,1486,"TechPro Novel designed for everyday use with reliable quality, comfortable design and useful features. Suitable for books needs."
P0639,Laptop Stand,Electronics,GlowCare,15626.44,3.4,3098,"GlowCare Laptop Stand designed for everyday use with reliable quality, comfortable design and useful features. Suitable for electronics needs."
P0640,Coffee Maker,Home & Kitchen,StyleHub,3729.4,3.5,379,"StyleHub Coffee Maker designed for everyday use with reliable quality, comfortable design and useful features. Suitable for home & kitchen needs."
P0641,Air Fryer,Home & Kitchen,ReadMore,49097.9,4.2,4600,"ReadMore Air Fryer designed for everyday use with reliable quality, comfortable design and useful features. Suitable for home & kitchen needs."
P0642,Yoga Mat,Sports,Nova,1184.82,3.7,1929,"Nova Yoga Mat designed for everyday use with reliable quality, comfortable design and useful features. Suitable for sports needs."
P0643,Non-Stick Pan,Home & Kitchen,Nova,46761.72,3.7,892,"Nova Non-Stick Pan designed for everyday use with reliable quality, comfortable design and useful features. Suitable for home & kitchen needs."
P0644,Coffee Maker,Home & Kitchen,HomeEase,4378.19,3.5,4826,"HomeEase Coffee Maker designed for everyday use with reliable quality, comfortable design and useful features. Suitable for home & kitchen needs."
P0645,Sunscreen,Beauty,UrbanX,10427.99,3.6,3770,"UrbanX Sunscreen designed for everyday use with reliable quality, comfortable design and useful features. Suitable for beauty needs."
P0646,Sunglasses,Accessories,ReadMore,37595.8,3.0,2766,"ReadMore Sunglasses designed for everyday use with reliable quality, comfortable design and useful features. Suitable for accessories needs."
P0647,Wireless Headphones,Electronics,ReadMore,3560.63,3.9,2374,"ReadMore Wireless Headphones designed for everyday use with reliable quality, comfortable design and useful features. Suitable for electronics needs."
P0648,Data Science Guide,Books,StyleHub,48951.08,4.0,3550,"StyleHub Data Science Guide designed for everyday use with reliable quality, comfortable design and useful features. Suitable for books needs."
P0649,Yoga Mat,Sports,Nova,17455.9,3.7,2439,"Nova Yoga Mat designed for everyday use with reliable quality, comfortable design and useful features. Suitable for sports needs."
P0650,Cotton T-Shirt,Fashion,Nova,37059.04,4.2,2638,"Nova Cotton T-Shirt designed for everyday use with reliable quality, comfortable design and useful features. Suitable for fashion needs."
P0651,Data Science Guide,Books,TechPro,29847.91,3.2,1523,"TechPro Data Science Guide designed for everyday use with reliable quality, comfortable design and useful features. Suitable for books needs."
P0652,Business Book,Books,TechPro,21631.66,4.3,4503,"TechPro Business Book designed for everyday use with reliable quality, comfortable design and useful features. Suitable for books needs."
P0653,Cricket Bat,Sports,GlowCare,27757.28,4.2,1747,"GlowCare Cricket Bat designed for everyday use with reliable quality, comfortable design and useful features. Suitable for sports needs."
P0654,Air Fryer,Home & Kitchen,Nova,35389.17,4.1,4845,"Nova Air Fryer designed for everyday use with reliable quality, comfortable design and useful features. Suitable for home & kitchen needs."
P0655,Non-Stick Pan,Home & Kitchen,TechPro,29962.88,4.7,1093,"TechPro Non-Stick Pan designed for everyday use with reliable quality, comfortable design and useful features. Suitable for home & kitchen needs."
P0656,Air Fryer,Home & Kitchen,Nova,7909.46,4.9,4762,"Nova Air Fryer designed for everyday use with reliable quality, comfortable design and useful features. Suitable for home & kitchen needs."
P0657,Table Lamp,Home & Kitchen,TechPro,38659.59,4.2,2466,"TechPro Table Lamp designed for everyday use with reliable quality, comfortable design and useful features. Suitable for home & kitchen needs."
P0658,Power Bank,Electronics,FitMax,31447.83,3.6,821,"FitMax Power Bank designed for everyday use with reliable quality, comfortable design and useful features. Suitable for electronics needs."
P0659,Laptop Stand,Electronics,TechPro,47886.53,3.7,2098,"TechPro Laptop Stand designed for everyday use with reliable quality, comfortable design and useful features. Suitable for electronics needs."
P0660,Running Shoes,Fashion,UrbanX,613.33,3.8,3495,"UrbanX Running Shoes designed for everyday use with reliable quality, comfortable design and useful features. Suitable for fashion needs."
P0661,Cricket Bat,Sports,StyleHub,45743.52,3.8,3347,"StyleHub Cricket Bat designed for everyday use with reliable quality, comfortable design and useful features. Suitable for sports needs."
P0662,Gym Gloves,Sports,TechPro,36226.7,2.8,864,"TechPro Gym Gloves designed for everyday use with reliable quality, comfortable design and useful features. Suitable for sports needs."
P0663,Bluetooth Speaker,Electronics,Nova,33598.64,4.3,3756,"Nova Bluetooth Speaker designed for everyday use with reliable quality, comfortable design and useful features. Suitable for electronics needs."
P0664,Backpack,Accessories,StyleHub,43897.01,4.4,2789,"StyleHub Backpack designed for everyday use with reliable quality, comfortable design and useful features. Suitable for accessories needs."
P0665,Power Bank,Electronics,TechPro,12527.48,2.9,65,"TechPro Power Bank designed for everyday use with reliable quality, comfortable design and useful features. Suitable for electronics needs."
P0666,Denim Jacket,Fashion,HomeEase,30414.24,4.3,4438,"HomeEase Denim Jacket designed for everyday use with reliable quality, comfortable design and useful features. Suitable for fashion needs."
P0667,Data Science Guide,Books,UrbanX,40292.5,4.6,2371,"UrbanX Data Science Guide designed for everyday use with reliable quality, comfortable design and useful features. Suitable for books needs."
P0668,Sunscreen,Beauty,UrbanX,25776.83,3.4,607,"UrbanX Sunscreen designed for everyday use with reliable quality, comfortable design and useful features. Suitable for beauty needs."
P0669,Novel,Books,HomeEase,18680.42,4.8,4490,"HomeEase Novel designed for everyday use with reliable quality, comfortable design and useful features. Suitable for books needs."
P0670,Coffee Maker,Home & Kitchen,GlowCare,13587.91,3.6,1722,"GlowCare Coffee Maker designed for everyday use with reliable quality, comfortable design and useful features. Suitable for home & kitchen needs."
P0671,Face Wash,Beauty,UrbanX,39410.87,3.8,449,"UrbanX Face Wash designed for everyday use with reliable quality, comfortable design and useful features. Suitable for beauty needs."
P0672,Denim Jacket,Fashion,TechPro,35330.95,3.7,2472,"TechPro Denim Jacket designed for everyday use with reliable quality, comfortable design and useful features. Suitable for fashion needs."
P0673,Casual Shirt,Fashion,TechPro,46825.77,2.9,67,"TechPro Casual Shirt designed for everyday use with reliable quality, comfortable design and useful features. Suitable for fashion needs."
P0674,Novel,Books,UrbanX,1290.28,3.5,4356,"UrbanX Novel designed for everyday use with reliable quality, comfortable design and useful features. Suitable for books needs."
P0675,Travel Pouch,Accessories,TechPro,24655.57,4.8,3283,"TechPro Travel Pouch designed for everyday use with reliable quality, comfortable design and useful features. Suitable for accessories needs."
P0676,Bluetooth Speaker,Electronics,HomeEase,771.33,3.7,1642,"HomeEase Bluetooth Speaker designed for everyday use with reliable quality, comfortable design and useful features. Suitable for electronics needs."
P0677,Self Help Book,Books,ReadMore,25916.93,4.5,2073,"ReadMore Self Help Book designed for everyday use with reliable quality, comfortable design and useful features. Suitable for books needs."
P0678,Denim Jacket,Fashion,StyleHub,41358.11,3.8,4169,"StyleHub Denim Jacket designed for everyday use with reliable quality, comfortable design and useful features. Suitable for fashion needs."
P0679,Laptop Stand,Electronics,FitMax,12646.86,3.9,3611,"FitMax Laptop Stand designed for everyday use with reliable quality, comfortable design and useful features. Suitable for electronics needs."
P0680,Power Bank,Electronics,StyleHub,17817.7,4.6,2596,"StyleHub Power Bank designed for everyday use with reliable quality, comfortable design and useful features. Suitable for electronics needs."
P0681,Travel Pouch,Accessories,FitMax,31683.39,3.6,4414,"FitMax Travel Pouch designed for everyday use with reliable quality, comfortable design and useful features. Suitable for accessories needs."
P0682,Backpack,Accessories,Nova,5306.88,3.7,2161,"Nova Backpack designed for everyday use with reliable quality, comfortable design and useful features. Suitable for accessories needs."
P0683,Coffee Maker,Home & Kitchen,HomeEase,39764.38,4.7,2947,"HomeEase Coffee Maker designed for everyday use with reliable quality, comfortable design and useful features. Suitable for home & kitchen needs."
P0684,Programming Book,Books,StyleHub,23066.62,3.7,3634,"StyleHub Programming Book designed for everyday use with reliable quality, comfortable design and useful features. Suitable for books needs."
P0685,Gym Gloves,Sports,Nova,37082.18,4.7,489,"Nova Gym Gloves designed for everyday use with reliable quality, comfortable design and useful features. Suitable for sports needs."
P0686,Business Book,Books,UrbanX,14978.98,4.0,725,"UrbanX Business Book designed for everyday use with reliable quality, comfortable design and useful features. Suitable for books needs."
P0687,Novel,Books,ReadMore,44563.61,3.3,1678,"ReadMore Novel designed for everyday use with reliable quality, comfortable design and useful features. Suitable for books needs."
P0688,Phone Case,Accessories,TechPro,11272.59,3.9,3616,"TechPro Phone Case designed for everyday use with reliable quality, comfortable design and useful features. Suitable for accessories needs."
P0689,Storage Organizer,Home & Kitchen,HomeEase,11132.79,4.9,2415,"HomeEase Storage Organizer designed for everyday use with reliable quality, comfortable design and useful features. Suitable for home & kitchen needs."
P0690,Face Wash,Beauty,GlowCare,37741.48,4.7,2247,"GlowCare Face Wash designed for everyday use with reliable quality, comfortable design and useful features. Suitable for beauty needs."
P0691,Cotton T-Shirt,Fashion,Nova,10341.62,3.5,4241,"Nova Cotton T-Shirt designed for everyday use with reliable quality, comfortable design and useful features. Suitable for fashion needs."
P0692,Programming Book,Books,UrbanX,1301.65,4.9,2612,"UrbanX Programming Book designed for everyday use with reliable quality, comfortable design and useful features. Suitable for books needs."
P0693,Power Bank,Electronics,ReadMore,46668.74,3.8,4956,"ReadMore Power Bank designed for everyday use with reliable quality, comfortable design and useful features. Suitable for electronics needs."
P0694,Running Shoes,Fashion,GlowCare,5890.43,4.5,821,"GlowCare Running Shoes designed for everyday use with reliable quality, comfortable design and useful features. Suitable for fashion needs."
P0695,Travel Pouch,Accessories,Nova,1101.58,4.5,255,"Nova Travel Pouch designed for everyday use with reliable quality, comfortable design and useful features. Suitable for accessories needs."
P0696,Sunscreen,Beauty,GlowCare,44302.86,3.3,1172,"GlowCare Sunscreen designed for everyday use with reliable quality, comfortable design and useful features. Suitable for beauty needs."
P0697,Laptop Stand,Electronics,Nova,26874.7,4.6,509,"Nova Laptop Stand designed for everyday use with reliable quality, comfortable design and useful features. Suitable for electronics needs."
P0698,Programming Book,Books,TechPro,6542.84,3.4,722,"TechPro Programming Book designed for everyday use with reliable quality, comfortable design and useful features. Suitable for books needs."
P0699,Sunscreen,Beauty,TechPro,42776.71,4.7,4999,"TechPro Sunscreen designed for everyday use with reliable quality, comfortable design and useful features. Suitable for beauty needs."
P0700,Table Lamp,Home & Kitchen,HomeEase,19512.74,4.6,2487,"HomeEase Table Lamp designed for everyday use with reliable quality, comfortable design and useful features. Suitable for home & kitchen needs."
P0701,Casual Shirt,Fashion,GlowCare,27178.7,4.9,736,"GlowCare Casual Shirt designed for everyday use with reliable quality, comfortable design and useful features. Suitable for fashion needs."
P0702,Yoga Mat,Sports,Nova,3889.45,3.6,2609,"Nova Yoga Mat designed for everyday use with reliable quality, comfortable design and useful features. Suitable for sports needs."
P0703,Business Book,Books,ReadMore,47137.79,2.9,2375,"ReadMore Business Book designed for everyday use with reliable quality, comfortable design and useful features. Suitable for books needs."
P0704,Storage Organizer,Home & Kitchen,HomeEase,36514.89,4.1,2626,"HomeEase Storage Organizer designed for everyday use with reliable quality, comfortable design and useful features. Suitable for home & kitchen needs."
P0705,Cricket Bat,Sports,FitMax,36191.34,4.2,2671,"FitMax Cricket Bat designed for everyday use with reliable quality, comfortable design and useful features. Suitable for sports needs."
P0706,Storage Organizer,Home & Kitchen,UrbanX,33150.88,3.9,675,"UrbanX Storage Organizer designed for everyday use with reliable quality, comfortable design and useful features. Suitable for home & kitchen needs."
P0707,Football,Sports,StyleHub,5362.19,2.9,1960,"StyleHub Football designed for everyday use with reliable quality, comfortable design and useful features. Suitable for sports needs."
P0708,Smart Watch,Electronics,UrbanX,39140.61,4.5,2859,"UrbanX Smart Watch designed for everyday use with reliable quality, comfortable design and useful features. Suitable for electronics needs."
P0709,Casual Shirt,Fashion,Nova,927.49,3.3,48,"Nova Casual Shirt designed for everyday use with reliable quality, comfortable design and useful features. Suitable for fashion needs."
P0710,Sunscreen,Beauty,GlowCare,33190.7,3.6,1930,"GlowCare Sunscreen designed for everyday use with reliable quality, comfortable design and useful features. Suitable for beauty needs."
P0711,Moisturizer,Beauty,Nova,13058.9,4.1,1817,"Nova Moisturizer designed for everyday use with reliable quality, comfortable design and useful features. Suitable for beauty needs."
P0712,Casual Shirt,Fashion,UrbanX,29023.58,4.2,2896,"UrbanX Casual Shirt designed for everyday use with reliable quality, comfortable design and useful features. Suitable for fashion needs."
P0713,Sports Track Pants,Fashion,StyleHub,35695.33,3.6,620,"StyleHub Sports Track Pants designed for everyday use with reliable quality, comfortable design and useful features. Suitable for fashion needs."
P0714,Coffee Maker,Home & Kitchen,ReadMore,30067.61,4.7,2786,"ReadMore Coffee Maker designed for everyday use with reliable quality, comfortable design and useful features. Suitable for home & kitchen needs."
P0715,Football,Sports,FitMax,37337.52,4.0,3806,"FitMax Football designed for everyday use with reliable quality, comfortable design and useful features. Suitable for sports needs."
P0716,Cotton T-Shirt,Fashion,FitMax,22303.19,3.8,388,"FitMax Cotton T-Shirt designed for everyday use with reliable quality, comfortable design and useful features. Suitable for fashion needs."
P0717,Programming Book,Books,GlowCare,31909.73,4.4,4256,"GlowCare Programming Book designed for everyday use with reliable quality, comfortable design and useful features. Suitable for books needs."
P0718,Moisturizer,Beauty,HomeEase,11091.04,4.1,3051,"HomeEase Moisturizer designed for everyday use with reliable quality, comfortable design and useful features. Suitable for beauty needs."
P0719,Hair Serum,Beauty,ReadMore,38089.4,3.2,1368,"ReadMore Hair Serum designed for everyday use with reliable quality, comfortable design and useful features. Suitable for beauty needs."
P0720,Sports Track Pants,Fashion,FitMax,18542.69,3.8,773,"FitMax Sports Track Pants designed for everyday use with reliable quality, comfortable design and useful features. Suitable for fashion needs."
P0721,Body Lotion,Beauty,StyleHub,44444.51,4.6,2880,"StyleHub Body Lotion designed for everyday use with reliable quality, comfortable design and useful features. Suitable for beauty needs."
P0722,Data Science Guide,Books,ReadMore,16285.76,4.8,3580,"ReadMore Data Science Guide designed for everyday use with reliable quality, comfortable design and useful features. Suitable for books needs."
P0723,Travel Pouch,Accessories,GlowCare,49807.65,4.6,2383,"GlowCare Travel Pouch designed for everyday use with reliable quality, comfortable design and useful features. Suitable for accessories needs."
P0724,Power Bank,Electronics,ReadMore,48368.73,4.6,1680,"ReadMore Power Bank designed for everyday use with reliable quality, comfortable design and useful features. Suitable for electronics needs."
P0725,Table Lamp,Home & Kitchen,GlowCare,40106.13,4.3,1479,"GlowCare Table Lamp designed for everyday use with reliable quality, comfortable design and useful features. Suitable for home & kitchen needs."
P0726,Sunscreen,Beauty,TechPro,28642.88,3.5,2833,"TechPro Sunscreen designed for everyday use with reliable quality, comfortable design and useful features. Suitable for beauty needs."
P0727,Bluetooth Speaker,Electronics,FitMax,44606.2,4.7,954,"FitMax Bluetooth Speaker designed for everyday use with reliable quality, comfortable design and useful features. Suitable for electronics needs."
P0728,Non-Stick Pan,Home & Kitchen,ReadMore,15746.38,2.8,3491,"ReadMore Non-Stick Pan designed for everyday use with reliable quality, comfortable design and useful features. Suitable for home & kitchen needs."
P0729,Data Science Guide,Books,Nova,38161.67,2.9,3844,"Nova Data Science Guide designed for everyday use with reliable quality, comfortable design and useful features. Suitable for books needs."
P0730,Air Fryer,Home & Kitchen,TechPro,46932.0,3.7,3201,"TechPro Air Fryer designed for everyday use with reliable quality, comfortable design and useful features. Suitable for home & kitchen needs."
P0731,Denim Jacket,Fashion,Nova,3651.55,4.2,23,"Nova Denim Jacket designed for everyday use with reliable quality, comfortable design and useful features. Suitable for fashion needs."
P0732,Air Fryer,Home & Kitchen,UrbanX,7093.09,4.1,2263,"UrbanX Air Fryer designed for everyday use with reliable quality, comfortable design and useful features. Suitable for home & kitchen needs."
P0733,Sunglasses,Accessories,HomeEase,18699.0,4.2,3267,"HomeEase Sunglasses designed for everyday use with reliable quality, comfortable design and useful features. Suitable for accessories needs."
P0734,Table Lamp,Home & Kitchen,TechPro,22263.36,3.9,2222,"TechPro Table Lamp designed for everyday use with reliable quality, comfortable design and useful features. Suitable for home & kitchen needs."
P0735,Yoga Mat,Sports,HomeEase,2855.73,3.8,2966,"HomeEase Yoga Mat designed for everyday use with reliable quality, comfortable design and useful features. Suitable for sports needs."
P0736,Air Fryer,Home & Kitchen,ReadMore,47095.26,3.2,3721,"ReadMore Air Fryer designed for everyday use with reliable quality, comfortable design and useful features. Suitable for home & kitchen needs."
P0737,Backpack,Accessories,TechPro,34916.36,4.2,2510,"TechPro Backpack designed for everyday use with reliable quality, comfortable design and useful features. Suitable for accessories needs."
P0738,Novel,Books,Nova,31868.83,4.1,1683,"Nova Novel designed for everyday use with reliable quality, comfortable design and useful features. Suitable for books needs."
P0739,Football,Sports,GlowCare,22753.97,4.9,3510,"GlowCare Football designed for everyday use with reliable quality, comfortable design and useful features. Suitable for sports needs."
P0740,Football,Sports,ReadMore,1442.32,3.2,211,"ReadMore Football designed for everyday use with reliable quality, comfortable design and useful features. Suitable for sports needs."
P0741,Resistance Bands,Sports,HomeEase,45527.61,4.2,94,"HomeEase Resistance Bands designed for everyday use with reliable quality, comfortable design and useful features. Suitable for sports needs."
P0742,Self Help Book,Books,StyleHub,29307.09,4.6,3880,"StyleHub Self Help Book designed for everyday use with reliable quality, comfortable design and useful features. Suitable for books needs."
P0743,Data Science Guide,Books,TechPro,29722.44,3.6,3226,"TechPro Data Science Guide designed for everyday use with reliable quality, comfortable design and useful features. Suitable for books needs."
P0744,Gym Gloves,Sports,ReadMore,11692.57,4.8,2392,"ReadMore Gym Gloves designed for everyday use with reliable quality, comfortable design and useful features. Suitable for sports needs."
P0745,Cricket Bat,Sports,GlowCare,25177.47,4.9,948,"GlowCare Cricket Bat designed for everyday use with reliable quality, comfortable design and useful features. Suitable for sports needs."
P0746,Table Lamp,Home & Kitchen,GlowCare,14467.67,4.6,4279,"GlowCare Table Lamp designed for everyday use with reliable quality, comfortable design and useful features. Suitable for home & kitchen needs."
P0747,Gym Gloves,Sports,UrbanX,34621.35,4.1,1235,"UrbanX Gym Gloves designed for everyday use with reliable quality, comfortable design and useful features. Suitable for sports needs."
P0748,Travel Pouch,Accessories,HomeEase,6570.26,3.6,3861,"HomeEase Travel Pouch designed for everyday use with reliable quality, comfortable design and useful features. Suitable for accessories needs."
P0749,Sports Track Pants,Fashion,TechPro,27682.48,4.5,1099,"TechPro Sports Track Pants designed for everyday use with reliable quality, comfortable design and useful features. Suitable for fashion needs."
P0750,Football,Sports,UrbanX,23851.56,2.9,2780,"UrbanX Football designed for everyday use with reliable quality, comfortable design and useful features. Suitable for sports needs."
P0751,Casual Shirt,Fashion,GlowCare,7533.32,4.9,2045,"GlowCare Casual Shirt designed for everyday use with reliable quality, comfortable design and useful features. Suitable for fashion needs."
P0752,Cricket Bat,Sports,HomeEase,31601.93,3.3,1088,"HomeEase Cricket Bat designed for everyday use with reliable quality, comfortable design and useful features. Suitable for sports needs."
P0753,Casual Shirt,Fashion,Nova,17813.09,3.5,4136,"Nova Casual Shirt designed for everyday use with reliable quality, comfortable design and useful features. Suitable for fashion needs."
P0754,Moisturizer,Beauty,HomeEase,44931.26,4.5,4266,"HomeEase Moisturizer designed for everyday use with reliable quality, comfortable design and useful features. Suitable for beauty needs."
P0755,Wallet,Accessories,GlowCare,15259.49,4.0,2148,"GlowCare Wallet designed for everyday use with reliable quality, comfortable design and useful features. Suitable for accessories needs."
P0756,Self Help Book,Books,ReadMore,29117.81,3.9,1948,"ReadMore Self Help Book designed for everyday use with reliable quality, comfortable design and useful features. Suitable for books needs."
P0757,Non-Stick Pan,Home & Kitchen,ReadMore,8876.32,4.7,3141,"ReadMore Non-Stick Pan designed for everyday use with reliable quality, comfortable design and useful features. Suitable for home & kitchen needs."
P0758,Wallet,Accessories,Nova,35815.29,3.4,230,"Nova Wallet designed for everyday use with reliable quality, comfortable design and useful features. Suitable for accessories needs."
P0759,Power Bank,Electronics,Nova,28798.52,4.3,2158,"Nova Power Bank designed for everyday use with reliable quality, comfortable design and useful features. Suitable for electronics needs."
P0760,Travel Pouch,Accessories,Nova,38303.98,4.9,3807,"Nova Travel Pouch designed for everyday use with reliable quality, comfortable design and useful features. Suitable for accessories needs."
P0761,Moisturizer,Beauty,StyleHub,37132.74,3.9,3114,"StyleHub Moisturizer designed for everyday use with reliable quality, comfortable design and useful features. Suitable for beauty needs."
P0762,Non-Stick Pan,Home & Kitchen,GlowCare,6026.18,4.6,2964,"GlowCare Non-Stick Pan designed for everyday use with reliable quality, comfortable design and useful features. Suitable for home & kitchen needs."
P0763,Phone Case,Accessories,TechPro,38168.86,3.1,1937,"TechPro Phone Case designed for everyday use with reliable quality, comfortable design and useful features. Suitable for accessories needs."
P0764,Face Wash,Beauty,Nova,8938.48,4.0,1886,"Nova Face Wash designed for everyday use with reliable quality, comfortable design and useful features. Suitable for beauty needs."
P0765,Business Book,Books,FitMax,27721.58,3.6,1700,"FitMax Business Book designed for everyday use with reliable quality, comfortable design and useful features. Suitable for books needs."
P0766,Non-Stick Pan,Home & Kitchen,StyleHub,14075.42,3.3,2790,"StyleHub Non-Stick Pan designed for everyday use with reliable quality, comfortable design and useful features. Suitable for home & kitchen needs."
P0767,Self Help Book,Books,HomeEase,48501.34,4.1,2058,"HomeEase Self Help Book designed for everyday use with reliable quality, comfortable design and useful features. Suitable for books needs."
P0768,Novel,Books,UrbanX,18495.06,3.0,831,"UrbanX Novel designed for everyday use with reliable quality, comfortable design and useful features. Suitable for books needs."
P0769,Travel Pouch,Accessories,GlowCare,17013.94,5.0,2339,"GlowCare Travel Pouch designed for everyday use with reliable quality, comfortable design and useful features. Suitable for accessories needs."
P0770,Self Help Book,Books,UrbanX,26192.26,4.1,4625,"UrbanX Self Help Book designed for everyday use with reliable quality, comfortable design and useful features. Suitable for books needs."
P0771,Moisturizer,Beauty,UrbanX,2864.02,3.6,341,"UrbanX Moisturizer designed for everyday use with reliable quality, comfortable design and useful features. Suitable for beauty needs."
P0772,Business Book,Books,Nova,27805.01,3.2,3134,"Nova Business Book designed for everyday use with reliable quality, comfortable design and useful features. Suitable for books needs."
P0773,Denim Jacket,Fashion,StyleHub,47243.35,4.1,319,"StyleHub Denim Jacket designed for everyday use with reliable quality, comfortable design and useful features. Suitable for fashion needs."
P0774,Denim Jacket,Fashion,StyleHub,23508.84,3.8,1729,"StyleHub Denim Jacket designed for everyday use with reliable quality, comfortable design and useful features. Suitable for fashion needs."
P0775,Wallet,Accessories,HomeEase,21612.26,4.1,875,"HomeEase Wallet designed for everyday use with reliable quality, comfortable design and useful features. Suitable for accessories needs."
P0776,Moisturizer,Beauty,StyleHub,35463.47,3.8,1652,"StyleHub Moisturizer designed for everyday use with reliable quality, comfortable design and useful features. Suitable for beauty needs."
P0777,Backpack,Accessories,ReadMore,11490.71,4.3,2766,"ReadMore Backpack designed for everyday use with reliable quality, comfortable design and useful features. Suitable for accessories needs."
P0778,Gym Gloves,Sports,GlowCare,31389.85,3.4,1853,"GlowCare Gym Gloves designed for everyday use with reliable quality, comfortable design and useful features. Suitable for sports needs."
P0779,Yoga Mat,Sports,HomeEase,49819.64,4.6,3796,"HomeEase Yoga Mat designed for everyday use with reliable quality, comfortable design and useful features. Suitable for sports needs."
P0780,Laptop Stand,Electronics,Nova,38713.38,4.8,2956,"Nova Laptop Stand designed for everyday use with reliable quality, comfortable design and useful features. Suitable for electronics needs."
P0781,Non-Stick Pan,Home & Kitchen,Nova,30615.38,3.2,887,"Nova Non-Stick Pan designed for everyday use with reliable quality, comfortable design and useful features. Suitable for home & kitchen needs."
P0782,Storage Organizer,Home & Kitchen,GlowCare,38683.02,3.3,737,"GlowCare Storage Organizer designed for everyday use with reliable quality, comfortable design and useful features. Suitable for home & kitchen needs."
P0783,Body Lotion,Beauty,ReadMore,46470.41,3.7,4714,"ReadMore Body Lotion designed for everyday use with reliable quality, comfortable design and useful features. Suitable for beauty needs."
P0784,Body Lotion,Beauty,ReadMore,21668.4,3.0,1973,"ReadMore Body Lotion designed for everyday use with reliable quality, comfortable design and useful features. Suitable for beauty needs."
P0785,Storage Organizer,Home & Kitchen,TechPro,14766.32,3.5,1478,"TechPro Storage Organizer designed for everyday use with reliable quality, comfortable design and useful features. Suitable for home & kitchen needs."
P0786,Sunglasses,Accessories,GlowCare,13420.72,4.1,3223,"GlowCare Sunglasses designed for everyday use with reliable quality, comfortable design and useful features. Suitable for accessories needs."
P0787,Business Book,Books,UrbanX,31055.87,4.1,3802,"UrbanX Business Book designed for everyday use with reliable quality, comfortable design and useful features. Suitable for books needs."
P0788,Running Shoes,Fashion,TechPro,17119.56,3.8,3364,"TechPro Running Shoes designed for everyday use with reliable quality, comfortable design and useful features. Suitable for fashion needs."
P0789,Wireless Headphones,Electronics,FitMax,31208.94,5.0,1383,"FitMax Wireless Headphones designed for everyday use with reliable quality, comfortable design and useful features. Suitable for electronics needs."
P0790,Novel,Books,FitMax,13199.22,3.6,2661,"FitMax Novel designed for everyday use with reliable quality, comfortable design and useful features. Suitable for books needs."
P0791,Phone Case,Accessories,ReadMore,46961.02,3.8,4010,"ReadMore Phone Case designed for everyday use with reliable quality, comfortable design and useful features. Suitable for accessories needs."
P0792,Cricket Bat,Sports,Nova,12150.47,4.4,3363,"Nova Cricket Bat designed for everyday use with reliable quality, comfortable design and useful features. Suitable for sports needs."
P0793,Travel Pouch,Accessories,Nova,45677.99,3.2,2972,"Nova Travel Pouch designed for everyday use with reliable quality, comfortable design and useful features. Suitable for accessories needs."
P0794,Data Science Guide,Books,Nova,37607.62,4.5,3086,"Nova Data Science Guide designed for everyday use with reliable quality, comfortable design and useful features. Suitable for books needs."
P0795,Storage Organizer,Home & Kitchen,ReadMore,40905.91,4.5,2516,"ReadMore Storage Organizer designed for everyday use with reliable quality, comfortable design and useful features. Suitable for home & kitchen needs."
P0796,Bluetooth Speaker,Electronics,FitMax,43274.14,3.3,2403,"FitMax Bluetooth Speaker designed for everyday use with reliable quality, comfortable design and useful features. Suitable for electronics needs."
P0797,Casual Shirt,Fashion,FitMax,45475.93,3.5,2235,"FitMax Casual Shirt designed for everyday use with reliable quality, comfortable design and useful features. Suitable for fashion needs."
P0798,Wireless Headphones,Electronics,UrbanX,9393.7,3.6,4952,"UrbanX Wireless Headphones designed for everyday use with reliable quality, comfortable design and useful features. Suitable for electronics needs."
P0799,Laptop Stand,Electronics,HomeEase,8831.48,3.9,4984,"HomeEase Laptop Stand designed for everyday use with reliable quality, comfortable design and useful features. Suitable for electronics needs."
P0800,Self Help Book,Books,GlowCare,47504.0,3.1,979,"GlowCare Self Help Book designed for everyday use with reliable quality, comfortable design and useful features. Suitable for books needs."
P0801,Programming Book,Books,StyleHub,29262.53,3.7,2122,"StyleHub Programming Book designed for everyday use with reliable quality, comfortable design and useful features. Suitable for books needs."
P0802,Bluetooth Speaker,Electronics,ReadMore,11050.85,2.8,95,"ReadMore Bluetooth Speaker designed for everyday use with reliable quality, comfortable design and useful features. Suitable for electronics needs."
P0803,Sports Track Pants,Fashion,FitMax,43675.37,4.0,196,"FitMax Sports Track Pants designed for everyday use with reliable quality, comfortable design and useful features. Suitable for fashion needs."
P0804,Air Fryer,Home & Kitchen,UrbanX,16473.38,2.8,4303,"UrbanX Air Fryer designed for everyday use with reliable quality, comfortable design and useful features. Suitable for home & kitchen needs."
P0805,Body Lotion,Beauty,UrbanX,28926.5,3.8,4543,"UrbanX Body Lotion designed for everyday use with reliable quality, comfortable design and useful features. Suitable for beauty needs."
P0806,Body Lotion,Beauty,StyleHub,3547.26,4.1,364,"StyleHub Body Lotion designed for everyday use with reliable quality, comfortable design and useful features. Suitable for beauty needs."
P0807,Cricket Bat,Sports,HomeEase,43199.59,3.3,4011,"HomeEase Cricket Bat designed for everyday use with reliable quality, comfortable design and useful features. Suitable for sports needs."
P0808,Sports Track Pants,Fashion,TechPro,37457.41,4.0,736,"TechPro Sports Track Pants designed for everyday use with reliable quality, comfortable design and useful features. Suitable for fashion needs."
P0809,Running Shoes,Fashion,GlowCare,48491.24,3.7,4774,"GlowCare Running Shoes designed for everyday use with reliable quality, comfortable design and useful features. Suitable for fashion needs."
P0810,Phone Case,Accessories,Nova,34661.16,3.8,4652,"Nova Phone Case designed for everyday use with reliable quality, comfortable design and useful features. Suitable for accessories needs."
P0811,Face Wash,Beauty,Nova,7065.69,4.3,1454,"Nova Face Wash designed for everyday use with reliable quality, comfortable design and useful features. Suitable for beauty needs."
P0812,Face Wash,Beauty,HomeEase,23971.05,3.6,3763,"HomeEase Face Wash designed for everyday use with reliable quality, comfortable design and useful features. Suitable for beauty needs."
P0813,Wireless Headphones,Electronics,HomeEase,10610.16,3.0,4949,"HomeEase Wireless Headphones designed for everyday use with reliable quality, comfortable design and useful features. Suitable for electronics needs."
P0814,Self Help Book,Books,HomeEase,28370.27,3.2,76,"HomeEase Self Help Book designed for everyday use with reliable quality, comfortable design and useful features. Suitable for books needs."
P0815,Body Lotion,Beauty,TechPro,39117.98,3.4,1020,"TechPro Body Lotion designed for everyday use with reliable quality, comfortable design and useful features. Suitable for beauty needs."
P0816,Non-Stick Pan,Home & Kitchen,HomeEase,34023.12,3.0,411,"HomeEase Non-Stick Pan designed for everyday use with reliable quality, comfortable design and useful features. Suitable for home & kitchen needs."
P0817,Smart Watch,Electronics,UrbanX,46867.03,3.5,4490,"UrbanX Smart Watch designed for everyday use with reliable quality, comfortable design and useful features. Suitable for electronics needs."
P0818,Novel,Books,ReadMore,31037.1,3.5,4626,"ReadMore Novel designed for everyday use with reliable quality, comfortable design and useful features. Suitable for books needs."
P0819,Self Help Book,Books,GlowCare,20998.82,3.1,4119,"GlowCare Self Help Book designed for everyday use with reliable quality, comfortable design and useful features. Suitable for books needs."
P0820,Sunglasses,Accessories,GlowCare,33155.53,3.0,1943,"GlowCare Sunglasses designed for everyday use with reliable quality, comfortable design and useful features. Suitable for accessories needs."
P0821,Resistance Bands,Sports,TechPro,20278.75,4.6,1900,"TechPro Resistance Bands designed for everyday use with reliable quality, comfortable design and useful features. Suitable for sports needs."
P0822,Body Lotion,Beauty,Nova,44982.17,4.9,2407,"Nova Body Lotion designed for everyday use with reliable quality, comfortable design and useful features. Suitable for beauty needs."
P0823,Gym Gloves,Sports,HomeEase,33854.98,4.2,4563,"HomeEase Gym Gloves designed for everyday use with reliable quality, comfortable design and useful features. Suitable for sports needs."
P0824,Phone Case,Accessories,ReadMore,8008.27,4.6,4529,"ReadMore Phone Case designed for everyday use with reliable quality, comfortable design and useful features. Suitable for accessories needs."
P0825,Casual Shirt,Fashion,ReadMore,43989.64,4.0,762,"ReadMore Casual Shirt designed for everyday use with reliable quality, comfortable design and useful features. Suitable for fashion needs."
P0826,Sunglasses,Accessories,GlowCare,47913.28,3.3,3852,"GlowCare Sunglasses designed for everyday use with reliable quality, comfortable design and useful features. Suitable for accessories needs."
P0827,Phone Case,Accessories,TechPro,19103.91,3.5,4071,"TechPro Phone Case designed for everyday use with reliable quality, comfortable design and useful features. Suitable for accessories needs."
P0828,Data Science Guide,Books,HomeEase,26657.44,4.3,2785,"HomeEase Data Science Guide designed for everyday use with reliable quality, comfortable design and useful features. Suitable for books needs."
P0829,Phone Case,Accessories,UrbanX,41257.68,3.1,457,"UrbanX Phone Case designed for everyday use with reliable quality, comfortable design and useful features. Suitable for accessories needs."
P0830,Data Science Guide,Books,StyleHub,21677.82,3.6,2971,"StyleHub Data Science Guide designed for everyday use with reliable quality, comfortable design and useful features. Suitable for books needs."
P0831,Data Science Guide,Books,UrbanX,12624.25,4.0,4557,"UrbanX Data Science Guide designed for everyday use with reliable quality, comfortable design and useful features. Suitable for books needs."
P0832,Moisturizer,Beauty,FitMax,10916.18,4.7,4547,"FitMax Moisturizer designed for everyday use with reliable quality, comfortable design and useful features. Suitable for beauty needs."
P0833,Air Fryer,Home & Kitchen,TechPro,35698.73,4.3,1480,"TechPro Air Fryer designed for everyday use with reliable quality, comfortable design and useful features. Suitable for home & kitchen needs."
P0834,Wireless Headphones,Electronics,TechPro,17420.14,4.3,2506,"TechPro Wireless Headphones designed for everyday use with reliable quality, comfortable design and useful features. Suitable for electronics needs."
P0835,Coffee Maker,Home & Kitchen,FitMax,19235.16,4.2,977,"FitMax Coffee Maker designed for everyday use with reliable quality, comfortable design and useful features. Suitable for home & kitchen needs."
P0836,Air Fryer,Home & Kitchen,TechPro,49880.62,3.2,3346,"TechPro Air Fryer designed for everyday use with reliable quality, comfortable design and useful features. Suitable for home & kitchen needs."
P0837,Smart Watch,Electronics,Nova,15362.73,3.2,4814,"Nova Smart Watch designed for everyday use with reliable quality, comfortable design and useful features. Suitable for electronics needs."
P0838,Table Lamp,Home & Kitchen,GlowCare,21107.47,3.9,4130,"GlowCare Table Lamp designed for everyday use with reliable quality, comfortable design and useful features. Suitable for home & kitchen needs."
P0839,Laptop Stand,Electronics,UrbanX,8711.63,3.7,3101,"UrbanX Laptop Stand designed for everyday use with reliable quality, comfortable design and useful features. Suitable for electronics needs."
P0840,Cotton T-Shirt,Fashion,Nova,34581.2,3.5,1965,"Nova Cotton T-Shirt designed for everyday use with reliable quality, comfortable design and useful features. Suitable for fashion needs."
P0841,Bluetooth Speaker,Electronics,FitMax,16913.04,3.0,1625,"FitMax Bluetooth Speaker designed for everyday use with reliable quality, comfortable design and useful features. Suitable for electronics needs."
P0842,Body Lotion,Beauty,GlowCare,6944.88,3.3,4910,"GlowCare Body Lotion designed for everyday use with reliable quality, comfortable design and useful features. Suitable for beauty needs."
P0843,Denim Jacket,Fashion,TechPro,21115.2,2.8,4583,"TechPro Denim Jacket designed for everyday use with reliable quality, comfortable design and useful features. Suitable for fashion needs."
P0844,Sunscreen,Beauty,UrbanX,47347.45,4.5,4591,"UrbanX Sunscreen designed for everyday use with reliable quality, comfortable design and useful features. Suitable for beauty needs."
P0845,Wallet,Accessories,FitMax,18331.82,4.0,4927,"FitMax Wallet designed for everyday use with reliable quality, comfortable design and useful features. Suitable for accessories needs."
P0846,Storage Organizer,Home & Kitchen,GlowCare,13719.3,4.8,1907,"GlowCare Storage Organizer designed for everyday use with reliable quality, comfortable design and useful features. Suitable for home & kitchen needs."
P0847,Phone Case,Accessories,FitMax,20641.69,3.2,4353,"FitMax Phone Case designed for everyday use with reliable quality, comfortable design and useful features. Suitable for accessories needs."
P0848,Laptop Stand,Electronics,StyleHub,4561.05,3.0,2856,"StyleHub Laptop Stand designed for everyday use with reliable quality, comfortable design and useful features. Suitable for electronics needs."
P0849,Gym Gloves,Sports,GlowCare,43559.29,3.0,974,"GlowCare Gym Gloves designed for everyday use with reliable quality, comfortable design and useful features. Suitable for sports needs."
P0850,Travel Pouch,Accessories,FitMax,24727.26,3.8,4295,"FitMax Travel Pouch designed for everyday use with reliable quality, comfortable design and useful features. Suitable for accessories needs."
P0851,Phone Case,Accessories,GlowCare,26590.04,3.2,4718,"GlowCare Phone Case designed for everyday use with reliable quality, comfortable design and useful features. Suitable for accessories needs."
P0852,Body Lotion,Beauty,TechPro,45556.97,4.0,4938,"TechPro Body Lotion designed for everyday use with reliable quality, comfortable design and useful features. Suitable for beauty needs."
P0853,Phone Case,Accessories,UrbanX,20540.09,4.3,954,"UrbanX Phone Case designed for everyday use with reliable quality, comfortable design and useful features. Suitable for accessories needs."
P0854,Gym Gloves,Sports,TechPro,34917.75,3.2,834,"TechPro Gym Gloves designed for everyday use with reliable quality, comfortable design and useful features. Suitable for sports needs."
P0855,Self Help Book,Books,FitMax,44326.09,4.8,936,"FitMax Self Help Book designed for everyday use with reliable quality, comfortable design and useful features. Suitable for books needs."
P0856,Bluetooth Speaker,Electronics,TechPro,32474.63,4.7,3411,"TechPro Bluetooth Speaker designed for everyday use with reliable quality, comfortable design and useful features. Suitable for electronics needs."
P0857,Laptop Stand,Electronics,Nova,27368.99,3.0,3593,"Nova Laptop Stand designed for everyday use with reliable quality, comfortable design and useful features. Suitable for electronics needs."
P0858,Cricket Bat,Sports,StyleHub,4283.78,2.9,3376,"StyleHub Cricket Bat designed for everyday use with reliable quality, comfortable design and useful features. Suitable for sports needs."
P0859,Sports Track Pants,Fashion,UrbanX,22336.51,3.9,4680,"UrbanX Sports Track Pants designed for everyday use with reliable quality, comfortable design and useful features. Suitable for fashion needs."
P0860,Air Fryer,Home & Kitchen,HomeEase,17718.89,4.5,1881,"HomeEase Air Fryer designed for everyday use with reliable quality, comfortable design and useful features. Suitable for home & kitchen needs."
P0861,Sunscreen,Beauty,GlowCare,23489.52,4.2,1912,"GlowCare Sunscreen designed for everyday use with reliable quality, comfortable design and useful features. Suitable for beauty needs."
P0862,Cotton T-Shirt,Fashion,UrbanX,16647.18,4.0,148,"UrbanX Cotton T-Shirt designed for everyday use with reliable quality, comfortable design and useful features. Suitable for fashion needs."
P0863,Self Help Book,Books,GlowCare,34515.57,4.6,891,"GlowCare Self Help Book designed for everyday use with reliable quality, comfortable design and useful features. Suitable for books needs."
P0864,Hair Serum,Beauty,GlowCare,1005.78,4.6,2659,"GlowCare Hair Serum designed for everyday use with reliable quality, comfortable design and useful features. Suitable for beauty needs."
P0865,Wireless Headphones,Electronics,TechPro,49598.74,3.4,4064,"TechPro Wireless Headphones designed for everyday use with reliable quality, comfortable design and useful features. Suitable for electronics needs."
P0866,Moisturizer,Beauty,GlowCare,12799.71,4.7,1136,"GlowCare Moisturizer designed for everyday use with reliable quality, comfortable design and useful features. Suitable for beauty needs."
P0867,Air Fryer,Home & Kitchen,TechPro,48960.75,4.3,16,"TechPro Air Fryer designed for everyday use with reliable quality, comfortable design and useful features. Suitable for home & kitchen needs."
P0868,Air Fryer,Home & Kitchen,TechPro,29792.24,4.1,4756,"TechPro Air Fryer designed for everyday use with reliable quality, comfortable design and useful features. Suitable for home & kitchen needs."
P0869,Casual Shirt,Fashion,HomeEase,21566.31,3.4,4878,"HomeEase Casual Shirt designed for everyday use with reliable quality, comfortable design and useful features. Suitable for fashion needs."
P0870,Football,Sports,ReadMore,16325.21,4.3,1402,"ReadMore Football designed for everyday use with reliable quality, comfortable design and useful features. Suitable for sports needs."
P0871,Sports Track Pants,Fashion,HomeEase,6721.49,4.1,4568,"HomeEase Sports Track Pants designed for everyday use with reliable quality, comfortable design and useful features. Suitable for fashion needs."
P0872,Denim Jacket,Fashion,TechPro,36759.73,3.6,3677,"TechPro Denim Jacket designed for everyday use with reliable quality, comfortable design and useful features. Suitable for fashion needs."
P0873,Casual Shirt,Fashion,ReadMore,6493.04,2.9,526,"ReadMore Casual Shirt designed for everyday use with reliable quality, comfortable design and useful features. Suitable for fashion needs."
P0874,Smart Watch,Electronics,ReadMore,1586.04,4.2,4421,"ReadMore Smart Watch designed for everyday use with reliable quality, comfortable design and useful features. Suitable for electronics needs."
P0875,Non-Stick Pan,Home & Kitchen,FitMax,8896.43,3.5,1699,"FitMax Non-Stick Pan designed for everyday use with reliable quality, comfortable design and useful features. Suitable for home & kitchen needs."
P0876,Smart Watch,Electronics,StyleHub,40336.75,4.1,2177,"StyleHub Smart Watch designed for everyday use with reliable quality, comfortable design and useful features. Suitable for electronics needs."
P0877,Travel Pouch,Accessories,UrbanX,27424.48,4.6,1756,"UrbanX Travel Pouch designed for everyday use with reliable quality, comfortable design and useful features. Suitable for accessories needs."
P0878,Data Science Guide,Books,ReadMore,43176.85,3.1,4136,"ReadMore Data Science Guide designed for everyday use with reliable quality, comfortable design and useful features. Suitable for books needs."
P0879,Hair Serum,Beauty,HomeEase,26367.42,4.3,4540,"HomeEase Hair Serum designed for everyday use with reliable quality, comfortable design and useful features. Suitable for beauty needs."
P0880,Wireless Headphones,Electronics,StyleHub,34044.73,4.9,199,"StyleHub Wireless Headphones designed for everyday use with reliable quality, comfortable design and useful features. Suitable for electronics needs."
P0881,Travel Pouch,Accessories,TechPro,4266.03,4.8,2713,"TechPro Travel Pouch designed for everyday use with reliable quality, comfortable design and useful features. Suitable for accessories needs."
P0882,Non-Stick Pan,Home & Kitchen,ReadMore,45153.73,4.6,2369,"ReadMore Non-Stick Pan designed for everyday use with reliable quality, comfortable design and useful features. Suitable for home & kitchen needs."
P0883,Phone Case,Accessories,Nova,41608.61,4.8,614,"Nova Phone Case designed for everyday use with reliable quality, comfortable design and useful features. Suitable for accessories needs."
P0884,Body Lotion,Beauty,TechPro,20219.96,4.4,2258,"TechPro Body Lotion designed for everyday use with reliable quality, comfortable design and useful features. Suitable for beauty needs."
P0885,Sunglasses,Accessories,Nova,877.97,3.5,4576,"Nova Sunglasses designed for everyday use with reliable quality, comfortable design and useful features. Suitable for accessories needs."
P0886,Table Lamp,Home & Kitchen,TechPro,41214.6,4.8,330,"TechPro Table Lamp designed for everyday use with reliable quality, comfortable design and useful features. Suitable for home & kitchen needs."
P0887,Backpack,Accessories,GlowCare,19121.96,4.1,4608,"GlowCare Backpack designed for everyday use with reliable quality, comfortable design and useful features. Suitable for accessories needs."
P0888,Coffee Maker,Home & Kitchen,ReadMore,4928.27,3.5,4708,"ReadMore Coffee Maker designed for everyday use with reliable quality, comfortable design and useful features. Suitable for home & kitchen needs."
P0889,Storage Organizer,Home & Kitchen,StyleHub,4563.96,2.9,3608,"StyleHub Storage Organizer designed for everyday use with reliable quality, comfortable design and useful features. Suitable for home & kitchen needs."
P0890,Novel,Books,Nova,16136.36,3.8,133,"Nova Novel designed for everyday use with reliable quality, comfortable design and useful features. Suitable for books needs."
P0891,Smart Watch,Electronics,StyleHub,43004.91,4.1,2999,"StyleHub Smart Watch designed for everyday use with reliable quality, comfortable design and useful features. Suitable for electronics needs."
P0892,Bluetooth Speaker,Electronics,FitMax,6589.63,4.1,1649,"FitMax Bluetooth Speaker designed for everyday use with reliable quality, comfortable design and useful features. Suitable for electronics needs."
P0893,Yoga Mat,Sports,GlowCare,43667.4,3.9,175,"GlowCare Yoga Mat designed for everyday use with reliable quality, comfortable design and useful features. Suitable for sports needs."
P0894,Body Lotion,Beauty,FitMax,38420.44,3.5,2163,"FitMax Body Lotion designed for everyday use with reliable quality, comfortable design and useful features. Suitable for beauty needs."
P0895,Body Lotion,Beauty,HomeEase,11779.56,3.3,3276,"HomeEase Body Lotion designed for everyday use with reliable quality, comfortable design and useful features. Suitable for beauty needs."
P0896,Cotton T-Shirt,Fashion,ReadMore,14255.67,3.5,928,"ReadMore Cotton T-Shirt designed for everyday use with reliable quality, comfortable design and useful features. Suitable for fashion needs."
P0897,Laptop Stand,Electronics,ReadMore,3038.94,3.0,4880,"ReadMore Laptop Stand designed for everyday use with reliable quality, comfortable design and useful features. Suitable for electronics needs."
P0898,Sunglasses,Accessories,UrbanX,14923.12,4.9,2662,"UrbanX Sunglasses designed for everyday use with reliable quality, comfortable design and useful features. Suitable for accessories needs."
P0899,Storage Organizer,Home & Kitchen,ReadMore,20077.51,4.1,1248,"ReadMore Storage Organizer designed for everyday use with reliable quality, comfortable design and useful features. Suitable for home & kitchen needs."
P0900,Bluetooth Speaker,Electronics,ReadMore,27328.66,3.1,1971,"ReadMore Bluetooth Speaker designed for everyday use with reliable quality, comfortable design and useful features. Suitable for electronics needs."
P0901,Sunglasses,Accessories,GlowCare,23414.84,3.2,1898,"GlowCare Sunglasses designed for everyday use with reliable quality, comfortable design and useful features. Suitable for accessories needs."
P0902,Business Book,Books,TechPro,47089.53,4.0,3897,"TechPro Business Book designed for everyday use with reliable quality, comfortable design and useful features. Suitable for books needs."
P0903,Power Bank,Electronics,Nova,41692.58,3.5,2168,"Nova Power Bank designed for everyday use with reliable quality, comfortable design and useful features. Suitable for electronics needs."
P0904,Business Book,Books,TechPro,46545.0,4.3,2575,"TechPro Business Book designed for everyday use with reliable quality, comfortable design and useful features. Suitable for books needs."
P0905,Yoga Mat,Sports,GlowCare,39541.74,3.5,751,"GlowCare Yoga Mat designed for everyday use with reliable quality, comfortable design and useful features. Suitable for sports needs."
P0906,Backpack,Accessories,UrbanX,40824.32,3.8,2834,"UrbanX Backpack designed for everyday use with reliable quality, comfortable design and useful features. Suitable for accessories needs."
P0907,Novel,Books,HomeEase,25064.29,3.0,1778,"HomeEase Novel designed for everyday use with reliable quality, comfortable design and useful features. Suitable for books needs."
P0908,Business Book,Books,StyleHub,43657.22,3.8,951,"StyleHub Business Book designed for everyday use with reliable quality, comfortable design and useful features. Suitable for books needs."
P0909,Data Science Guide,Books,TechPro,33051.58,3.8,248,"TechPro Data Science Guide designed for everyday use with reliable quality, comfortable design and useful features. Suitable for books needs."
P0910,Running Shoes,Fashion,UrbanX,36577.53,3.1,1197,"UrbanX Running Shoes designed for everyday use with reliable quality, comfortable design and useful features. Suitable for fashion needs."
P0911,Cotton T-Shirt,Fashion,Nova,30168.98,4.1,4842,"Nova Cotton T-Shirt designed for everyday use with reliable quality, comfortable design and useful features. Suitable for fashion needs."
P0912,Non-Stick Pan,Home & Kitchen,Nova,6514.84,3.7,934,"Nova Non-Stick Pan designed for everyday use with reliable quality, comfortable design and useful features. Suitable for home & kitchen needs."
P0913,Yoga Mat,Sports,FitMax,10598.78,2.9,2123,"FitMax Yoga Mat designed for everyday use with reliable quality, comfortable design and useful features. Suitable for sports needs."
P0914,Data Science Guide,Books,Nova,5108.99,3.1,924,"Nova Data Science Guide designed for everyday use with reliable quality, comfortable design and useful features. Suitable for books needs."
P0915,Non-Stick Pan,Home & Kitchen,UrbanX,26591.52,4.3,1874,"UrbanX Non-Stick Pan designed for everyday use with reliable quality, comfortable design and useful features. Suitable for home & kitchen needs."
P0916,Smart Watch,Electronics,FitMax,14956.02,3.1,563,"FitMax Smart Watch designed for everyday use with reliable quality, comfortable design and useful features. Suitable for electronics needs."
P0917,Storage Organizer,Home & Kitchen,GlowCare,29863.86,3.0,4404,"GlowCare Storage Organizer designed for everyday use with reliable quality, comfortable design and useful features. Suitable for home & kitchen needs."
P0918,Data Science Guide,Books,ReadMore,29412.87,4.6,1306,"ReadMore Data Science Guide designed for everyday use with reliable quality, comfortable design and useful features. Suitable for books needs."
P0919,Air Fryer,Home & Kitchen,FitMax,45805.25,3.6,697,"FitMax Air Fryer designed for everyday use with reliable quality, comfortable design and useful features. Suitable for home & kitchen needs."
P0920,Travel Pouch,Accessories,Nova,16289.37,5.0,3825,"Nova Travel Pouch designed for everyday use with reliable quality, comfortable design and useful features. Suitable for accessories needs."
P0921,Business Book,Books,ReadMore,40122.88,3.8,3990,"ReadMore Business Book designed for everyday use with reliable quality, comfortable design and useful features. Suitable for books needs."
P0922,Travel Pouch,Accessories,HomeEase,33677.08,3.9,1552,"HomeEase Travel Pouch designed for everyday use with reliable quality, comfortable design and useful features. Suitable for accessories needs."
P0923,Novel,Books,GlowCare,49128.56,3.0,1787,"GlowCare Novel designed for everyday use with reliable quality, comfortable design and useful features. Suitable for books needs."
P0924,Face Wash,Beauty,TechPro,6781.55,3.8,3961,"TechPro Face Wash designed for everyday use with reliable quality, comfortable design and useful features. Suitable for beauty needs."
P0925,Football,Sports,TechPro,9625.33,3.8,426,"TechPro Football designed for everyday use with reliable quality, comfortable design and useful features. Suitable for sports needs."
P0926,Moisturizer,Beauty,Nova,41800.55,3.2,4680,"Nova Moisturizer designed for everyday use with reliable quality, comfortable design and useful features. Suitable for beauty needs."
P0927,Air Fryer,Home & Kitchen,FitMax,17783.52,4.6,1478,"FitMax Air Fryer designed for everyday use with reliable quality, comfortable design and useful features. Suitable for home & kitchen needs."
P0928,Football,Sports,Nova,22379.25,2.8,4244,"Nova Football designed for everyday use with reliable quality, comfortable design and useful features. Suitable for sports needs."
P0929,Phone Case,Accessories,ReadMore,11179.28,4.2,269,"ReadMore Phone Case designed for everyday use with reliable quality, comfortable design and useful features. Suitable for accessories needs."
P0930,Sports Track Pants,Fashion,HomeEase,3166.44,4.1,3129,"HomeEase Sports Track Pants designed for everyday use with reliable quality, comfortable design and useful features. Suitable for fashion needs."
P0931,Air Fryer,Home & Kitchen,TechPro,33391.79,3.0,929,"TechPro Air Fryer designed for everyday use with reliable quality, comfortable design and useful features. Suitable for home & kitchen needs."
P0932,Storage Organizer,Home & Kitchen,TechPro,37165.22,3.3,39,"TechPro Storage Organizer designed for everyday use with reliable quality, comfortable design and useful features. Suitable for home & kitchen needs."
P0933,Business Book,Books,GlowCare,42768.33,4.9,3143,"GlowCare Business Book designed for everyday use with reliable quality, comfortable design and useful features. Suitable for books needs."
P0934,Wallet,Accessories,FitMax,23825.86,2.8,4551,"FitMax Wallet designed for everyday use with reliable quality, comfortable design and useful features. Suitable for accessories needs."
P0935,Body Lotion,Beauty,TechPro,43925.07,4.0,1021,"TechPro Body Lotion designed for everyday use with reliable quality, comfortable design and useful features. Suitable for beauty needs."
P0936,Wallet,Accessories,Nova,45156.64,4.0,1456,"Nova Wallet designed for everyday use with reliable quality, comfortable design and useful features. Suitable for accessories needs."
P0937,Smart Watch,Electronics,TechPro,29541.89,3.8,3445,"TechPro Smart Watch designed for everyday use with reliable quality, comfortable design and useful features. Suitable for electronics needs."
P0938,Smart Watch,Electronics,FitMax,49203.77,4.6,1522,"FitMax Smart Watch designed for everyday use with reliable quality, comfortable design and useful features. Suitable for electronics needs."
P0939,Programming Book,Books,FitMax,18034.36,5.0,1455,"FitMax Programming Book designed for everyday use with reliable quality, comfortable design and useful features. Suitable for books needs."
P0940,Smart Watch,Electronics,HomeEase,19229.55,4.0,2710,"HomeEase Smart Watch designed for everyday use with reliable quality, comfortable design and useful features. Suitable for electronics needs."
P0941,Non-Stick Pan,Home & Kitchen,GlowCare,33586.63,4.2,4211,"GlowCare Non-Stick Pan designed for everyday use with reliable quality, comfortable design and useful features. Suitable for home & kitchen needs."
P0942,Laptop Stand,Electronics,FitMax,16900.51,3.2,2036,"FitMax Laptop Stand designed for everyday use with reliable quality, comfortable design and useful features. Suitable for electronics needs."
P0943,Air Fryer,Home & Kitchen,ReadMore,27582.24,4.9,2658,"ReadMore Air Fryer designed for everyday use with reliable quality, comfortable design and useful features. Suitable for home & kitchen needs."
P0944,Body Lotion,Beauty,StyleHub,5027.89,3.2,371,"StyleHub Body Lotion designed for everyday use with reliable quality, comfortable design and useful features. Suitable for beauty needs."
P0945,Cotton T-Shirt,Fashion,UrbanX,27436.06,3.8,1859,"UrbanX Cotton T-Shirt designed for everyday use with reliable quality, comfortable design and useful features. Suitable for fashion needs."
P0946,Gym Gloves,Sports,UrbanX,31460.72,4.2,4135,"UrbanX Gym Gloves designed for everyday use with reliable quality, comfortable design and useful features. Suitable for sports needs."
P0947,Travel Pouch,Accessories,UrbanX,43739.51,4.6,1456,"UrbanX Travel Pouch designed for everyday use with reliable quality, comfortable design and useful features. Suitable for accessories needs."
P0948,Wireless Headphones,Electronics,TechPro,37035.21,4.1,3351,"TechPro Wireless Headphones designed for everyday use with reliable quality, comfortable design and useful features. Suitable for electronics needs."
P0949,Casual Shirt,Fashion,GlowCare,13777.0,4.4,1317,"GlowCare Casual Shirt designed for everyday use with reliable quality, comfortable design and useful features. Suitable for fashion needs."
P0950,Non-Stick Pan,Home & Kitchen,TechPro,3584.07,3.2,131,"TechPro Non-Stick Pan designed for everyday use with reliable quality, comfortable design and useful features. Suitable for home & kitchen needs."
P0951,Table Lamp,Home & Kitchen,HomeEase,26075.66,5.0,4084,"HomeEase Table Lamp designed for everyday use with reliable quality, comfortable design and useful features. Suitable for home & kitchen needs."
P0952,Non-Stick Pan,Home & Kitchen,StyleHub,6822.89,3.1,4091,"StyleHub Non-Stick Pan designed for everyday use with reliable quality, comfortable design and useful features. Suitable for home & kitchen needs."
P0953,Self Help Book,Books,UrbanX,45369.69,5.0,2117,"UrbanX Self Help Book designed for everyday use with reliable quality, comfortable design and useful features. Suitable for books needs."
P0954,Novel,Books,ReadMore,36596.81,4.3,1380,"ReadMore Novel designed for everyday use with reliable quality, comfortable design and useful features. Suitable for books needs."
P0955,Self Help Book,Books,TechPro,17621.75,3.3,1945,"TechPro Self Help Book designed for everyday use with reliable quality, comfortable design and useful features. Suitable for books needs."
P0956,Bluetooth Speaker,Electronics,StyleHub,11384.2,3.0,4780,"StyleHub Bluetooth Speaker designed for everyday use with reliable quality, comfortable design and useful features. Suitable for electronics needs."
P0957,Air Fryer,Home & Kitchen,GlowCare,39053.59,4.0,2698,"GlowCare Air Fryer designed for everyday use with reliable quality, comfortable design and useful features. Suitable for home & kitchen needs."
P0958,Coffee Maker,Home & Kitchen,StyleHub,28455.07,4.6,4396,"StyleHub Coffee Maker designed for everyday use with reliable quality, comfortable design and useful features. Suitable for home & kitchen needs."
P0959,Body Lotion,Beauty,Nova,6831.47,3.4,1632,"Nova Body Lotion designed for everyday use with reliable quality, comfortable design and useful features. Suitable for beauty needs."
P0960,Laptop Stand,Electronics,Nova,9300.01,3.5,301,"Nova Laptop Stand designed for everyday use with reliable quality, comfortable design and useful features. Suitable for electronics needs."
P0961,Novel,Books,Nova,12279.4,3.0,1103,"Nova Novel designed for everyday use with reliable quality, comfortable design and useful features. Suitable for books needs."
P0962,Data Science Guide,Books,ReadMore,6603.11,4.1,1253,"ReadMore Data Science Guide designed for everyday use with reliable quality, comfortable design and useful features. Suitable for books needs."
P0963,Air Fryer,Home & Kitchen,ReadMore,27615.48,3.7,1063,"ReadMore Air Fryer designed for everyday use with reliable quality, comfortable design and useful features. Suitable for home & kitchen needs."
P0964,Programming Book,Books,FitMax,13920.72,3.9,3202,"FitMax Programming Book designed for everyday use with reliable quality, comfortable design and useful features. Suitable for books needs."
P0965,Air Fryer,Home & Kitchen,Nova,15939.67,4.2,4823,"Nova Air Fryer designed for everyday use with reliable quality, comfortable design and useful features. Suitable for home & kitchen needs."
P0966,Bluetooth Speaker,Electronics,Nova,28690.72,3.2,2982,"Nova Bluetooth Speaker designed for everyday use with reliable quality, comfortable design and useful features. Suitable for electronics needs."
P0967,Football,Sports,UrbanX,21911.56,4.1,2073,"UrbanX Football designed for everyday use with reliable quality, comfortable design and useful features. Suitable for sports needs."
P0968,Running Shoes,Fashion,ReadMore,9029.86,4.4,1038,"ReadMore Running Shoes designed for everyday use with reliable quality, comfortable design and useful features. Suitable for fashion needs."
P0969,Programming Book,Books,FitMax,29032.09,2.8,4481,"FitMax Programming Book designed for everyday use with reliable quality, comfortable design and useful features. Suitable for books needs."
P0970,Laptop Stand,Electronics,GlowCare,43200.3,3.5,1416,"GlowCare Laptop Stand designed for everyday use with reliable quality, comfortable design and useful features. Suitable for electronics needs."
P0971,Bluetooth Speaker,Electronics,Nova,44330.33,3.8,792,"Nova Bluetooth Speaker designed for everyday use with reliable quality, comfortable design and useful features. Suitable for electronics needs."
P0972,Wallet,Accessories,GlowCare,34016.52,4.8,3265,"GlowCare Wallet designed for everyday use with reliable quality, comfortable design and useful features. Suitable for accessories needs."
P0973,Backpack,Accessories,ReadMore,31995.74,3.5,4621,"ReadMore Backpack designed for everyday use with reliable quality, comfortable design and useful features. Suitable for accessories needs."
P0974,Self Help Book,Books,TechPro,11187.42,3.1,1192,"TechPro Self Help Book designed for everyday use with reliable quality, comfortable design and useful features. Suitable for books needs."
P0975,Hair Serum,Beauty,StyleHub,12104.51,4.5,203,"StyleHub Hair Serum designed for everyday use with reliable quality, comfortable design and useful features. Suitable for beauty needs."
P0976,Casual Shirt,Fashion,GlowCare,31093.49,4.6,1179,"GlowCare Casual Shirt designed for everyday use with reliable quality, comfortable design and useful features. Suitable for fashion needs."
P0977,Moisturizer,Beauty,TechPro,44336.15,3.1,803,"TechPro Moisturizer designed for everyday use with reliable quality, comfortable design and useful features. Suitable for beauty needs."
P0978,Casual Shirt,Fashion,FitMax,2911.41,3.2,3089,"FitMax Casual Shirt designed for everyday use with reliable quality, comfortable design and useful features. Suitable for fashion needs."
P0979,Casual Shirt,Fashion,UrbanX,36359.34,3.6,3175,"UrbanX Casual Shirt designed for everyday use with reliable quality, comfortable design and useful features. Suitable for fashion needs."
P0980,Denim Jacket,Fashion,HomeEase,15799.67,4.2,1855,"HomeEase Denim Jacket designed for everyday use with reliable quality, comfortable design and useful features. Suitable for fashion needs."
P0981,Cricket Bat,Sports,HomeEase,10090.85,4.5,2268,"HomeEase Cricket Bat designed for everyday use with reliable quality, comfortable design and useful features. Suitable for sports needs."
P0982,Laptop Stand,Electronics,GlowCare,37612.69,4.8,2922,"GlowCare Laptop Stand designed for everyday use with reliable quality, comfortable design and useful features. Suitable for electronics needs."
P0983,Cricket Bat,Sports,Nova,3308.08,3.9,4332,"Nova Cricket Bat designed for everyday use with reliable quality, comfortable design and useful features. Suitable for sports needs."
P0984,Air Fryer,Home & Kitchen,FitMax,30077.4,3.9,1301,"FitMax Air Fryer designed for everyday use with reliable quality, comfortable design and useful features. Suitable for home & kitchen needs."
P0985,Travel Pouch,Accessories,StyleHub,43590.5,4.5,3997,"StyleHub Travel Pouch designed for everyday use with reliable quality, comfortable design and useful features. Suitable for accessories needs."
P0986,Data Science Guide,Books,GlowCare,42694.79,3.5,1467,"GlowCare Data Science Guide designed for everyday use with reliable quality, comfortable design and useful features. Suitable for books needs."
P0987,Bluetooth Speaker,Electronics,UrbanX,12328.84,3.5,1312,"UrbanX Bluetooth Speaker designed for everyday use with reliable quality, comfortable design and useful features. Suitable for electronics needs."
P0988,Storage Organizer,Home & Kitchen,HomeEase,454.95,3.8,692,"HomeEase Storage Organizer designed for everyday use with reliable quality, comfortable design and useful features. Suitable for home & kitchen needs."
P0989,Sunscreen,Beauty,ReadMore,43587.33,3.4,3802,"ReadMore Sunscreen designed for everyday use with reliable quality, comfortable design and useful features. Suitable for beauty needs."
P0990,Coffee Maker,Home & Kitchen,StyleHub,35310.04,4.4,1340,"StyleHub Coffee Maker designed for everyday use with reliable quality, comfortable design and useful features. Suitable for home & kitchen needs."
P0991,Business Book,Books,TechPro,43676.55,3.2,620,"TechPro Business Book designed for everyday use with reliable quality, comfortable design and useful features. Suitable for books needs."
P0992,Sunglasses,Accessories,Nova,23877.69,4.7,4272,"Nova Sunglasses designed for everyday use with reliable quality, comfortable design and useful features. Suitable for accessories needs."
P0993,Backpack,Accessories,TechPro,41853.82,4.0,694,"TechPro Backpack designed for everyday use with reliable quality, comfortable design and useful features. Suitable for accessories needs."
P0994,Phone Case,Accessories,StyleHub,25652.46,4.1,3815,"StyleHub Phone Case designed for everyday use with reliable quality, comfortable design and useful features. Suitable for accessories needs."
P0995,Sunscreen,Beauty,FitMax,46705.52,3.7,451,"FitMax Sunscreen designed for everyday use with reliable quality, comfortable design and useful features. Suitable for beauty needs."
P0996,Body Lotion,Beauty,GlowCare,7270.31,3.5,3704,"GlowCare Body Lotion designed for everyday use with reliable quality, comfortable design and useful features. Suitable for beauty needs."
P0997,Wallet,Accessories,UrbanX,15452.79,3.5,3155,"UrbanX Wallet designed for everyday use with reliable quality, comfortable design and useful features. Suitable for accessories needs."
P0998,Novel,Books,GlowCare,43151.33,3.3,3667,"GlowCare Novel designed for everyday use with reliable quality, comfortable design and useful features. Suitable for books needs."
P0999,Table Lamp,Home & Kitchen,Nova,6786.94,5.0,1729,"Nova Table Lamp designed for everyday use with reliable quality, comfortable design and useful features. Suitable for home & kitchen needs."
P1000,Business Book,Books,Nova,11230.56,2.9,4179,"Nova Business Book designed for everyday use with reliable quality, comfortable design and useful features. Suitable for books needs."
