transaction_id,customer_id,product_id,interaction_type,quantity,discount_percent,total_amount
T00001,C0873,P0450,view,4,25,119906.82
T00002,C0820,P0990,cart,3,5,100633.61
T00003,C0912,P0406,view,4,20,52736.61
T00004,C0637,P0260,purchase,1,5,41256.7
T00005,C0214,P0239,view,4,10,8672.26
T00006,C0317,P0244,cart,4,15,149446.22
T00007,C0303,P0331,cart,1,20,23805.78
T00008,C0287,P0940,view,4,15,65380.47
T00009,C0381,P0063,view,4,10,16017.48
T00010,C0649,P0830,wishlist,3,10,58530.11
T00011,C0394,P0692,view,4,25,3904.95
T00012,C0379,P0907,view,4,5,95244.3
T00013,C0919,P0119,purchase,2,5,60617.39
T00014,C0666,P0523,view,2,10,29564.98
T00015,C0573,P0644,wishlist,1,25,3283.64
T00016,C0547,P0486,purchase,2,10,42466.03
T00017,C0111,P0322,view,3,0,91418.01
T00018,C0538,P0624,view,1,0,4106.1
T00019,C0879,P0388,purchase,2,10,47894.49
T00020,C0056,P0733,purchase,1,5,17764.05
T00021,C0641,P0562,purchase,4,25,128925.12
T00022,C0174,P0795,view,2,5,77721.23
T00023,C0617,P0652,view,2,20,34610.66
T00024,C0046,P0729,purchase,4,25,114485.01
T00025,C0856,P0272,cart,4,25,22397.76
T00026,C0078,P0501,view,4,5,80621.98
T00027,C0494,P0197,view,4,10,162171.0
T00028,C0973,P0544,wishlist,3,0,106235.73
T00029,C0194,P0519,view,4,10,151051.5
T00030,C0799,P0940,view,1,20,15383.64
T00031,C0461,P0139,cart,1,15,10210.96
T00032,C0699,P0835,view,4,10,69246.58
T00033,C0898,P0262,purchase,3,25,50007.33
T00034,C0657,P0773,view,2,5,89762.36
T00035,C0362,P0956,purchase,1,15,9676.57
T00036,C0312,P0582,purchase,4,25,29854.47
T00037,C0351,P0028,view,3,10,30401.92
T00038,C0380,P0602,cart,4,20,64036.03
T00039,C0903,P0742,wishlist,1,10,26376.38
T00040,C0332,P0117,view,1,10,26620.92
T00041,C0122,P0894,purchase,2,0,76840.88
T00042,C0888,P0770,view,2,20,41907.62
T00043,C0034,P0247,cart,3,10,129795.75
T00044,C0939,P0912,purchase,4,5,24756.39
T00045,C0738,P0945,wishlist,3,25,61731.14
T00046,C0207,P0035,wishlist,2,20,50798.05
T00047,C0982,P0279,purchase,4,10,15079.39
T00048,C0829,P0392,view,4,15,104459.53
T00049,C0157,P0855,wishlist,2,20,70921.74
T00050,C0678,P0761,view,2,0,74265.48
T00051,C0470,P0254,purchase,2,5,67423.19
T00052,C0338,P0740,cart,2,20,2307.71
T00053,C0870,P0808,cart,1,20,29965.93
T00054,C0374,P0578,purchase,4,15,152972.36
T00055,C0380,P0880,cart,1,0,34044.73
T00056,C0657,P0112,wishlist,4,25,149954.82
T00057,C0982,P0507,purchase,3,10,81357.72
T00058,C0759,P0516,purchase,1,25,16737.42
T00059,C0351,P0334,cart,2,0,9913.32
T00060,C0941,P0728,view,3,25,35429.35
T00061,C0056,P0403,cart,2,5,52900.24
T00062,C0678,P0965,view,4,5,60570.75
T00063,C0112,P0535,cart,3,15,92284.02
T00064,C0197,P0790,view,4,10,47517.19
T00065,C0100,P0479,purchase,1,15,18565.6
T00066,C0292,P0125,view,3,5,58994.23
T00067,C0882,P0864,wishlist,1,15,854.91
T00068,C0483,P0502,purchase,3,20,5705.3
T00069,C0553,P0203,wishlist,4,25,12967.11
T00070,C0615,P0107,view,3,0,11981.34
T00071,C0969,P0854,view,3,20,83802.6
T00072,C0805,P0311,cart,1,15,33843.11
T00073,C0585,P0183,view,1,20,16125.6
T00074,C0960,P0160,purchase,4,20,23445.66
T00075,C0072,P0892,purchase,2,5,12520.3
T00076,C0281,P0883,purchase,1,20,33286.89
T00077,C0609,P0450,cart,4,25,119906.82
T00078,C0512,P0121,view,2,0,69883.14
T00079,C0396,P0318,view,3,25,43985.68
T00080,C0194,P0693,view,1,20,37334.99
T00081,C0202,P0466,wishlist,3,25,63245.11
T00082,C0026,P0821,view,2,5,38529.62
T00083,C0413,P0665,view,4,5,47604.42
T00084,C0687,P0587,cart,1,5,14472.73
T00085,C0969,P0032,view,2,25,4143.96
T00086,C0017,P0534,wishlist,4,25,94209.93
T00087,C0436,P0008,cart,4,10,145645.88
T00088,C0780,P0801,wishlist,2,15,49746.3
T00089,C0816,P0466,purchase,3,10,75894.14
T00090,C0325,P0419,view,3,10,132260.61
T00091,C0981,P0912,purchase,4,0,26059.36
T00092,C0657,P0171,cart,2,0,83812.08
T00093,C0066,P0060,wishlist,1,25,12773.37
T00094,C0229,P0100,view,3,20,106987.03
T00095,C0221,P0941,wishlist,3,20,80607.91
T00096,C0211,P0791,view,3,25,105662.29
T00097,C0518,P0248,view,1,25,27919.28
T00098,C0392,P0540,cart,1,0,40496.32
T00099,C0038,P0308,purchase,2,10,21384.27
T00100,C0606,P0606,view,4,20,38946.78
T00101,C0835,P0137,purchase,2,15,63447.21
T00102,C0395,P0037,view,2,10,1845.13
T00103,C0647,P0571,view,3,10,130089.4
T00104,C0301,P0865,view,1,15,42158.93
T00105,C0335,P0925,wishlist,3,5,27432.19
T00106,C0686,P0083,purchase,1,25,16172.18
T00107,C0250,P0765,wishlist,3,10,74848.27
T00108,C0339,P0638,view,1,0,19947.37
T00109,C0578,P0623,purchase,4,15,38009.69
T00110,C0244,P0843,view,2,15,35895.84
T00111,C0333,P0965,purchase,1,10,14345.7
T00112,C0690,P0641,cart,1,10,44188.11
T00113,C0560,P0138,view,3,20,73092.6
T00114,C0006,P0523,purchase,1,5,15603.74
T00115,C0934,P0498,purchase,1,10,29137.13
T00116,C0639,P0131,wishlist,2,5,35284.71
T00117,C0438,P0243,purchase,3,25,92853.25
T00118,C0735,P0882,purchase,3,5,128688.13
T00119,C0525,P0831,cart,2,10,22723.65
T00120,C0133,P0014,purchase,1,15,15270.52
T00121,C0396,P0104,purchase,1,25,10509.43
T00122,C0412,P0931,view,2,0,66783.58
T00123,C0818,P0199,view,1,15,21226.84
T00124,C0586,P0306,view,3,20,17168.71
T00125,C0032,P0408,purchase,2,10,35454.56
T00126,C0957,P0787,view,1,10,27950.28
T00127,C0256,P0241,wishlist,1,5,2497.0
T00128,C0896,P0907,view,2,15,42609.29
T00129,C0832,P0001,view,1,5,8867.35
T00130,C0514,P0979,purchase,1,15,30905.44
T00131,C0080,P0623,purchase,1,25,8384.49
T00132,C0517,P0911,view,3,0,90506.94
T00133,C0794,P0518,purchase,3,15,20082.32
T00134,C0337,P0510,view,2,25,29123.32
T00135,C0370,P0411,purchase,4,25,34277.55
T00136,C0844,P0432,view,3,15,83581.1
T00137,C0365,P0836,wishlist,4,20,159617.98
T00138,C0912,P0391,cart,3,10,81015.85
T00139,C0229,P0785,cart,3,0,44298.96
T00140,C0185,P0512,wishlist,1,10,31027.55
T00141,C0205,P0742,purchase,2,25,43960.64
T00142,C0981,P0778,purchase,3,10,84752.59
T00143,C0549,P0392,cart,1,15,26114.88
T00144,C0627,P0604,wishlist,2,10,85599.43
T00145,C0719,P0117,purchase,3,0,88736.4
T00146,C0976,P0794,view,1,20,30086.1
T00147,C0588,P0209,wishlist,2,0,43706.8
T00148,C0863,P0079,view,4,5,5160.17
T00149,C0137,P0334,purchase,4,15,16852.64
T00150,C0421,P0124,purchase,4,0,26468.84
T00151,C0785,P0051,purchase,3,0,4229.82
T00152,C0662,P0665,view,3,10,33824.2
T00153,C0908,P0911,purchase,2,15,51287.27
T00154,C0388,P0045,wishlist,1,10,4727.05
T00155,C0475,P0567,view,1,25,25056.72
T00156,C0720,P0136,view,1,0,39499.73
T00157,C0275,P0384,view,2,10,87376.23
T00158,C0440,P0063,purchase,1,10,4004.37
T00159,C0034,P0705,view,3,0,108574.02
T00160,C0087,P0210,cart,2,0,69589.76
T00161,C0851,P0992,view,2,25,35816.53
T00162,C0392,P0938,view,1,10,44283.39
T00163,C0231,P0150,purchase,4,25,16537.86
T00164,C0809,P0275,purchase,1,5,17116.63
T00165,C0062,P0467,wishlist,4,25,82266.24
T00166,C0116,P0824,purchase,1,20,6406.62
T00167,C0854,P0430,purchase,4,0,112381.52
T00168,C0361,P0278,wishlist,4,0,187088.2
T00169,C0580,P0007,purchase,1,15,7387.44
T00170,C0347,P0955,cart,1,15,14978.49
T00171,C0410,P0543,purchase,3,0,143291.22
T00172,C0368,P0584,purchase,3,20,31541.45
T00173,C0528,P0402,purchase,3,15,13102.08
T00174,C0440,P0752,view,1,20,25281.54
T00175,C0701,P0267,view,2,10,71759.81
T00176,C0544,P0502,cart,3,20,5705.3
T00177,C0346,P0983,purchase,2,15,5623.74
T00178,C0315,P0025,wishlist,2,25,16615.99
T00179,C0117,P0199,view,3,25,56188.69
T00180,C0424,P0354,view,2,20,69905.87
T00181,C0855,P0010,purchase,3,15,50168.24
T00182,C0738,P0772,cart,4,15,94537.03
T00183,C0910,P0759,cart,3,5,82075.78
T00184,C0569,P0193,purchase,1,5,29717.54
T00185,C0855,P0114,cart,4,5,39971.97
T00186,C0980,P0322,purchase,2,25,45709.0
T00187,C0484,P0281,purchase,2,5,8101.92
T00188,C0651,P0613,purchase,4,10,154006.2
T00189,C0542,P0606,wishlist,4,20,38946.78
T00190,C0440,P0291,wishlist,3,10,52149.39
T00191,C0169,P0815,view,2,15,66500.57
T00192,C0645,P0143,cart,4,20,27869.44
T00193,C0719,P0475,purchase,1,15,33803.65
T00194,C0531,P0991,view,1,5,41492.72
T00195,C0758,P0481,wishlist,1,0,32051.36
T00196,C0324,P0965,purchase,3,20,38255.21
T00197,C0977,P0385,cart,2,5,39373.93
T00198,C0884,P0462,purchase,4,5,33850.78
T00199,C0975,P0234,purchase,1,10,15871.72
T00200,C0153,P0272,view,4,10,26877.31
T00201,C0430,P0651,view,1,15,25370.72
T00202,C0395,P0662,view,1,10,32604.03
T00203,C0234,P0688,purchase,4,25,33817.77
T00204,C0947,P0429,view,3,20,10807.08
T00205,C0572,P0379,purchase,2,20,74446.21
T00206,C0427,P0813,purchase,3,5,30238.96
T00207,C0751,P0285,view,1,25,3194.27
T00208,C0011,P0871,view,3,10,18148.02
T00209,C0584,P0671,wishlist,4,10,141879.13
T00210,C0022,P0892,purchase,1,15,5601.19
T00211,C0130,P0032,view,2,10,4972.75
T00212,C0504,P0845,view,1,20,14665.46
T00213,C0983,P0455,cart,1,15,14427.61
T00214,C0990,P0709,purchase,4,10,3338.96
T00215,C0248,P0946,purchase,2,0,62921.44
T00216,C0462,P0571,wishlist,3,10,130089.4
T00217,C0899,P0711,purchase,4,10,47012.04
T00218,C0783,P0851,view,4,10,95724.14
T00219,C0699,P0981,view,4,5,38345.23
T00220,C0519,P0362,purchase,4,10,99236.05
T00221,C0535,P0870,purchase,2,15,27752.86
T00222,C0444,P0648,cart,1,10,44055.97
T00223,C0582,P0871,wishlist,4,15,22853.07
T00224,C0652,P0465,wishlist,2,25,4712.82
T00225,C0716,P0892,view,4,20,21086.82
T00226,C0407,P0330,view,3,25,5312.11
T00227,C0986,P0384,purchase,3,15,123782.99
T00228,C0685,P0964,view,3,15,35497.84
T00229,C0826,P0266,cart,2,5,12796.48
T00230,C0445,P0263,view,4,20,32566.05
T00231,C0550,P0917,purchase,4,0,119455.44
T00232,C0092,P0566,view,3,15,59958.35
T00233,C0372,P0376,view,1,20,9859.36
T00234,C0691,P0844,wishlist,1,20,37877.96
T00235,C0512,P0658,wishlist,2,25,47171.75
T00236,C0095,P0631,cart,2,5,15264.32
T00237,C0366,P0889,view,3,5,13007.29
T00238,C0407,P0996,purchase,3,20,17448.74
T00239,C0586,P0484,view,4,20,58301.7
T00240,C0469,P0632,view,3,25,61997.92
T00241,C0378,P0177,purchase,2,10,70321.84
T00242,C0027,P0576,view,4,10,116613.54
T00243,C0661,P0270,purchase,4,20,109074.37
T00244,C0085,P0599,purchase,3,5,78911.14
T00245,C0887,P0089,purchase,1,25,2299.07
T00246,C0408,P0271,view,4,25,113701.65
T00247,C0448,P0543,cart,1,25,35822.81
T00248,C0328,P0812,purchase,2,10,43147.89
T00249,C0488,P0831,wishlist,2,15,21461.22
T00250,C0524,P0756,view,2,5,55323.84
T00251,C0503,P0604,view,4,10,171198.86
T00252,C0272,P0534,cart,2,0,62806.62
T00253,C0415,P0257,cart,3,25,42111.7
T00254,C0436,P0976,purchase,2,5,59077.63
T00255,C0019,P0365,view,1,10,21898.94
T00256,C0265,P0750,cart,2,0,47703.12
T00257,C0415,P0059,purchase,3,10,1234.47
T00258,C0301,P0608,view,3,5,123587.86
T00259,C0189,P0643,cart,3,15,119242.39
T00260,C0137,P0030,purchase,2,5,91444.87
T00261,C0617,P0503,view,3,5,116484.69
T00262,C0001,P0110,wishlist,2,10,74684.48
T00263,C0746,P0064,view,4,20,156148.58
T00264,C0302,P0968,purchase,2,5,17156.73
T00265,C0951,P0603,view,4,25,56132.58
T00266,C0708,P0982,purchase,4,10,135405.68
T00267,C0137,P0779,purchase,4,15,169386.78
T00268,C0570,P0206,view,2,25,16354.55
T00269,C0230,P0227,cart,3,25,27202.73
T00270,C0892,P0448,view,2,20,71806.21
T00271,C0663,P0352,view,1,15,2840.56
T00272,C0466,P0095,purchase,2,5,53214.31
T00273,C0795,P0356,view,4,15,65123.74
T00274,C0586,P0807,purchase,2,15,73439.3
T00275,C0235,P0003,view,4,10,10829.88
T00276,C0904,P0782,purchase,4,25,116049.06
T00277,C0928,P0064,view,3,15,124430.9
T00278,C0019,P0325,purchase,4,20,76999.42
T00279,C0017,P0623,wishlist,4,25,33537.96
T00280,C0749,P0766,purchase,4,0,56301.68
T00281,C0515,P0919,purchase,2,0,91610.5
T00282,C0685,P0484,cart,4,25,54657.84
T00283,C0075,P0040,wishlist,2,25,49599.32
T00284,C0999,P0245,wishlist,2,15,73763.43
T00285,C0594,P0189,purchase,4,5,75919.21
T00286,C0923,P0646,cart,4,10,135344.88
T00287,C0374,P0848,purchase,2,15,7753.78
T00288,C0741,P0821,view,1,5,19264.81
T00289,C0643,P0249,wishlist,4,5,49710.38
T00290,C0004,P0236,cart,1,5,23427.08
T00291,C0791,P0749,cart,3,5,78895.07
T00292,C0548,P0408,view,1,0,19696.98
T00293,C0878,P0420,purchase,3,5,74098.06
T00294,C0792,P0098,cart,4,10,173214.68
T00295,C0243,P0479,purchase,1,5,20749.79
T00296,C0179,P0508,purchase,1,25,6335.47
T00297,C0486,P1000,view,2,5,21338.06
T00298,C0757,P0757,view,4,10,31954.75
T00299,C0496,P0346,view,2,20,46570.66
T00300,C0673,P0150,view,2,0,11025.24
T00301,C0260,P0322,cart,1,25,22854.5
T00302,C0651,P0547,purchase,3,5,139513.94
T00303,C0712,P0325,wishlist,3,5,68577.61
T00304,C0879,P0032,view,4,15,9392.98
T00305,C0924,P0368,purchase,4,15,38062.9
T00306,C0572,P0597,view,4,25,100187.1
T00307,C0279,P0504,purchase,1,25,15234.83
T00308,C0566,P0839,view,1,15,7404.89
T00309,C0521,P0326,wishlist,4,15,52706.94
T00310,C0524,P0481,wishlist,4,5,121795.17
T00311,C0320,P0304,cart,4,5,187466.08
T00312,C0026,P0237,view,2,15,63653.12
T00313,C0549,P0265,purchase,2,20,12561.87
T00314,C0618,P0638,view,4,25,59842.11
T00315,C0642,P0991,purchase,4,0,174706.2
T00316,C0915,P0124,purchase,4,10,23821.96
T00317,C0729,P0831,view,3,25,28404.56
T00318,C0984,P0055,view,1,25,35114.63
T00319,C0910,P0797,view,3,20,109142.23
T00320,C0548,P0254,view,4,5,134846.38
T00321,C0075,P0993,cart,3,15,106727.24
T00322,C0382,P0037,wishlist,3,20,2460.17
T00323,C0001,P0721,purchase,4,5,168889.14
T00324,C0315,P0307,purchase,4,10,121449.38
T00325,C0606,P0910,cart,1,5,34748.65
T00326,C0012,P0514,view,2,20,2179.09
T00327,C0500,P0475,view,4,15,135214.6
T00328,C0586,P0233,view,3,25,20227.73
T00329,C0607,P0820,view,4,5,125991.01
T00330,C0364,P0599,view,1,10,24919.31
T00331,C0253,P0443,cart,4,15,84966.2
T00332,C0624,P0705,wishlist,1,25,27143.5
T00333,C0861,P0951,purchase,1,0,26075.66
T00334,C0790,P0150,purchase,1,15,4685.73
T00335,C0270,P0861,view,3,5,66945.13
T00336,C0630,P0864,view,3,10,2715.61
T00337,C0685,P0737,purchase,3,20,83799.26
T00338,C0327,P0930,view,3,15,8074.42
T00339,C0345,P0773,cart,4,20,151178.72
T00340,C0601,P0485,view,3,25,53071.11
T00341,C0846,P0376,cart,1,0,12324.2
T00342,C0986,P0137,view,2,10,67179.4
T00343,C0216,P0368,view,1,10,10075.47
T00344,C0358,P0078,view,1,20,27370.19
T00345,C0342,P0338,purchase,3,5,39532.64
T00346,C0577,P0521,purchase,1,15,23231.71
T00347,C0670,P0543,view,3,5,136126.66
T00348,C0010,P0857,purchase,4,15,93054.57
T00349,C0237,P0333,purchase,1,15,12955.37
T00350,C0459,P0460,view,1,20,17509.74
T00351,C0403,P0331,purchase,1,10,26781.5
T00352,C0397,P0953,view,4,15,154256.95
T00353,C0092,P0077,purchase,4,15,12420.85
T00354,C0730,P0959,view,1,20,5465.18
T00355,C0088,P0618,view,3,25,58995.02
T00356,C0551,P0399,purchase,3,25,61205.42
T00357,C0110,P0766,purchase,4,25,42226.26
T00358,C0761,P0564,wishlist,2,0,67908.2
T00359,C0037,P0846,view,1,5,13033.33
T00360,C0275,P0983,wishlist,1,0,3308.08
T00361,C0026,P0934,purchase,4,0,95303.44
T00362,C0069,P0327,wishlist,3,0,41327.04
T00363,C0320,P0757,view,4,5,33730.02
T00364,C0635,P0462,view,1,15,7571.89
T00365,C0487,P0480,view,4,0,89117.28
T00366,C0977,P0027,view,2,20,28411.09
T00367,C0025,P0072,wishlist,2,0,46679.52
T00368,C0826,P0095,wishlist,3,20,67218.07
T00369,C0117,P0164,purchase,1,25,20420.01
T00370,C0772,P0740,purchase,4,0,5769.28
T00371,C0358,P0740,cart,4,15,4903.89
T00372,C0873,P0430,cart,4,20,89905.22
T00373,C0941,P0665,purchase,3,0,37582.44
T00374,C0965,P0888,view,2,25,7392.41
T00375,C0461,P0624,view,3,10,11086.47
T00376,C0675,P0126,view,1,20,7819.99
T00377,C0711,P0197,view,2,20,72076.0
T00378,C0054,P0647,wishlist,3,20,8545.51
T00379,C0100,P0234,purchase,4,25,52905.72
T00380,C0542,P0755,view,2,20,24415.18
T00381,C0156,P0406,view,4,25,49440.57
T00382,C0683,P0554,cart,4,20,21342.43
T00383,C0732,P0452,view,3,25,81704.79
T00384,C0340,P0262,view,1,15,18891.66
T00385,C0551,P0306,purchase,2,25,10730.44
T00386,C0758,P0621,cart,4,10,136802.27
T00387,C0023,P0665,view,3,25,28186.83
T00388,C0266,P0073,purchase,1,20,37347.3
T00389,C0435,P0937,view,1,0,29541.89
T00390,C0018,P0676,view,3,25,1735.49
T00391,C0751,P0436,view,4,0,122885.72
T00392,C0632,P0348,wishlist,2,15,25808.52
T00393,C0175,P0515,purchase,2,25,62708.88
T00394,C0927,P0353,wishlist,4,10,168694.2
T00395,C0707,P0759,cart,1,5,27358.59
T00396,C0500,P0090,purchase,4,20,113118.11
T00397,C0689,P0348,cart,3,20,36435.55
T00398,C0420,P0072,view,2,25,35009.64
T00399,C0741,P0105,view,1,20,10754.17
T00400,C0043,P0940,view,3,5,54804.22
T00401,C0463,P0741,view,3,15,116095.41
T00402,C0112,P0911,purchase,3,0,90506.94
T00403,C0210,P0739,cart,1,25,17065.48
T00404,C0891,P0741,view,2,25,68291.42
T00405,C0850,P0870,wishlist,1,20,13060.17
T00406,C0292,P0817,purchase,2,0,93734.06
T00407,C0774,P0977,view,4,25,133008.45
T00408,C0212,P0776,cart,2,5,67380.59
T00409,C0714,P0084,cart,4,20,81153.82
T00410,C0256,P0586,purchase,4,15,2004.33
T00411,C0219,P0477,view,3,5,16879.58
T00412,C0690,P0560,cart,1,10,22525.05
T00413,C0691,P0480,wishlist,1,5,21165.35
T00414,C0859,P0179,view,1,5,40905.55
T00415,C0827,P0906,view,3,25,91854.72
T00416,C0502,P0546,view,1,5,15399.02
T00417,C0687,P0853,purchase,1,15,17459.08
T00418,C0365,P0740,view,3,15,3677.92
T00419,C0770,P0656,purchase,4,0,31637.84
T00420,C0449,P0564,purchase,3,10,91676.07
T00421,C0557,P0042,wishlist,3,15,80905.0
T00422,C0569,P1000,cart,1,15,9545.98
T00423,C0114,P0508,wishlist,4,15,28720.79
T00424,C0329,P0546,view,2,15,27556.13
T00425,C0079,P0767,purchase,1,10,43651.21
T00426,C0539,P0689,cart,3,20,26718.7
T00427,C0311,P0388,purchase,1,5,25277.65
T00428,C0549,P0506,view,4,20,146711.78
T00429,C0429,P0880,view,4,0,136178.92
T00430,C0014,P0054,view,3,25,21839.33
T00431,C0503,P0570,view,4,20,53264.29
T00432,C0248,P0127,view,3,25,10386.88
T00433,C0640,P0542,purchase,2,15,46827.67
T00434,C0593,P0449,cart,2,15,15934.78
T00435,C0410,P0091,wishlist,1,20,33564.27
T00436,C0775,P0672,view,1,0,35330.95
T00437,C0247,P0361,purchase,2,25,5390.97
T00438,C0798,P0760,view,3,15,97675.15
T00439,C0558,P0979,purchase,3,20,87262.42
T00440,C0444,P0234,cart,3,0,52905.72
T00441,C0264,P0113,cart,1,25,35436.25
T00442,C0146,P0357,cart,2,15,7188.93
T00443,C0108,P0925,view,4,10,34651.19
T00444,C0100,P0327,view,1,15,11709.33
T00445,C0632,P0680,cart,1,0,17817.7
T00446,C0434,P0867,view,2,0,97921.5
T00447,C0942,P0592,view,3,15,81341.48
T00448,C0151,P0055,cart,1,10,42137.56
T00449,C0119,P0197,wishlist,2,10,81085.5
T00450,C0878,P0824,wishlist,2,5,15215.71
T00451,C0952,P0517,purchase,2,0,96127.1
T00452,C0650,P0809,view,4,15,164870.22
T00453,C0219,P0568,cart,2,15,8793.03
T00454,C0961,P0377,view,1,0,19740.21
T00455,C0103,P0804,purchase,1,15,14002.37
T00456,C0175,P0735,purchase,1,25,2141.8
T00457,C0302,P0298,wishlist,3,25,93324.13
T00458,C0920,P0339,view,1,10,20159.45
T00459,C0554,P0864,view,2,25,1508.67
T00460,C0860,P0296,view,3,20,72035.9
T00461,C0197,P0773,purchase,1,0,47243.35
T00462,C0924,P0809,purchase,3,0,145473.72
T00463,C0934,P0830,wishlist,2,15,36852.29
T00464,C0546,P0677,cart,1,5,24621.08
T00465,C0801,P0118,view,2,15,59945.69
T00466,C0485,P0087,view,2,0,29601.8
T00467,C0032,P0357,view,3,15,10783.39
T00468,C0522,P0727,view,4,15,151661.08
T00469,C0965,P0357,purchase,3,10,11417.71
T00470,C0136,P0839,view,4,20,27877.22
T00471,C0155,P0594,purchase,4,0,3622.64
T00472,C0526,P0128,view,1,15,21478.8
T00473,C0529,P0557,view,2,15,71812.4
T00474,C0889,P0765,purchase,2,15,47126.69
T00475,C0561,P0277,purchase,3,15,90222.8
T00476,C0157,P0795,purchase,2,20,65449.46
T00477,C0681,P0464,purchase,1,20,16426.13
T00478,C0197,P0647,view,3,15,9079.61
T00479,C0220,P0898,view,4,0,59692.48
T00480,C0342,P0753,cart,3,0,53439.27
T00481,C0705,P0680,view,3,15,45435.14
T00482,C0760,P0677,view,4,0,103667.72
T00483,C0795,P0105,cart,3,25,30246.1
T00484,C0911,P0375,cart,2,20,21514.82
T00485,C0812,P0811,purchase,2,15,12011.67
T00486,C0535,P0240,wishlist,4,0,147250.36
T00487,C0141,P0452,cart,4,5,137990.31
T00488,C0893,P0726,view,4,20,91657.22
T00489,C0843,P0345,view,1,20,15237.7
T00490,C0952,P0552,purchase,1,15,30436.74
T00491,C0373,P0648,purchase,1,20,39160.86
T00492,C0333,P0393,purchase,2,10,18059.45
T00493,C0359,P0747,view,4,0,138485.4
T00494,C0395,P0035,purchase,1,0,31748.78
T00495,C0752,P0207,cart,1,20,19934.43
T00496,C0626,P0536,wishlist,1,25,30768.7
T00497,C0867,P0209,cart,3,10,59004.18
T00498,C0503,P0956,view,2,15,19353.14
T00499,C0981,P0831,cart,2,5,23986.07
T00500,C0042,P0156,cart,1,20,35998.25
T00501,C0188,P0617,wishlist,4,5,24953.73
T00502,C0271,P0622,view,1,15,10870.75
T00503,C0655,P0937,view,4,20,94534.05
T00504,C0852,P0667,view,1,15,34248.62
T00505,C0327,P0943,wishlist,2,0,55164.48
T00506,C0519,P0638,purchase,3,15,50865.79
T00507,C0397,P0962,view,2,10,11885.6
T00508,C0383,P0811,view,1,25,5299.27
T00509,C0227,P0451,wishlist,2,15,43109.11
T00510,C0655,P0203,purchase,2,15,7348.03
T00511,C0779,P0646,view,2,10,67672.44
T00512,C0018,P0463,view,3,0,130035.15
T00513,C0926,P0403,purchase,1,0,27842.23
T00514,C0351,P0187,purchase,3,0,3541.74
T00515,C0821,P0944,cart,3,15,12821.12
T00516,C0177,P0427,cart,4,10,139965.08
T00517,C0248,P0209,view,4,0,87413.6
T00518,C0618,P0988,view,3,20,1091.88
T00519,C0407,P0245,wishlist,1,5,41220.74
T00520,C0882,P0137,cart,2,5,70911.59
T00521,C0489,P0584,view,2,5,24970.31
T00522,C0556,P0157,purchase,2,15,10234.88
T00523,C0052,P0514,purchase,4,20,4358.18
T00524,C0564,P0809,view,4,5,184266.71
T00525,C0051,P0994,wishlist,3,10,69261.64
T00526,C0355,P0045,purchase,2,20,8403.65
T00527,C0431,P0256,wishlist,4,20,21367.33
T00528,C0790,P0277,view,4,10,127373.36
T00529,C0335,P0585,purchase,4,10,160300.91
T00530,C0787,P0795,cart,2,20,65449.46
T00531,C0230,P0085,view,2,20,31329.98
T00532,C0563,P0215,view,1,0,2398.44
T00533,C0800,P0200,cart,3,5,38391.27
T00534,C0752,P0349,view,4,5,76322.73
T00535,C0923,P0041,purchase,3,10,33056.75
T00536,C0740,P0407,wishlist,2,25,27811.22
T00537,C0508,P0586,view,4,15,2004.33
T00538,C0776,P0672,view,1,0,35330.95
T00539,C0206,P0869,view,1,0,21566.31
T00540,C0304,P0115,purchase,4,15,19904.18
T00541,C0626,P0786,view,4,20,42946.3
T00542,C0078,P0324,purchase,3,5,136062.05
T00543,C0679,P0457,view,4,0,72069.4
T00544,C0337,P0890,purchase,3,20,38727.26
T00545,C0722,P0305,purchase,4,5,184905.23
T00546,C0932,P0278,cart,3,20,112252.92
T00547,C0745,P0592,view,2,0,63797.24
T00548,C0034,P0329,purchase,1,25,7067.53
T00549,C0430,P0476,purchase,1,10,23550.3
T00550,C0122,P0547,cart,1,0,48952.26
T00551,C0012,P0125,purchase,3,10,55889.27
T00552,C0718,P0236,view,3,5,70281.23
T00553,C0406,P0243,cart,1,20,33014.49
T00554,C0225,P0925,cart,1,25,7219.0
T00555,C0507,P0587,view,3,20,36562.68
T00556,C0752,P0506,purchase,1,25,34385.57
T00557,C0933,P0789,purchase,4,5,118593.97
T00558,C0012,P0432,view,3,0,98330.7
T00559,C0707,P0369,view,1,10,35680.73
T00560,C0141,P0720,view,3,25,41721.05
T00561,C0403,P0953,view,4,10,163330.88
T00562,C0210,P0112,purchase,2,0,99969.88
T00563,C0331,P0365,view,3,15,62047.01
T00564,C0445,P0090,purchase,2,20,56559.06
T00565,C0448,P0718,wishlist,4,5,42145.95
T00566,C0906,P0355,view,1,5,18689.28
T00567,C0512,P0338,view,1,25,10403.33
T00568,C0132,P0611,view,2,25,30248.85
T00569,C0229,P0640,wishlist,4,20,11934.08
T00570,C0495,P0853,purchase,3,0,61620.27
T00571,C0189,P0663,view,4,15,114235.38
T00572,C0666,P0669,view,1,25,14010.31
T00573,C0351,P0174,view,1,0,46007.81
T00574,C0367,P0351,cart,4,10,136121.29
T00575,C0871,P0068,view,2,15,54374.3
T00576,C0164,P0926,purchase,4,25,125401.65
T00577,C0668,P0634,view,3,5,18220.79
T00578,C0172,P0358,view,1,20,39027.51
T00579,C0476,P0471,view,4,20,72323.65
T00580,C0602,P0359,cart,3,5,45094.52
T00581,C0117,P0610,view,2,15,12513.61
T00582,C0298,P0916,wishlist,1,5,14208.22
T00583,C0518,P0378,view,1,5,15110.95
T00584,C0553,P0169,view,3,15,48056.99
T00585,C0569,P0083,cart,2,10,38813.22
T00586,C0457,P0353,view,3,25,105433.88
T00587,C0762,P0295,view,2,25,23615.95
T00588,C0214,P0643,view,1,20,37409.38
T00589,C0159,P0834,wishlist,3,20,41808.34
T00590,C0339,P0242,view,1,5,3790.8
T00591,C0785,P0579,purchase,3,0,71323.08
T00592,C0768,P0579,view,2,20,38038.98
T00593,C0087,P0764,purchase,3,25,20111.58
T00594,C0202,P0929,cart,3,15,28507.16
T00595,C0181,P0725,purchase,1,10,36095.52
T00596,C0503,P0480,view,1,25,16709.49
T00597,C0955,P0024,purchase,1,0,31291.83
T00598,C0497,P0964,view,2,0,27841.44
T00599,C0543,P0036,purchase,1,0,9487.62
T00600,C0877,P0215,wishlist,3,20,5756.26
T00601,C0899,P0186,purchase,2,20,52821.46
T00602,C0111,P0829,cart,2,20,66012.29
T00603,C0079,P0494,purchase,3,15,92117.19
T00604,C0630,P0066,purchase,2,10,7607.65
T00605,C0123,P0231,view,3,15,78404.57
T00606,C0816,P0412,cart,2,0,80574.9
T00607,C0453,P0158,purchase,1,20,35163.78
T00608,C0587,P0418,wishlist,4,20,118561.02
T00609,C0238,P0153,wishlist,2,20,64025.52
T00610,C0808,P0731,view,2,0,7303.1
T00611,C0532,P0053,view,2,10,87009.14
T00612,C0707,P0973,purchase,1,5,30395.95
T00613,C0317,P0183,wishlist,1,5,19149.15
T00614,C0669,P0373,view,2,15,70970.43
T00615,C0341,P0299,purchase,2,15,3442.91
T00616,C0196,P0061,purchase,4,0,31680.28
T00617,C0480,P0333,wishlist,2,10,27434.9
T00618,C0731,P0924,view,2,5,12884.94
T00619,C0721,P0692,view,4,0,5206.6
T00620,C0021,P0950,purchase,3,0,10752.21
T00621,C0837,P0960,view,4,5,35340.04
T00622,C0073,P0091,cart,4,25,125866.02
T00623,C0246,P0611,purchase,3,5,57472.82
T00624,C0941,P0609,purchase,4,10,78992.6
T00625,C0794,P0597,view,1,10,30056.13
T00626,C0248,P0696,cart,1,20,35442.29
T00627,C0866,P0382,wishlist,4,5,136313.22
T00628,C0900,P0905,view,2,10,71175.13
T00629,C0685,P0143,view,3,5,24821.22
T00630,C0927,P0948,purchase,1,0,37035.21
T00631,C0631,P0121,purchase,4,10,125789.65
T00632,C0456,P0437,purchase,1,20,5775.03
T00633,C0182,P0677,cart,4,5,98484.33
T00634,C0444,P0251,purchase,2,5,10500.62
T00635,C0883,P0849,view,3,5,124143.98
T00636,C0208,P0204,purchase,2,20,23321.52
T00637,C0156,P0293,wishlist,1,0,20767.95
T00638,C0503,P0851,cart,4,0,106360.16
T00639,C0562,P0035,purchase,4,15,107945.85
T00640,C0703,P0388,purchase,4,20,85145.76
T00641,C0816,P0854,purchase,4,5,132687.45
T00642,C0503,P0753,purchase,1,15,15141.13
T00643,C0342,P0882,view,4,5,171584.17
T00644,C0740,P0997,purchase,3,20,37086.7
T00645,C0623,P0753,view,4,5,67689.74
T00646,C0304,P0288,view,4,10,7907.18
T00647,C0969,P0424,wishlist,3,0,20818.89
T00648,C0519,P0222,view,1,5,42104.66
T00649,C0846,P0850,purchase,3,0,74181.78
T00650,C0807,P0117,cart,4,20,94652.16
T00651,C0424,P0656,cart,1,0,7909.46
T00652,C0761,P0098,wishlist,2,15,81795.82
T00653,C0307,P0956,purchase,2,20,18214.72
T00654,C0774,P0332,cart,3,15,115546.57
T00655,C0874,P0406,cart,1,5,15656.18
T00656,C0946,P0259,purchase,4,25,45174.15
T00657,C0681,P0486,purchase,4,10,84932.06
T00658,C0266,P0075,view,3,5,82244.19
T00659,C0154,P0900,wishlist,2,25,40992.99
T00660,C0066,P0144,view,4,0,95738.6
T00661,C0973,P0277,view,3,0,106144.47
T00662,C0249,P0945,view,1,15,23320.65
T00663,C0644,P0559,view,2,15,80255.84
T00664,C0103,P0328,purchase,3,0,102356.01
T00665,C0105,P0692,view,4,20,4165.28
T00666,C0153,P0537,view,1,10,576.35
T00667,C0106,P0730,cart,4,5,178341.6
T00668,C0285,P0550,view,1,10,41269.71
T00669,C0556,P0969,view,2,0,58064.18
T00670,C0932,P0142,cart,4,25,145435.89
T00671,C0911,P0255,view,1,20,34881.22
T00672,C0053,P0954,cart,1,10,32937.13
T00673,C0869,P0267,wishlist,3,5,113619.7
T00674,C0212,P0236,view,4,0,98640.32
T00675,C0519,P0847,view,2,5,39219.21
T00676,C0287,P0384,purchase,3,15,123782.99
T00677,C0312,P0437,view,1,25,5414.09
T00678,C0754,P0993,cart,1,15,35575.75
T00679,C0862,P0144,wishlist,1,0,23934.65
T00680,C0114,P0175,view,3,15,57934.6
T00681,C0959,P0161,wishlist,4,20,120895.49
T00682,C0708,P0663,purchase,4,20,107515.65
T00683,C0750,P0414,view,4,25,31947.39
T00684,C0457,P0154,view,4,0,72275.04
T00685,C0756,P0621,view,3,20,91201.51
T00686,C0945,P0937,view,2,15,50221.21
T00687,C0508,P0405,purchase,3,5,118749.5
T00688,C0664,P0131,view,2,0,37141.8
T00689,C0566,P0850,cart,4,10,89018.14
T00690,C0260,P0281,purchase,4,15,14498.18
T00691,C0428,P0808,wishlist,4,20,119863.71
T00692,C0547,P0940,purchase,2,0,38459.1
T00693,C0517,P0960,view,2,20,14880.02
T00694,C0087,P0515,wishlist,4,20,133778.94
T00695,C0297,P0916,view,3,20,35894.45
T00696,C0901,P0537,wishlist,3,20,1536.94
T00697,C0005,P0648,purchase,4,15,166433.67
T00698,C0822,P0918,purchase,2,10,52943.17
T00699,C0836,P0033,wishlist,2,0,49147.5
T00700,C0196,P0127,wishlist,1,15,3923.93
T00701,C0244,P0009,view,2,25,33177.89
T00702,C0190,P0086,view,1,25,25426.6
T00703,C0489,P0932,purchase,2,25,55747.83
T00704,C0007,P0852,cart,1,0,45556.97
T00705,C0627,P0901,view,1,25,17561.13
T00706,C0513,P0025,purchase,1,25,8308.0
T00707,C0657,P0149,view,1,10,30724.06
T00708,C0185,P0065,purchase,1,15,11633.48
T00709,C0766,P0001,view,4,15,31735.77
T00710,C0986,P0780,purchase,2,0,77426.76
T00711,C0899,P0629,view,4,25,138193.59
T00712,C0701,P0653,wishlist,1,0,27757.28
T00713,C0929,P0902,wishlist,1,20,37671.62
T00714,C0358,P0675,view,1,10,22190.01
T00715,C0916,P0257,purchase,2,15,31817.73
T00716,C0362,P0662,view,3,25,81510.07
T00717,C0580,P0915,wishlist,2,0,53183.04
T00718,C0639,P0436,cart,1,25,23041.07
T00719,C0134,P0960,view,1,0,9300.01
T00720,C0421,P0319,purchase,1,15,790.01
T00721,C0129,P0304,view,1,20,39466.54
T00722,C0036,P0227,view,3,0,36270.3
T00723,C0716,P0940,cart,4,10,69226.38
T00724,C0165,P0724,wishlist,4,10,174127.43
T00725,C0066,P0920,view,4,15,55383.86
T00726,C0130,P0985,purchase,2,25,65385.75
T00727,C0988,P0202,wishlist,1,10,34731.35
T00728,C0289,P0252,view,1,15,16768.91
T00729,C0585,P0422,view,3,25,105478.18
T00730,C0471,P0638,view,3,10,53857.9
T00731,C0114,P0852,purchase,3,15,116170.27
T00732,C0976,P0614,purchase,1,20,37640.06
T00733,C0102,P0493,purchase,3,20,73134.43
T00734,C0877,P0167,purchase,4,25,3302.67
T00735,C0004,P0606,cart,1,10,10953.78
T00736,C0816,P0904,view,1,25,34908.75
T00737,C0987,P0052,view,4,5,181277.63
T00738,C0789,P0491,cart,4,15,119583.07
T00739,C0937,P0925,purchase,3,25,21656.99
T00740,C0690,P0462,view,1,15,7571.89
T00741,C0769,P0268,cart,3,5,97869.43
T00742,C0468,P0966,view,4,20,91810.3
T00743,C0667,P0750,purchase,1,15,20273.83
T00744,C0110,P0655,purchase,3,15,76405.34
T00745,C0907,P0268,cart,3,10,92718.41
T00746,C0731,P0177,cart,4,15,132830.15
T00747,C0811,P0899,view,3,20,48186.02
T00748,C0035,P0117,purchase,4,5,112399.44
T00749,C0985,P0920,view,4,20,52125.98
T00750,C0204,P0146,purchase,4,0,58291.2
T00751,C0868,P0581,view,3,5,137212.85
T00752,C0203,P0362,view,3,5,78561.87
T00753,C0656,P0795,purchase,4,0,163623.64
T00754,C0887,P0229,wishlist,3,20,5868.02
T00755,C0855,P0672,wishlist,1,10,31797.85
T00756,C0082,P0561,wishlist,1,15,4866.83
T00757,C0382,P0912,purchase,3,20,15635.62
T00758,C0175,P0791,purchase,4,0,187844.08
T00759,C0531,P0106,view,2,25,23420.22
T00760,C0679,P0089,view,4,10,11035.55
T00761,C0896,P0979,wishlist,1,10,32723.41
T00762,C0998,P0463,view,1,0,43345.05
T00763,C0984,P0029,view,2,15,18858.88
T00764,C0150,P0525,view,2,15,81952.99
T00765,C0366,P0157,view,4,15,20469.77
T00766,C0718,P0626,purchase,2,25,45234.57
T00767,C0160,P0344,view,1,20,9355.43
T00768,C0305,P0360,view,2,25,37840.18
T00769,C0106,P0082,view,2,5,39419.98
T00770,C0421,P0049,cart,2,5,84783.55
T00771,C0436,P0791,purchase,2,20,75137.63
T00772,C0284,P0486,purchase,4,0,94368.96
T00773,C0633,P0216,cart,1,10,21388.37
T00774,C0794,P0403,cart,4,5,105800.47
T00775,C0318,P0382,view,2,0,71743.8
T00776,C0323,P1000,view,4,10,40430.02
T00777,C0679,P0160,cart,3,25,16485.23
T00778,C0155,P0101,purchase,4,10,100011.38
T00779,C0621,P0605,purchase,4,0,50795.48
T00780,C0234,P0928,view,3,15,57067.09
T00781,C0928,P0598,cart,4,5,114880.08
T00782,C0629,P0876,wishlist,3,25,90757.69
T00783,C0543,P0445,purchase,2,20,23197.55
T00784,C0066,P0405,cart,3,15,106249.55
T00785,C0228,P0476,purchase,4,20,83734.4
T00786,C0139,P0631,cart,1,10,7230.47
T00787,C0480,P0111,cart,1,20,5491.87
T00788,C0720,P0880,purchase,2,0,68089.46
T00789,C0625,P0408,view,3,0,59090.94
T00790,C0506,P0294,view,3,10,60413.04
T00791,C0073,P0259,purchase,2,15,25598.68
T00792,C0105,P0556,cart,4,15,15795.11
T00793,C0261,P0571,purchase,1,0,48181.26
T00794,C0070,P0954,view,3,20,87832.34
T00795,C0257,P0909,cart,4,5,125596.0
T00796,C0531,P0119,view,4,5,121234.78
T00797,C0044,P0524,view,2,15,3678.94
T00798,C0450,P0257,purchase,1,5,17780.49
T00799,C0361,P0763,purchase,2,15,64887.06
T00800,C0892,P0534,view,2,20,50245.3
T00801,C0980,P0462,cart,1,20,7126.48
T00802,C0470,P0380,view,1,15,21141.63
T00803,C0978,P0667,view,1,20,32234.0
T00804,C0944,P0894,view,3,0,115261.32
T00805,C0350,P0967,purchase,2,0,43823.12
T00806,C0125,P0204,view,4,10,52473.42
T00807,C0847,P0563,purchase,2,0,72075.52
T00808,C0055,P0292,view,3,5,102164.18
T00809,C0492,P0985,view,1,10,39231.45
T00810,C0909,P0961,wishlist,3,0,36838.2
T00811,C0848,P0103,view,3,5,136635.78
T00812,C0342,P0233,cart,2,15,15283.17
T00813,C0697,P0592,purchase,1,10,28708.76
T00814,C0340,P0324,purchase,4,25,143223.21
T00815,C0575,P0431,view,3,25,29598.44
T00816,C0491,P0835,wishlist,4,0,76940.64
T00817,C0362,P0224,purchase,1,15,39645.68
T00818,C0172,P0720,purchase,4,5,70462.22
T00819,C0306,P0657,view,2,5,73453.22
T00820,C0465,P0614,purchase,1,5,44697.57
T00821,C0710,P0905,view,1,20,31633.39
T00822,C0910,P0539,view,1,15,31513.5
T00823,C0463,P0868,purchase,3,20,71501.38
T00824,C0246,P0110,view,1,25,31118.53
T00825,C0067,P0050,view,4,10,120641.11
T00826,C0506,P0155,purchase,3,5,43341.72
T00827,C0483,P0808,view,1,5,35584.54
T00828,C0167,P0019,view,1,0,29645.63
T00829,C0645,P0462,cart,2,15,15143.77
T00830,C0717,P0631,view,1,20,6427.08
T00831,C0660,P0389,view,4,10,53213.54
T00832,C0693,P0947,cart,1,5,41552.53
T00833,C0990,P0802,wishlist,3,0,33152.55
T00834,C0844,P0822,purchase,1,5,42733.06
T00835,C0013,P0554,view,1,20,5335.61
T00836,C0021,P0387,wishlist,4,25,18732.12
T00837,C0657,P0522,purchase,1,20,25108.38
T00838,C0780,P0706,purchase,2,20,53041.41
T00839,C0481,P0896,purchase,4,20,45618.14
T00840,C0022,P0345,purchase,1,10,17142.42
T00841,C0745,P0408,purchase,3,20,47272.75
T00842,C0946,P0553,view,4,20,39970.66
T00843,C0013,P0715,view,3,5,106411.93
T00844,C0249,P0121,cart,3,15,89101.0
T00845,C0158,P0633,view,3,20,46760.21
T00846,C0024,P0742,view,2,5,55683.47
T00847,C0957,P0787,cart,4,20,99378.78
T00848,C0094,P0703,purchase,1,15,40067.12
T00849,C0052,P0243,wishlist,3,25,92853.25
T00850,C0929,P0817,purchase,1,5,44523.68
T00851,C0293,P0717,view,4,0,127638.92
T00852,C0668,P0477,purchase,1,25,4441.99
T00853,C0638,P0812,wishlist,2,15,40750.78
T00854,C0344,P0431,view,3,10,35518.12
T00855,C0807,P0270,cart,1,20,27268.59
T00856,C0868,P0353,purchase,1,0,46859.5
T00857,C0464,P0877,view,2,5,52106.51
T00858,C0753,P0058,purchase,2,0,81010.38
T00859,C0990,P0461,purchase,4,15,5945.1
T00860,C0875,P0269,purchase,4,0,118376.56
T00861,C0833,P0693,cart,1,0,46668.74
T00862,C0005,P0357,view,3,15,10783.39
T00863,C0471,P0464,wishlist,1,25,15399.49
T00864,C0556,P0239,view,4,25,7226.88
T00865,C0030,P0666,cart,1,0,30414.24
T00866,C0720,P0433,purchase,4,5,179973.28
T00867,C0107,P0877,purchase,4,5,104213.02
T00868,C0046,P0077,view,1,0,3653.19
T00869,C0713,P0708,view,4,15,133078.07
T00870,C0750,P0585,purchase,3,25,100188.07
T00871,C0058,P0384,purchase,1,10,43688.11
T00872,C0340,P0578,purchase,4,5,170969.11
T00873,C0798,P0372,view,4,15,115979.27
T00874,C0833,P0825,purchase,3,5,125370.47
T00875,C0339,P0140,view,3,5,27046.61
T00876,C0624,P0920,view,2,10,29320.87
T00877,C0767,P0582,cart,4,15,33835.07
T00878,C0639,P0935,view,3,5,125186.45
T00879,C0688,P0113,purchase,3,20,113395.99
T00880,C0884,P0840,cart,1,20,27664.96
T00881,C0107,P0575,wishlist,4,5,98775.03
T00882,C0918,P0845,view,3,10,49495.91
T00883,C0670,P0831,purchase,1,15,10730.61
T00884,C0508,P0961,view,4,25,36838.2
T00885,C0075,P0756,purchase,3,20,69882.74
T00886,C0678,P0627,view,1,20,4243.44
T00887,C0673,P0525,purchase,2,20,77132.22
T00888,C0916,P0748,purchase,1,10,5913.23
T00889,C0026,P0680,view,4,20,57016.64
T00890,C0854,P0610,view,3,15,18770.42
T00891,C0726,P0188,wishlist,1,10,29435.18
T00892,C0534,P0698,view,4,20,20937.09
T00893,C0077,P0330,purchase,3,0,7082.82
T00894,C0177,P0426,view,4,25,37879.2
T00895,C0021,P0691,wishlist,2,25,15512.43
T00896,C0777,P0402,view,1,10,4624.26
T00897,C0855,P0921,view,2,10,72221.18
T00898,C0871,P0509,view,2,0,15782.2
T00899,C0176,P0245,purchase,1,5,41220.74
T00900,C0604,P0011,view,4,20,30095.2
T00901,C0638,P0211,purchase,1,0,45881.22
T00902,C0047,P0820,purchase,4,0,132622.12
T00903,C0663,P0571,cart,1,25,36135.94
T00904,C0839,P0033,view,3,15,62663.06
T00905,C0959,P0113,wishlist,3,20,113395.99
T00906,C0364,P0787,view,2,10,55900.57
T00907,C0725,P0321,purchase,2,5,77376.66
T00908,C0070,P0811,view,2,10,12718.24
T00909,C0712,P0059,view,3,20,1097.3
T00910,C0846,P0869,cart,3,20,51759.14
T00911,C0436,P0450,view,1,0,39968.94
T00912,C0746,P0774,purchase,3,15,59947.54
T00913,C0310,P0895,cart,1,10,10601.6
T00914,C0196,P0115,view,1,10,5268.75
T00915,C0284,P0585,cart,4,20,142489.7
T00916,C0221,P0009,purchase,1,5,21012.66
T00917,C0375,P0534,wishlist,3,10,84788.94
T00918,C0618,P0832,view,2,0,21832.36
T00919,C0940,P0504,view,3,0,60939.33
T00920,C0306,P0148,cart,1,15,23405.01
T00921,C0033,P0732,purchase,1,0,7093.09
T00922,C0180,P0867,view,4,25,146882.25
T00923,C0357,P0573,purchase,4,5,24515.32
T00924,C0148,P0570,view,3,15,42444.98
T00925,C0547,P0303,purchase,2,15,7835.42
T00926,C0075,P0040,cart,3,0,99198.63
T00927,C0977,P0096,view,3,10,2063.91
T00928,C0998,P0133,purchase,4,5,6522.74
T00929,C0975,P0259,cart,2,5,28610.29
T00930,C0237,P0053,purchase,4,10,174018.28
T00931,C0233,P0727,view,1,10,40145.58
T00932,C0628,P0394,cart,2,10,28767.13
T00933,C0649,P0285,view,1,25,3194.27
T00934,C0550,P0728,purchase,3,5,44877.18
T00935,C0474,P0444,view,4,15,16492.45
T00936,C0583,P0707,purchase,4,25,16086.57
T00937,C0117,P0750,cart,4,5,90635.93
T00938,C0319,P0359,purchase,1,15,13449.24
T00939,C0107,P0740,purchase,2,5,2740.41
T00940,C0519,P0855,purchase,1,10,39893.48
T00941,C0528,P0320,purchase,1,10,20952.9
T00942,C0695,P0668,purchase,1,15,21910.31
T00943,C0602,P0952,view,2,5,12963.49
T00944,C0209,P0563,purchase,4,10,129735.94
T00945,C0158,P0794,view,4,10,135387.43
T00946,C0459,P0167,view,2,10,1981.6
T00947,C0813,P0512,purchase,3,0,103425.18
T00948,C0718,P0736,purchase,1,25,35321.44
T00949,C0005,P0382,purchase,4,25,107615.7
T00950,C0928,P0030,purchase,3,5,137167.31
T00951,C0983,P0748,purchase,3,15,16754.16
T00952,C0253,P0630,purchase,3,25,3905.37
T00953,C0766,P0711,purchase,3,25,29382.52
T00954,C0945,P0397,purchase,1,20,29160.62
T00955,C0221,P0156,view,3,15,114744.42
T00956,C0531,P0215,purchase,3,5,6835.55
T00957,C0934,P0121,purchase,2,10,62894.83
T00958,C0898,P0773,wishlist,1,25,35432.51
T00959,C0806,P0976,purchase,1,25,23320.12
T00960,C0733,P0355,purchase,1,20,15738.34
T00961,C0917,P0604,cart,2,15,80843.91
T00962,C0420,P0205,purchase,4,10,86062.72
T00963,C0723,P0855,view,3,20,106382.62
T00964,C0061,P0579,cart,2,20,38038.98
T00965,C0839,P0579,view,4,10,85587.7
T00966,C0034,P0212,wishlist,4,20,14454.14
T00967,C0993,P0718,cart,4,5,42145.95
T00968,C0331,P0758,cart,4,25,107445.87
T00969,C0412,P0399,view,2,5,51684.58
T00970,C0163,P0623,purchase,4,0,44717.28
T00971,C0603,P0914,cart,2,5,9707.08
T00972,C0044,P0090,view,1,0,35349.41
T00973,C0261,P0383,view,1,15,21697.31
T00974,C0013,P0921,view,2,5,76233.47
T00975,C0025,P0546,purchase,4,10,58354.16
T00976,C0222,P0037,view,3,0,3075.21
T00977,C0433,P0218,view,3,25,97039.62
T00978,C0816,P0732,view,4,10,25535.12
T00979,C0505,P0552,view,2,25,53711.9
T00980,C0456,P0061,view,1,20,6336.06
T00981,C0737,P0999,view,4,10,24432.98
T00982,C0680,P0961,view,4,15,41749.96
T00983,C0327,P0698,view,2,10,11777.11
T00984,C0141,P0618,wishlist,1,15,22287.01
T00985,C0775,P0491,view,1,20,28137.19
T00986,C0051,P0175,purchase,1,20,18175.56
T00987,C0223,P0269,wishlist,2,20,47350.62
T00988,C0318,P0385,wishlist,2,5,39373.93
T00989,C0200,P0884,view,3,10,54593.89
T00990,C0898,P0305,view,3,20,116782.25
T00991,C0208,P0997,purchase,4,10,55630.04
T00992,C0738,P0341,purchase,4,25,97003.29
T00993,C0824,P0998,view,3,20,103563.19
T00994,C0706,P0192,view,3,0,50775.36
T00995,C0246,P0245,purchase,2,10,78102.45
T00996,C0133,P0197,view,2,10,81085.5
T00997,C0624,P0868,purchase,1,10,26813.02
T00998,C0119,P0856,wishlist,1,5,30850.9
T00999,C0363,P0750,wishlist,2,20,38162.5
T01000,C0314,P0513,purchase,3,5,19839.68
T01001,C0272,P0037,view,4,25,3075.21
T01002,C0848,P0539,view,3,0,111224.13
T01003,C0609,P0416,view,1,10,26991.56
T01004,C0926,P0744,cart,3,10,31569.94
T01005,C0722,P0076,view,3,15,69795.34
T01006,C0576,P0694,purchase,4,10,21205.55
T01007,C0984,P0726,view,3,0,85928.64
T01008,C0924,P0292,view,2,0,71694.16
T01009,C0983,P0477,wishlist,2,10,10660.79
T01010,C0029,P0695,purchase,2,25,1652.37
T01011,C0101,P0290,view,1,20,16960.56
T01012,C0878,P0579,wishlist,3,10,64190.77
T01013,C0343,P0708,view,1,20,31312.49
T01014,C0669,P0552,purchase,4,20,114585.38
T01015,C0461,P0685,purchase,4,0,148328.72
T01016,C0913,P0876,view,2,25,60505.12
T01017,C0261,P0281,view,1,15,3624.54
T01018,C0093,P0959,purchase,3,15,17420.25
T01019,C0831,P0236,purchase,4,5,93708.3
T01020,C0613,P0591,cart,4,0,105820.76
T01021,C0279,P0971,purchase,4,20,141857.06
T01022,C0056,P0649,wishlist,2,20,27929.44
T01023,C0278,P0544,cart,3,5,100923.94
T01024,C0988,P0948,purchase,4,25,111105.63
T01025,C0664,P0576,purchase,2,5,61546.04
T01026,C0271,P0541,purchase,4,5,15450.57
T01027,C0755,P0841,view,1,5,16067.39
T01028,C0502,P0062,wishlist,4,25,49398.69
T01029,C0848,P0584,cart,4,25,39426.81
T01030,C0321,P0894,purchase,3,5,109498.25
T01031,C0668,P0684,purchase,4,25,69199.86
T01032,C0456,P0643,view,1,20,37409.38
T01033,C0220,P0699,purchase,2,10,76998.08
T01034,C0016,P0409,cart,4,20,99374.56
T01035,C0871,P0573,wishlist,1,20,5161.12
T01036,C0976,P0588,view,3,20,115492.92
T01037,C0155,P0359,wishlist,3,20,37974.34
T01038,C0677,P0488,view,1,20,18599.22
T01039,C0689,P0075,view,3,5,82244.19
T01040,C0645,P0637,view,4,0,172634.0
T01041,C0017,P0497,purchase,1,0,3735.18
T01042,C0758,P0137,purchase,3,0,111965.67
T01043,C0366,P0719,view,4,20,121886.08
T01044,C0341,P0329,view,3,0,28270.14
T01045,C0842,P0867,purchase,1,0,48960.75
T01046,C0720,P0945,purchase,2,5,52128.51
T01047,C0566,P0079,purchase,3,10,3666.44
T01048,C0368,P0106,view,1,25,11710.11
T01049,C0148,P0866,purchase,2,5,24319.45
T01050,C0193,P0723,wishlist,2,20,79692.24
T01051,C0951,P0536,wishlist,3,10,110767.31
T01052,C0198,P0053,view,3,0,145015.23
T01053,C0891,P0676,cart,4,10,2776.79
T01054,C0182,P0867,wishlist,3,20,117505.8
T01055,C0205,P0968,cart,4,15,30701.52
T01056,C0640,P0994,view,1,5,24369.84
T01057,C0385,P0637,cart,4,25,129475.5
T01058,C0274,P0482,view,2,10,70882.51
T01059,C0525,P0017,wishlist,2,25,45563.72
T01060,C0304,P0555,view,1,5,42383.52
T01061,C0821,P0584,view,2,5,24970.31
T01062,C0328,P0967,purchase,1,5,20815.98
T01063,C0571,P0544,wishlist,3,25,79676.8
T01064,C0549,P0979,purchase,1,5,34541.37
T01065,C0128,P0359,purchase,4,0,63290.56
T01066,C0948,P0556,purchase,4,20,14865.98
T01067,C0085,P0322,view,1,5,28949.04
T01068,C0042,P0894,cart,1,25,28815.33
T01069,C0404,P0493,wishlist,2,20,48756.29
T01070,C0998,P0306,purchase,4,20,22891.62
T01071,C0862,P0938,view,4,0,196815.08
T01072,C0396,P0320,wishlist,3,20,55874.4
T01073,C0538,P0701,cart,2,5,51639.53
T01074,C0406,P1000,purchase,1,20,8984.45
T01075,C0594,P0155,view,4,10,54747.43
T01076,C0224,P0399,view,1,15,23122.05
T01077,C0472,P0152,view,4,15,126163.15
T01078,C0802,P0553,purchase,4,10,44966.99
T01079,C0926,P0171,view,2,5,79621.48
T01080,C0175,P0504,view,1,0,20313.11
T01081,C0768,P0684,purchase,3,5,65739.87
T01082,C0528,P0038,purchase,3,10,93440.79
T01083,C0467,P0722,purchase,1,10,14657.18
T01084,C0680,P0264,view,2,25,35521.98
T01085,C0181,P0734,cart,4,5,84600.77
T01086,C0313,P0076,view,1,25,20528.04
T01087,C0380,P0646,view,1,15,31956.43
T01088,C0777,P0325,purchase,2,15,40905.94
T01089,C0583,P0262,view,1,10,20002.93
T01090,C0867,P0690,view,4,25,113224.44
T01091,C0778,P0189,view,1,20,15982.99
T01092,C0572,P0493,purchase,3,20,73134.43
T01093,C0416,P0012,view,4,20,116534.88
T01094,C0950,P0373,view,2,0,83494.62
T01095,C0816,P0307,view,3,5,96147.43
T01096,C0588,P0046,wishlist,3,15,88371.22
T01097,C0348,P0141,view,4,25,8311.35
T01098,C0861,P0845,view,3,20,43996.37
T01099,C0915,P0137,view,4,0,149287.56
T01100,C0130,P0079,wishlist,3,0,4073.82
T01101,C0400,P0363,purchase,3,25,57160.93
T01102,C0806,P0659,view,1,10,43097.88
T01103,C0218,P0905,cart,1,0,39541.74
T01104,C0489,P0997,view,4,5,58720.6
T01105,C0489,P0949,view,3,10,37197.9
T01106,C0233,P0956,purchase,1,20,9107.36
T01107,C0085,P0679,purchase,3,20,30352.46
T01108,C0251,P0085,purchase,3,0,58743.72
T01109,C0601,P0607,view,3,15,28553.55
T01110,C0765,P0453,purchase,1,10,29587.02
T01111,C0566,P0952,view,2,5,12963.49
T01112,C0474,P0680,view,2,10,32071.86
T01113,C0784,P0683,view,3,15,101399.17
T01114,C0796,P0190,wishlist,4,10,132649.38
T01115,C0872,P0650,view,1,20,29647.23
T01116,C0399,P0493,view,2,10,54850.82
T01117,C0842,P0300,view,2,25,60482.06
T01118,C0201,P0731,purchase,3,25,8215.99
T01119,C0597,P0878,purchase,4,25,129530.55
T01120,C0511,P0543,purchase,1,20,38210.99
T01121,C0645,P0576,cart,4,10,116613.54
T01122,C0873,P0038,view,2,5,65754.63
T01123,C0246,P0140,purchase,4,5,36062.15
T01124,C0848,P0478,view,1,25,31123.11
T01125,C0644,P0203,wishlist,1,5,4106.25
T01126,C0446,P0898,purchase,3,10,40292.42
T01127,C0561,P0368,view,3,10,30226.42
T01128,C0431,P0280,purchase,3,15,57947.35
T01129,C0816,P0151,view,4,0,186637.28
T01130,C0669,P0710,cart,3,20,79657.68
T01131,C0456,P0492,wishlist,1,25,14710.98
T01132,C0738,P0131,view,1,15,15785.27
T01133,C0629,P0622,view,1,5,12149.66
T01134,C0432,P0739,view,4,15,77363.5
T01135,C0055,P0037,view,4,15,3485.24
T01136,C0697,P0478,purchase,1,20,33197.98
T01137,C0226,P0007,purchase,4,15,29549.74
T01138,C0212,P0189,view,3,5,56939.41
T01139,C0618,P0151,purchase,4,25,139977.96
T01140,C0779,P0834,view,1,20,13936.11
T01141,C0783,P0312,view,2,20,52208.64
T01142,C0956,P0309,purchase,2,25,73402.26
T01143,C0384,P0042,wishlist,1,15,26968.33
T01144,C0300,P0989,view,1,15,37049.23
T01145,C0486,P0949,purchase,4,25,41331.0
T01146,C0883,P0898,purchase,1,25,11192.34
T01147,C0495,P0973,view,2,10,57592.33
T01148,C0092,P0105,view,3,5,38311.72
T01149,C0541,P0509,purchase,3,20,18938.64
T01150,C0879,P0251,purchase,2,20,8842.62
T01151,C0320,P0860,view,4,15,60244.23
T01152,C0651,P0437,view,2,20,11550.06
T01153,C0736,P0047,view,1,0,24794.91
T01154,C0633,P0555,purchase,2,5,84767.04
T01155,C0807,P0875,view,4,5,33806.43
T01156,C0097,P0049,view,4,5,169567.1
T01157,C0153,P0106,view,1,15,13271.46
T01158,C0202,P0433,purchase,3,20,113667.34
T01159,C0282,P0310,purchase,3,10,112257.04
T01160,C0626,P0273,view,2,20,27889.01
T01161,C0311,P0562,view,3,10,116032.61
T01162,C0048,P0377,view,4,25,59220.63
T01163,C0440,P0757,view,2,15,15089.74
T01164,C0901,P0131,purchase,1,15,15785.27
T01165,C0532,P0499,cart,3,20,60495.0
T01166,C0133,P0920,view,3,5,46424.7
T01167,C0092,P0545,view,2,5,28318.49
T01168,C0289,P0027,purchase,1,5,16869.08
T01169,C0973,P0948,purchase,2,15,62959.86
T01170,C0735,P0793,cart,4,15,155305.17
T01171,C0921,P0289,purchase,4,20,116213.86
T01172,C0756,P0043,view,2,0,88751.8
T01173,C0325,P0184,purchase,2,20,68985.47
T01174,C0870,P0533,view,1,20,33902.44
T01175,C0069,P0843,view,1,25,15836.4
T01176,C0027,P0628,wishlist,2,25,69987.99
T01177,C0586,P0572,wishlist,2,5,73613.16
T01178,C0011,P0931,view,3,25,75131.53
T01179,C0957,P0815,wishlist,2,10,70412.36
T01180,C0754,P0160,purchase,4,25,21980.31
T01181,C0273,P0241,view,4,15,8936.63
T01182,C0865,P0167,wishlist,1,5,1045.85
T01183,C0529,P0844,purchase,1,25,35510.59
T01184,C0620,P0051,wishlist,2,25,2114.91
T01185,C0695,P0361,purchase,3,5,10242.84
T01186,C0927,P0756,purchase,1,20,23294.25
T01187,C0218,P0452,cart,3,10,98045.75
T01188,C0590,P0670,view,4,5,51634.06
T01189,C0052,P0939,cart,2,15,30658.41
T01190,C0324,P0651,purchase,1,5,28355.51
T01191,C0556,P0929,cart,4,25,33537.84
T01192,C0739,P0065,purchase,3,15,34900.45
T01193,C0665,P0320,purchase,4,20,74499.2
T01194,C0587,P0257,cart,4,25,56148.93
T01195,C0372,P0905,view,4,0,158166.96
T01196,C0549,P0106,view,3,15,39814.37
T01197,C0998,P0129,cart,3,10,11530.62
T01198,C0747,P0952,view,4,0,27291.56
T01199,C0226,P0930,wishlist,1,20,2533.15
T01200,C0868,P0153,view,3,10,108043.06
T01201,C0218,P0429,wishlist,2,5,8555.6
T01202,C0221,P0435,purchase,4,15,166697.72
T01203,C0139,P0667,view,3,0,120877.5
T01204,C0348,P0237,cart,1,25,28082.26
T01205,C0198,P0682,wishlist,3,20,12736.51
T01206,C0825,P0515,wishlist,2,25,62708.88
T01207,C0525,P0036,view,3,25,21347.15
T01208,C0716,P0313,purchase,3,10,7019.89
T01209,C0307,P0860,cart,1,15,15061.06
T01210,C0025,P0849,view,1,10,39203.36
T01211,C0418,P0822,purchase,2,25,67473.26
T01212,C0199,P0546,view,4,10,58354.16
T01213,C0501,P0241,view,2,10,4731.16
T01214,C0739,P0315,view,3,15,42037.39
T01215,C0021,P0316,cart,2,5,30391.17
T01216,C0451,P0778,purchase,4,0,125559.4
T01217,C0957,P0080,purchase,1,5,33151.68
T01218,C0508,P0552,purchase,3,5,102052.6
T01219,C0010,P0103,view,2,15,81502.05
T01220,C0339,P0389,view,2,5,28084.93
T01221,C0962,P0792,wishlist,2,0,24300.94
T01222,C0669,P0449,view,2,5,17809.46
T01223,C0540,P0595,view,1,15,29728.67
T01224,C0251,P0370,view,2,20,42190.61
T01225,C0592,P0888,purchase,2,5,9363.71
T01226,C0259,P0260,cart,3,20,104227.46
T01227,C0081,P0367,purchase,3,5,98805.6
T01228,C0412,P0315,view,2,20,26376.4
T01229,C0615,P0899,view,3,0,60232.53
T01230,C0730,P0965,purchase,1,20,12751.74
T01231,C0882,P0574,view,2,10,16649.3
T01232,C0087,P0779,view,4,25,149458.92
T01233,C0241,P0056,cart,2,0,67243.9
T01234,C0073,P0884,purchase,2,20,32351.94
T01235,C0600,P0419,purchase,3,5,139608.42
T01236,C0855,P0921,view,2,20,64196.61
T01237,C0872,P0211,purchase,3,10,123879.29
T01238,C0632,P0809,cart,2,10,87284.23
T01239,C0040,P0754,purchase,4,20,143780.03
T01240,C0746,P0015,view,4,15,136504.59
T01241,C0937,P0959,view,4,20,21860.7
T01242,C0696,P0105,purchase,1,20,10754.17
T01243,C0264,P0206,cart,3,5,31073.64
T01244,C0750,P0340,view,3,20,87050.57
T01245,C0814,P0578,view,4,20,143973.98
T01246,C0908,P0147,view,2,25,40082.93
T01247,C0236,P0638,purchase,2,10,35905.27
T01248,C0525,P0743,wishlist,4,10,107000.78
T01249,C0612,P0700,cart,3,0,58538.22
T01250,C0558,P0413,wishlist,4,0,16146.0
T01251,C0196,P0333,purchase,4,5,57918.12
T01252,C0883,P0426,view,1,15,10732.44
T01253,C0591,P0375,purchase,4,15,45718.98
T01254,C0188,P0305,purchase,2,25,72988.9
T01255,C0005,P0558,view,2,0,66769.98
T01256,C0971,P0002,wishlist,1,0,5177.75
T01257,C0453,P0424,wishlist,4,10,24982.67
T01258,C0504,P0272,purchase,2,5,14185.25
T01259,C0125,P0483,cart,2,15,83630.22
T01260,C0351,P0649,wishlist,3,20,41894.16
T01261,C0810,P0425,purchase,4,15,48456.53
T01262,C0794,P0177,purchase,3,20,93762.46
T01263,C0564,P0233,view,2,25,13485.15
T01264,C0444,P0020,purchase,3,15,123905.16
T01265,C0089,P0319,purchase,2,5,1765.9
T01266,C0072,P0822,purchase,1,15,38234.84
T01267,C0869,P0195,purchase,3,15,3360.82
T01268,C0868,P0867,purchase,1,25,36720.56
T01269,C0896,P0730,view,4,15,159568.8
T01270,C0787,P0492,wishlist,4,5,74535.63
T01271,C0289,P0362,view,1,25,20674.18
T01272,C0894,P0548,purchase,1,10,8598.21
T01273,C0683,P0998,view,3,5,122981.29
T01274,C0118,P0227,cart,3,15,30829.76
T01275,C0608,P0632,wishlist,3,20,66131.11
T01276,C0547,P0489,view,3,10,6505.68
T01277,C0280,P0742,wishlist,1,0,29307.09
T01278,C0246,P0591,purchase,2,20,42328.3
T01279,C0893,P0500,view,4,5,171536.45
T01280,C0719,P0774,wishlist,1,0,23508.84
T01281,C0742,P0357,view,4,5,16069.36
T01282,C0182,P0852,cart,2,15,77446.85
T01283,C0463,P0145,view,1,25,19108.5
T01284,C0548,P0314,view,1,10,25592.77
T01285,C0436,P0609,wishlist,4,0,87769.56
T01286,C0542,P0613,purchase,3,15,109087.72
T01287,C0063,P0032,view,3,10,7459.13
T01288,C0575,P0080,view,2,25,52344.76
T01289,C0019,P0357,purchase,3,25,9514.76
T01290,C0881,P0666,view,1,25,22810.68
T01291,C0791,P0492,cart,3,0,58843.92
T01292,C0780,P0137,wishlist,2,25,55982.83
T01293,C0108,P0812,view,1,20,19176.84
T01294,C0353,P0995,purchase,3,20,112093.25
T01295,C0247,P0618,wishlist,3,15,66861.03
T01296,C0715,P0041,view,1,15,10406.75
T01297,C0141,P0565,wishlist,3,0,110719.23
T01298,C0800,P0229,purchase,2,15,4156.52
T01299,C0850,P0215,purchase,1,5,2278.52
T01300,C0758,P0635,cart,4,10,18198.76
T01301,C0627,P0369,view,4,0,158581.04
T01302,C0053,P0247,wishlist,1,0,48072.5
T01303,C0548,P0343,purchase,3,15,30186.54
T01304,C0044,P0304,cart,2,20,78933.09
T01305,C0733,P0400,view,2,10,62109.88
T01306,C0431,P0421,view,3,5,32578.24
T01307,C0143,P0578,wishlist,4,20,143973.98
T01308,C0428,P0437,view,4,25,21656.37
T01309,C0812,P0119,cart,2,15,54236.61
T01310,C0013,P0637,purchase,1,15,36684.72
T01311,C0051,P0781,wishlist,1,10,27553.84
T01312,C0800,P0429,purchase,2,5,8555.6
T01313,C0148,P0300,cart,4,20,129028.38
T01314,C0673,P0978,purchase,3,10,7860.81
T01315,C0618,P0534,cart,1,5,29833.14
T01316,C0729,P0660,wishlist,2,10,1103.99
T01317,C0966,P0701,purchase,2,20,43485.92
T01318,C0697,P0771,view,1,10,2577.62
T01319,C0911,P0273,wishlist,3,20,41833.51
T01320,C0523,P0960,purchase,4,25,27900.03
T01321,C0951,P0042,view,3,25,71386.76
T01322,C0564,P0150,view,1,15,4685.73
T01323,C0981,P0699,view,1,0,42776.71
T01324,C0661,P0732,view,4,0,28372.36
T01325,C0047,P0127,view,3,15,11771.79
T01326,C0046,P0393,view,2,10,18059.45
T01327,C0777,P0309,purchase,4,0,195739.36
T01328,C0048,P0891,view,2,20,68807.86
T01329,C0031,P0358,purchase,4,10,175623.8
T01330,C0005,P0286,cart,2,0,46475.24
T01331,C0708,P0426,view,3,10,34091.28
T01332,C0008,P0613,view,1,25,32084.62
T01333,C0472,P0179,purchase,2,15,73199.4
T01334,C0183,P0794,view,2,20,60172.19
T01335,C0727,P0770,view,2,25,39288.39
T01336,C0185,P0288,view,2,10,3953.59
T01337,C0462,P0030,cart,1,20,38503.1
T01338,C0128,P0086,view,3,15,86450.46
T01339,C0573,P0403,cart,3,10,75174.02
T01340,C0812,P0113,purchase,2,5,89771.83
T01341,C0852,P0605,cart,1,0,12698.87
T01342,C0909,P0191,wishlist,1,25,24162.52
T01343,C0612,P0699,view,3,10,115497.12
T01344,C0701,P0562,purchase,1,25,32231.28
T01345,C0669,P0261,purchase,3,5,129655.96
T01346,C0768,P0977,view,4,0,177344.6
T01347,C0508,P0898,view,4,25,44769.36
T01348,C0698,P0617,view,1,20,5253.42
T01349,C0654,P0911,purchase,2,15,51287.27
T01350,C0686,P0703,purchase,4,0,188551.16
T01351,C0076,P0621,view,3,20,91201.51
T01352,C0532,P0631,view,3,0,24101.55
T01353,C0255,P0264,purchase,3,20,56835.17
T01354,C0035,P0749,cart,2,5,52596.71
T01355,C0931,P0068,view,3,20,76763.71
T01356,C0288,P0687,cart,3,5,127006.29
T01357,C0717,P0684,view,2,20,36906.59
T01358,C0627,P0019,view,3,10,80043.2
T01359,C0219,P0622,purchase,2,15,21741.5
T01360,C0675,P0344,purchase,4,10,42099.44
T01361,C0021,P0897,cart,4,20,9724.61
T01362,C0994,P0082,view,2,0,41494.72
T01363,C0864,P0874,wishlist,1,5,1506.74
T01364,C0704,P0925,cart,3,5,27432.19
T01365,C0553,P0459,purchase,3,10,57026.46
T01366,C0984,P0587,purchase,2,5,28945.46
T01367,C0743,P0449,purchase,4,15,31869.56
T01368,C0463,P0939,cart,2,20,28854.98
T01369,C0108,P0355,purchase,1,15,16721.99
T01370,C0456,P0955,view,4,25,52865.25
T01371,C0698,P0311,view,1,20,31852.34
T01372,C0500,P0828,view,3,20,63977.86
T01373,C0189,P0351,view,1,5,35920.9
T01374,C0508,P0345,wishlist,1,10,17142.42
T01375,C0855,P0209,view,2,10,39336.12
T01376,C0859,P0942,view,1,10,15210.46
T01377,C0188,P0346,purchase,4,20,93141.31
T01378,C0077,P0343,view,3,10,31962.22
T01379,C0757,P0424,view,3,15,17696.06
T01380,C0483,P0216,cart,2,25,35647.29
T01381,C0296,P0462,view,1,10,8017.29
T01382,C0346,P0056,view,2,20,53795.12
T01383,C0751,P0833,view,4,25,107096.19
T01384,C0499,P0758,view,1,25,26861.47
T01385,C0105,P0552,wishlist,3,5,102052.6
T01386,C0991,P0922,purchase,2,10,60618.74
T01387,C0341,P0059,view,3,5,1303.05
T01388,C0533,P0945,view,4,25,82308.18
T01389,C0549,P0014,view,4,20,57489.02
T01390,C0678,P0173,purchase,2,15,67032.6
T01391,C0225,P0871,view,3,25,15123.35
T01392,C0643,P0886,purchase,3,25,92732.85
T01393,C0521,P0581,purchase,4,0,192579.44
T01394,C0031,P0827,view,4,5,72594.86
T01395,C0566,P0964,view,1,5,13224.68
T01396,C0086,P0577,cart,1,25,29401.71
T01397,C0476,P0229,purchase,3,25,5501.27
T01398,C0985,P0373,view,1,15,35485.21
T01399,C0400,P0988,purchase,4,20,1455.84
T01400,C0616,P0706,cart,3,0,99452.64
T01401,C0015,P0329,wishlist,3,25,21202.6
T01402,C0344,P0195,purchase,2,15,2240.55
T01403,C0820,P0651,view,4,0,119391.64
T01404,C0496,P0718,view,1,5,10536.49
T01405,C0948,P0961,purchase,3,25,27628.65
T01406,C0844,P0320,purchase,1,20,18624.8
T01407,C0726,P0494,view,2,10,65023.9
T01408,C0793,P0434,purchase,2,0,22839.56
T01409,C0885,P0338,cart,4,5,52710.18
T01410,C0492,P0642,cart,4,20,3791.42
T01411,C0954,P0119,view,3,10,86140.5
T01412,C0021,P0097,purchase,3,0,18155.43
T01413,C0944,P0640,view,2,15,6339.98
T01414,C0032,P0259,view,4,15,51197.37
T01415,C0972,P0920,view,1,10,14660.43
T01416,C0838,P0561,purchase,2,5,10878.79
T01417,C0902,P0792,wishlist,3,15,30983.7
T01418,C0156,P0789,view,4,15,106110.4
T01419,C0040,P0469,view,3,0,145929.78
T01420,C0373,P0068,view,2,5,60771.27
T01421,C0364,P0890,wishlist,1,10,14522.72
T01422,C0329,P0794,view,2,5,71454.48
T01423,C0854,P0387,view,3,5,17795.51
T01424,C0545,P0377,wishlist,3,10,53298.57
T01425,C0398,P0450,cart,1,15,33973.6
T01426,C0243,P0541,view,3,20,9758.26
T01427,C0930,P0699,purchase,1,20,34221.37
T01428,C0019,P0776,purchase,3,10,95751.37
T01429,C0625,P0660,purchase,2,20,981.33
T01430,C0235,P0255,purchase,2,5,82842.91
T01431,C0788,P0209,purchase,3,20,52448.16
T01432,C0858,P0506,view,4,20,146711.78
T01433,C0419,P0195,view,3,5,3756.21
T01434,C0025,P0232,view,4,25,97654.2
T01435,C0221,P0297,view,3,10,10419.68
T01436,C0593,P0205,view,1,0,23906.31
T01437,C0077,P0550,view,3,5,130687.41
T01438,C0757,P0195,cart,2,15,2240.55
T01439,C0141,P0027,purchase,3,0,53270.79
T01440,C0293,P0754,purchase,4,10,161752.54
T01441,C0839,P0654,view,2,20,56622.67
T01442,C0510,P0615,purchase,3,0,104223.54
T01443,C0838,P0827,view,2,15,32476.65
T01444,C0678,P0686,view,3,5,42690.09
T01445,C0606,P0052,view,3,25,107335.44
T01446,C0339,P0072,view,2,15,39677.59
T01447,C0238,P0466,view,1,20,22487.15
T01448,C0837,P0570,view,3,20,39948.22
T01449,C0091,P0549,view,3,5,75261.86
T01450,C0383,P0805,view,2,5,54960.35
T01451,C0918,P0110,wishlist,3,10,112026.73
T01452,C0023,P0367,purchase,3,5,98805.6
T01453,C0434,P0953,cart,4,25,136109.07
T01454,C0198,P0686,view,4,5,56920.12
T01455,C0523,P0651,purchase,3,20,71634.98
T01456,C0314,P0019,view,4,5,112653.39
T01457,C0055,P0460,view,1,10,19698.45
T01458,C0629,P0026,view,4,0,179297.4
T01459,C0923,P0946,purchase,2,5,59775.37
T01460,C0010,P0095,purchase,1,25,21005.65
T01461,C0297,P0686,wishlist,1,20,11983.18
T01462,C0382,P0984,purchase,3,0,90232.2
T01463,C0136,P0707,wishlist,1,10,4825.97
T01464,C0761,P0985,purchase,1,5,41410.97
T01465,C0043,P0923,purchase,4,10,176862.82
T01466,C0242,P0487,cart,3,10,7192.64
T01467,C0119,P0152,purchase,1,0,37106.81
T01468,C0171,P0863,purchase,4,15,117352.94
T01469,C0042,P0305,view,2,0,97318.54
T01470,C0800,P0911,wishlist,2,20,48270.37
T01471,C0737,P0834,view,3,5,49647.4
T01472,C0924,P0920,view,3,20,39094.49
T01473,C0818,P0092,purchase,4,15,151692.6
T01474,C0656,P0076,cart,2,10,49267.3
T01475,C0568,P0592,cart,4,10,114835.03
T01476,C0490,P0605,purchase,1,5,12063.93
T01477,C0031,P0655,view,3,5,85394.21
T01478,C0250,P0050,purchase,2,15,56969.41
T01479,C0781,P0288,purchase,3,25,4941.99
T01480,C0475,P0756,cart,3,25,65515.07
T01481,C0412,P0958,view,2,15,48373.62
T01482,C0191,P0786,view,1,25,10065.54
T01483,C0816,P0434,view,3,20,27407.47
T01484,C0442,P0307,wishlist,4,25,101207.82
T01485,C0413,P0206,view,3,15,27802.73
T01486,C0992,P0443,wishlist,4,25,74970.18
T01487,C0146,P0570,purchase,4,0,66580.36
T01488,C0952,P0675,view,2,15,41914.47
T01489,C0852,P0418,wishlist,4,10,133381.15
T01490,C0829,P0556,cart,3,15,11846.33
T01491,C0513,P0738,wishlist,3,15,81265.52
T01492,C0033,P0095,wishlist,4,20,89624.1
T01493,C0030,P0266,view,3,0,20204.97
T01494,C0760,P0891,view,1,25,32253.68
T01495,C0615,P0209,wishlist,2,20,34965.44
T01496,C0672,P0920,view,3,10,43981.3
T01497,C0595,P0667,view,4,20,128936.0
T01498,C0704,P0156,view,4,15,152992.55
T01499,C0042,P0761,view,3,5,105828.31
T01500,C0109,P0928,view,3,20,53710.2
T01501,C0415,P0954,purchase,2,15,62214.58
T01502,C0654,P0216,cart,1,20,19011.89
T01503,C0380,P0848,view,3,20,10946.52
T01504,C0670,P0791,view,2,20,75137.63
T01505,C0112,P0702,view,2,10,7001.01
T01506,C0049,P0161,purchase,4,5,143563.39
T01507,C0924,P0364,cart,1,5,29501.76
T01508,C0766,P0602,view,4,15,68038.28
T01509,C0674,P0497,purchase,3,5,10645.26
T01510,C0918,P0133,purchase,1,15,1459.03
T01511,C0009,P0811,view,4,5,26849.62
T01512,C0169,P0960,purchase,3,5,26505.03
T01513,C0343,P0430,view,4,5,106762.44
T01514,C0500,P0773,cart,1,25,35432.51
T01515,C0355,P0214,view,1,15,27542.47
T01516,C0890,P0948,cart,4,20,118512.67
T01517,C0422,P0901,purchase,1,20,18731.87
T01518,C0530,P0388,wishlist,4,20,85145.76
T01519,C0422,P0411,view,1,25,8569.39
T01520,C0187,P0502,wishlist,4,15,8082.51
T01521,C0953,P0787,purchase,3,5,88509.23
T01522,C0048,P0921,cart,3,5,114350.21
T01523,C0446,P0221,purchase,1,15,13515.39
T01524,C0155,P0938,view,1,15,41823.2
T01525,C0894,P0909,view,2,10,59492.84
T01526,C0851,P0729,purchase,3,15,97312.26
T01527,C0257,P0434,purchase,1,0,11419.78
T01528,C0565,P0856,purchase,2,15,55206.87
T01529,C0797,P0036,view,3,10,25616.57
T01530,C0630,P0137,wishlist,3,5,106367.39
T01531,C0073,P0123,cart,1,0,16570.83
T01532,C0338,P0991,purchase,1,25,32757.41
T01533,C0039,P0921,cart,2,5,76233.47
T01534,C0806,P0509,view,3,10,21305.97
T01535,C0777,P0257,view,4,25,56148.93
T01536,C0456,P0047,view,4,5,94220.66
T01537,C0811,P0152,cart,3,10,100188.39
T01538,C0007,P0591,view,3,10,71429.01
T01539,C0601,P0609,purchase,2,25,32913.58
T01540,C0329,P0454,cart,3,10,97261.59
T01541,C0689,P0259,view,3,10,40656.73
T01542,C0111,P0256,purchase,2,0,13354.58
T01543,C0122,P0450,wishlist,3,25,89930.12
T01544,C0092,P0361,view,2,10,6469.16
T01545,C0513,P0603,purchase,4,15,63616.92
T01546,C0120,P0387,purchase,2,0,12488.08
T01547,C0934,P0043,view,3,0,133127.7
T01548,C0673,P0235,wishlist,4,25,89829.75
T01549,C0200,P0948,purchase,1,25,27776.41
T01550,C0378,P0789,purchase,2,25,46813.41
T01551,C0782,P0168,purchase,2,10,62805.98
T01552,C0404,P0828,view,1,0,26657.44
T01553,C0493,P0289,cart,1,15,30869.31
T01554,C0688,P0272,view,3,5,21277.87
T01555,C0406,P0234,wishlist,3,5,50260.43
T01556,C0121,P0463,purchase,2,5,82355.6
T01557,C0500,P0911,cart,1,20,24135.18
T01558,C0857,P0804,view,2,10,29652.08
T01559,C0600,P0813,view,1,5,10079.65
T01560,C0205,P0341,wishlist,4,10,116403.95
T01561,C0015,P0322,view,2,10,54850.81
T01562,C0337,P0532,view,2,25,15273.94
T01563,C0511,P0913,wishlist,4,5,40275.36
T01564,C0064,P0460,purchase,2,5,41585.62
T01565,C0590,P0216,cart,4,5,90306.47
T01566,C0540,P0992,purchase,2,0,47755.38
T01567,C0473,P0359,cart,2,15,26898.49
T01568,C0937,P0686,purchase,3,5,42690.09
T01569,C0666,P0456,cart,4,5,60243.83
T01570,C1000,P0767,view,4,15,164904.56
T01571,C0076,P0022,view,4,5,107350.46
T01572,C0412,P0717,wishlist,1,10,28718.76
T01573,C0482,P0919,cart,3,15,116803.39
T01574,C0776,P0259,purchase,2,0,30116.1
T01575,C0413,P0350,view,2,0,84264.52
T01576,C0152,P0934,purchase,4,0,95303.44
T01577,C0563,P0775,wishlist,3,25,48627.58
T01578,C0846,P0618,cart,4,15,89148.03
T01579,C0433,P0003,wishlist,4,5,11431.54
T01580,C0720,P0021,purchase,1,15,30251.51
T01581,C0289,P0206,wishlist,3,5,31073.64
T01582,C0207,P0635,view,3,0,15165.63
T01583,C0232,P0164,view,3,15,69428.03
T01584,C0335,P0011,view,4,10,33857.1
T01585,C0913,P0381,purchase,2,20,36223.78
T01586,C0886,P0736,purchase,2,5,89480.99
T01587,C0396,P0683,purchase,2,20,63623.01
T01588,C0216,P0831,view,1,25,9468.19
T01589,C0266,P0206,wishlist,4,20,34889.7
T01590,C0090,P0744,purchase,3,15,29816.05
T01591,C0094,P0032,cart,3,20,6630.34
T01592,C0973,P0021,purchase,1,20,28472.01
T01593,C0219,P0541,purchase,3,15,10368.15
T01594,C0275,P0140,view,3,20,22776.1
T01595,C0373,P0063,purchase,4,5,16907.34
T01596,C0151,P0523,purchase,4,20,52559.97
T01597,C0560,P0348,wishlist,4,25,45544.44
T01598,C0607,P0233,view,4,20,28768.32
T01599,C0921,P0589,view,1,10,24676.69
T01600,C0549,P0614,view,3,20,112920.17
T01601,C0251,P0738,purchase,2,25,47803.25
T01602,C0196,P0995,view,1,5,44370.24
T01603,C0443,P0090,wishlist,3,10,95443.41
T01604,C0621,P0059,wishlist,2,5,868.7
T01605,C0775,P0594,view,4,0,3622.64
T01606,C0486,P0601,cart,4,10,86930.39
T01607,C0572,P0931,purchase,2,20,53426.86
T01608,C0595,P0357,view,1,10,3805.9
T01609,C0419,P0659,view,1,25,35914.9
T01610,C0625,P0461,view,2,25,2622.84
T01611,C0512,P0048,purchase,1,10,13986.39
T01612,C0527,P0128,view,2,25,37903.77
T01613,C0865,P0678,cart,3,10,111666.9
T01614,C0304,P0760,view,2,10,68947.16
T01615,C0445,P0342,cart,1,25,13408.36
T01616,C0602,P0505,purchase,1,20,17944.55
T01617,C0670,P0118,purchase,2,25,52893.25
T01618,C0823,P0526,wishlist,1,25,32642.6
T01619,C0077,P0421,cart,4,15,38865.26
T01620,C0128,P0374,wishlist,2,25,36741.19
T01621,C0177,P0853,purchase,3,5,58539.26
T01622,C0874,P0629,cart,2,25,69096.79
T01623,C0295,P0122,view,3,5,37219.77
T01624,C0880,P0307,view,3,0,101207.82
T01625,C0873,P0591,purchase,1,5,25132.43
T01626,C0978,P0149,view,4,10,122896.22
T01627,C0118,P0704,cart,1,15,31037.66
T01628,C0194,P0392,purchase,3,0,92170.17
T01629,C0898,P0426,wishlist,2,25,18939.6
T01630,C0686,P0752,purchase,2,25,47402.9
T01631,C0244,P0800,purchase,3,0,142512.0
T01632,C0440,P0771,purchase,4,25,8592.06
T01633,C0461,P0759,view,2,0,57597.04
T01634,C0273,P0864,view,1,25,754.34
T01635,C0834,P0623,wishlist,1,10,10061.39
T01636,C0830,P0789,view,2,20,49934.3
T01637,C0181,P0655,cart,2,25,44944.32
T01638,C0260,P0107,view,4,0,15975.12
T01639,C0140,P0466,purchase,2,5,53406.99
T01640,C0438,P0856,wishlist,2,15,55206.87
T01641,C0581,P0960,view,4,0,37200.04
T01642,C0140,P0965,cart,3,15,40646.16
T01643,C0094,P0884,purchase,1,20,16175.97
T01644,C0660,P0218,cart,4,15,146637.65
T01645,C0733,P0586,purchase,3,5,1680.1
T01646,C0681,P0826,view,1,0,47913.28
T01647,C0032,P0121,view,3,10,94342.24
T01648,C0425,P0476,view,4,20,83734.4
T01649,C0750,P0790,cart,1,15,11219.34
T01650,C0821,P0021,view,3,20,85416.02
T01651,C0456,P0322,view,3,0,91418.01
T01652,C0151,P0771,purchase,4,15,9737.67
T01653,C0728,P0574,wishlist,2,20,14799.38
T01654,C0293,P0182,cart,1,25,29115.21
T01655,C0105,P0261,wishlist,3,25,102359.97
T01656,C0129,P0319,view,3,20,2230.61
T01657,C0752,P0235,purchase,1,25,22457.44
T01658,C0350,P0453,purchase,2,20,52599.15
T01659,C0423,P0190,cart,4,20,117910.56
T01660,C0891,P0554,purchase,2,10,12005.12
T01661,C0089,P0846,purchase,3,20,32926.32
T01662,C0011,P0622,view,1,0,12789.12
T01663,C0188,P0736,wishlist,3,5,134221.49
T01664,C0464,P0043,purchase,3,0,133127.7
T01665,C0115,P0621,wishlist,4,25,114001.89
T01666,C0612,P0520,purchase,3,0,9209.55
T01667,C0337,P0240,purchase,2,5,69943.92
T01668,C0004,P0794,purchase,2,20,60172.19
T01669,C0261,P0603,wishlist,1,10,16839.77
T01670,C0257,P0136,purchase,1,15,33574.77
T01671,C0178,P0112,purchase,4,25,149954.82
T01672,C0591,P0378,view,4,5,60443.79
T01673,C0511,P0713,cart,1,15,30341.03
T01674,C0073,P0974,view,4,20,35799.74
T01675,C0388,P0828,purchase,4,5,101298.27
T01676,C0014,P0717,cart,4,15,108493.08
T01677,C0538,P0920,purchase,4,0,65157.48
T01678,C0975,P0024,cart,3,10,84487.94
T01679,C0681,P0036,cart,1,5,9013.24
T01680,C0211,P0742,view,3,25,65940.95
T01681,C0442,P0059,purchase,2,25,685.81
T01682,C0344,P0750,wishlist,4,20,76324.99
T01683,C0523,P0629,view,1,15,39154.85
T01684,C0131,P0382,view,1,20,28697.52
T01685,C0395,P0633,view,3,0,58450.26
T01686,C0185,P0948,view,4,10,133326.76
T01687,C0633,P0721,purchase,4,15,151111.33
T01688,C0676,P0780,cart,4,10,139368.17
T01689,C0876,P0504,view,4,10,73127.2
T01690,C0680,P0283,cart,3,25,20854.06
T01691,C0138,P0125,view,2,5,39329.49
T01692,C0570,P0362,wishlist,2,15,46861.47
T01693,C0521,P0432,cart,3,0,98330.7
T01694,C0856,P0006,view,2,10,46454.18
T01695,C0223,P0402,wishlist,3,0,15414.21
T01696,C0184,P0915,purchase,3,20,63819.65
T01697,C0413,P0920,wishlist,2,25,24434.06
T01698,C0260,P0384,purchase,2,15,82521.99
T01699,C0719,P0077,view,4,25,10959.57
T01700,C0056,P0807,view,1,15,36719.65
T01701,C0793,P0930,cart,3,20,7599.46
T01702,C0345,P0790,purchase,3,0,39597.66
T01703,C0922,P1000,wishlist,2,5,21338.06
T01704,C0231,P0359,cart,2,0,31645.28
T01705,C0221,P0746,purchase,1,15,12297.52
T01706,C0906,P0755,view,1,20,12207.59
T01707,C0800,P0500,purchase,3,20,108338.81
T01708,C0048,P0813,view,3,20,25464.38
T01709,C0644,P0251,purchase,3,5,15750.92
T01710,C0126,P0159,purchase,3,10,134687.04
T01711,C0292,P0945,cart,3,10,74077.36
T01712,C0634,P0237,view,4,20,119817.63
T01713,C0867,P0836,view,4,5,189546.36
T01714,C0397,P0641,cart,4,10,176752.44
T01715,C0602,P0759,wishlist,2,25,43197.78
T01716,C0881,P0150,purchase,1,10,4961.36
T01717,C0028,P0821,cart,1,0,20278.75
T01718,C0654,P0626,purchase,4,0,120625.52
T01719,C0525,P0624,purchase,1,0,4106.1
T01720,C0874,P0410,view,1,10,26542.32
T01721,C0720,P0158,view,4,25,131864.19
T01722,C0079,P0844,purchase,1,10,42612.71
T01723,C0760,P0651,view,2,10,53726.24
T01724,C0640,P0913,purchase,3,10,28616.71
T01725,C0919,P0537,view,4,20,2049.25
T01726,C0705,P0514,view,2,5,2587.67
T01727,C0202,P0951,cart,2,0,52151.32
T01728,C0716,P0753,purchase,1,10,16031.78
T01729,C0909,P0182,purchase,3,20,93168.67
T01730,C0552,P0842,view,2,15,11806.3
T01731,C0011,P0632,wishlist,1,5,26176.9
T01732,C0123,P0701,view,4,20,86971.84
T01733,C0213,P0830,view,2,15,36852.29
T01734,C0707,P0540,purchase,2,15,68843.74
T01735,C0619,P0661,view,3,5,130369.03
T01736,C0782,P0935,view,2,25,65887.6
T01737,C0841,P0983,view,2,15,5623.74
T01738,C0954,P0440,view,3,25,61497.94
T01739,C0391,P0316,cart,4,15,54384.19
T01740,C0314,P0185,wishlist,3,0,96810.54
T01741,C0039,P0084,view,1,20,20288.46
T01742,C0258,P0812,wishlist,4,25,71913.15
T01743,C0823,P0552,wishlist,1,0,35807.93
T01744,C0280,P0170,cart,4,25,136653.51
T01745,C0248,P0361,purchase,1,5,3414.28
T01746,C0601,P0078,view,2,5,65004.21
T01747,C0045,P0038,view,4,20,110744.64
T01748,C0608,P0323,purchase,4,15,3763.73
T01749,C0119,P0087,purchase,3,15,37742.29
T01750,C0623,P0882,purchase,2,15,76761.34
T01751,C0025,P0791,purchase,2,25,70441.53
T01752,C0510,P0931,wishlist,3,20,80140.3
T01753,C0753,P0690,purchase,4,20,120772.74
T01754,C0660,P0494,wishlist,1,10,32511.95
T01755,C0792,P0697,view,3,0,80624.1
T01756,C0656,P0247,cart,3,15,122584.88
T01757,C0220,P0844,purchase,3,0,142042.35
T01758,C0118,P0082,view,3,20,49793.66
T01759,C0634,P0837,view,2,5,29189.19
T01760,C0805,P0089,purchase,3,0,9196.29
T01761,C0297,P0260,wishlist,3,10,117255.9
T01762,C0935,P0536,purchase,2,20,65639.89
T01763,C0025,P0349,purchase,1,20,16067.94
T01764,C0038,P0383,purchase,2,15,43394.62
T01765,C0306,P0132,view,4,15,23215.95
T01766,C0590,P0732,cart,2,0,14186.18
T01767,C0480,P0118,purchase,3,20,84629.21
T01768,C0188,P0453,view,2,10,59174.05
T01769,C0740,P0164,purchase,4,25,81680.04
T01770,C0267,P0636,view,1,20,38685.89
T01771,C0578,P0611,cart,3,20,48398.16
T01772,C0677,P0896,view,4,25,42767.01
T01773,C0124,P0302,view,4,20,8875.2
T01774,C0271,P0429,wishlist,2,10,8105.31
T01775,C0247,P0481,view,2,0,64102.72
T01776,C0425,P0577,purchase,4,20,125447.3
T01777,C0796,P0806,purchase,1,5,3369.9
T01778,C0293,P0923,view,1,20,39302.85
T01779,C0027,P0845,view,2,5,34830.46
T01780,C0378,P0571,wishlist,4,10,173452.54
T01781,C0362,P0260,wishlist,2,15,73827.79
T01782,C0623,P0703,purchase,1,15,40067.12
T01783,C0278,P0347,wishlist,1,15,22850.74
T01784,C0123,P0057,view,4,0,148357.12
T01785,C0518,P0935,view,1,5,41728.82
T01786,C0896,P0528,purchase,4,0,19455.56
T01787,C0987,P0475,wishlist,1,20,31815.2
T01788,C0389,P0511,wishlist,2,20,29369.23
T01789,C0803,P0265,view,3,25,17665.13
T01790,C0308,P0403,view,1,20,22273.78
T01791,C0106,P0247,view,4,25,144217.5
T01792,C0046,P0722,purchase,1,15,13842.9
T01793,C0231,P0818,purchase,2,5,58970.49
T01794,C0155,P0503,view,1,15,34741.05
T01795,C0458,P0528,view,3,20,11673.34
T01796,C0916,P0664,view,1,5,41702.16
T01797,C0600,P0541,purchase,4,20,13011.01
T01798,C0931,P0833,cart,4,10,128515.43
T01799,C0343,P0074,view,3,15,78714.39
T01800,C0862,P0978,cart,2,10,5240.54
T01801,C0125,P0038,purchase,1,25,25955.77
T01802,C0225,P0242,view,1,0,3990.32
T01803,C0797,P0996,cart,2,5,13813.59
T01804,C0146,P0191,cart,1,20,25773.35
T01805,C0201,P0867,purchase,4,15,166466.55
T01806,C0302,P0872,view,4,0,147038.92
T01807,C0485,P0137,view,3,25,83974.25
T01808,C0507,P0657,view,1,0,38659.59
T01809,C0399,P0989,purchase,4,0,174349.32
T01810,C0283,P0738,view,1,15,27088.51
T01811,C0082,P0213,view,4,25,99019.23
T01812,C0596,P0770,wishlist,3,20,62861.42
T01813,C0533,P0646,purchase,3,25,84590.55
T01814,C0662,P0117,purchase,4,0,118315.2
T01815,C0317,P0876,view,4,5,153279.65
T01816,C0976,P0762,purchase,4,15,20489.01
T01817,C0661,P0640,view,4,0,14917.6
T01818,C0328,P0724,cart,2,15,82226.84
T01819,C0948,P0175,purchase,1,10,20447.51
T01820,C0497,P0269,view,4,10,106538.9
T01821,C0925,P0568,wishlist,1,10,4655.13
T01822,C0376,P0828,view,1,25,19993.08
T01823,C0592,P0163,cart,2,10,37016.95
T01824,C0279,P0303,view,3,10,12444.49
T01825,C0127,P0246,view,4,5,129466.04
T01826,C0931,P0439,wishlist,1,5,21915.69
T01827,C0149,P0056,view,4,15,114314.63
T01828,C0813,P0063,view,2,25,6673.95
T01829,C0659,P0600,purchase,4,15,124087.42
T01830,C0215,P0141,purchase,2,10,4986.81
T01831,C0627,P0502,purchase,1,15,2020.63
T01832,C0711,P0675,view,3,0,73966.71
T01833,C0627,P0680,view,4,20,57016.64
T01834,C0926,P0216,view,2,10,42776.75
T01835,C0225,P0662,view,3,25,81510.07
T01836,C0014,P0633,view,4,10,70140.31
T01837,C0166,P0507,view,1,15,25612.62
T01838,C0304,P0457,view,4,20,57655.52
T01839,C0216,P0113,purchase,4,10,170093.99
T01840,C0764,P0284,view,2,5,2351.97
T01841,C0896,P0643,cart,1,15,39747.46
T01842,C0800,P0081,purchase,2,0,96769.02
T01843,C0360,P0868,cart,3,20,71501.38
T01844,C0142,P0677,purchase,1,10,23325.24
T01845,C0237,P0132,view,2,25,10242.33
T01846,C0163,P0916,purchase,3,10,40381.25
T01847,C0884,P0570,purchase,3,5,47438.51
T01848,C0312,P0634,cart,4,20,20458.43
T01849,C0891,P0436,cart,2,25,46082.15
T01850,C0750,P0906,view,4,25,122472.96
T01851,C0342,P0338,view,4,15,47161.74
T01852,C0809,P0831,wishlist,2,15,21461.22
T01853,C0157,P0327,view,2,5,26173.79
T01854,C0922,P0621,cart,3,0,114001.89
T01855,C0020,P0673,purchase,1,15,39801.9
T01856,C0864,P0616,purchase,1,15,37245.28
T01857,C0899,P0998,view,4,20,138084.26
T01858,C0390,P0824,view,4,0,32033.08
T01859,C0376,P0581,cart,3,10,129991.12
T01860,C0470,P0984,wishlist,2,5,57147.06
T01861,C0741,P0629,view,1,25,34548.4
T01862,C0891,P0325,cart,3,15,61358.92
T01863,C0254,P0928,view,4,5,85041.15
T01864,C0582,P0203,view,2,15,7348.03
T01865,C0867,P0848,purchase,4,10,16419.78
T01866,C0684,P0876,view,3,5,114959.74
T01867,C0555,P0943,view,2,20,44131.58
T01868,C0450,P0504,purchase,2,10,36563.6
T01869,C0080,P0621,wishlist,1,25,28500.47
T01870,C0018,P0256,view,1,0,6677.29
T01871,C0458,P0698,cart,2,10,11777.11
T01872,C0447,P0353,wishlist,1,20,37487.6
T01873,C0949,P0226,wishlist,4,0,80134.84
T01874,C0112,P0212,purchase,1,15,3839.38
T01875,C0885,P0324,wishlist,1,25,35805.8
T01876,C0404,P0930,view,4,15,10765.9
T01877,C0667,P0414,wishlist,4,0,42596.52
T01878,C0099,P0951,wishlist,1,10,23468.09
T01879,C1000,P0949,wishlist,4,10,49597.2
T01880,C0717,P0943,cart,1,15,23444.9
T01881,C0652,P0635,cart,3,15,12890.79
T01882,C0593,P0444,purchase,2,20,7761.15
T01883,C0756,P0276,view,1,20,32885.4
T01884,C0575,P0184,view,4,10,155217.31
T01885,C0432,P0519,view,2,25,62938.12
T01886,C0368,P0658,view,4,25,94343.49
T01887,C1000,P0705,cart,1,5,34381.77
T01888,C0103,P0594,wishlist,2,25,1358.49
T01889,C0319,P0998,view,1,25,32363.5
T01890,C0648,P0286,purchase,3,0,69712.86
T01891,C0825,P0107,view,3,20,9585.07
T01892,C0754,P0742,view,3,20,70337.02
T01893,C0516,P0776,cart,2,20,56741.55
T01894,C0901,P0808,view,3,5,106753.62
T01895,C0516,P0640,view,3,5,10628.79
T01896,C0363,P0093,view,3,5,53687.42
T01897,C0941,P0602,cart,1,5,19010.7
T01898,C0410,P0156,purchase,3,5,128243.76
T01899,C0650,P0368,cart,1,0,11194.97
T01900,C0027,P0807,cart,2,10,77759.26
T01901,C0403,P0258,view,4,20,44241.95
T01902,C0982,P0499,view,2,25,37809.38
T01903,C0974,P0705,purchase,1,25,27143.5
T01904,C0831,P0219,view,1,10,1837.78
T01905,C0040,P0597,purchase,3,5,95177.74
T01906,C0802,P0759,cart,1,0,28798.52
T01907,C0238,P0660,view,3,5,1747.99
T01908,C0034,P0684,view,2,20,36906.59
T01909,C0257,P0059,view,4,25,1371.63
T01910,C0928,P0590,purchase,1,0,10616.44
T01911,C0403,P0283,wishlist,3,15,23634.6
T01912,C0215,P0382,view,1,20,28697.52
T01913,C0385,P0095,cart,3,15,71419.2
T01914,C0317,P0731,purchase,3,0,10954.65
T01915,C1000,P0467,cart,3,5,78152.93
T01916,C0545,P0489,purchase,4,15,8192.33
T01917,C0661,P0654,view,2,20,56622.67
T01918,C0853,P0306,view,3,25,16095.67
T01919,C0716,P0874,purchase,2,25,2379.06
T01920,C0578,P0662,view,2,15,61585.39
T01921,C0768,P0573,purchase,4,0,25805.6
T01922,C0299,P0460,wishlist,3,25,49246.13
T01923,C0757,P0031,wishlist,4,5,54659.43
T01924,C0052,P0384,view,3,25,109220.29
T01925,C0475,P0392,purchase,1,20,24578.71
T01926,C0700,P0469,wishlist,4,20,155658.43
T01927,C0932,P0283,view,4,20,29659.1
T01928,C0070,P0972,wishlist,2,15,57828.08
T01929,C0234,P0679,purchase,3,15,32249.49
T01930,C0894,P0836,purchase,3,5,142159.77
T01931,C0134,P0008,view,4,25,121371.57
T01932,C0627,P0494,purchase,2,5,68636.34
T01933,C0086,P0725,wishlist,4,0,160424.52
T01934,C0682,P0628,purchase,2,15,79319.72
T01935,C0357,P0562,view,3,10,116032.61
T01936,C0591,P1000,view,4,15,38183.9
T01937,C0259,P0605,purchase,3,20,30477.29
T01938,C0288,P0048,purchase,1,25,11655.32
T01939,C0095,P0303,cart,2,10,8296.33
T01940,C0925,P0091,view,2,5,79715.15
T01941,C0768,P0829,purchase,1,10,37131.91
T01942,C0829,P0407,view,2,10,33373.46
T01943,C0883,P0411,purchase,3,10,30849.8
T01944,C0013,P0827,purchase,2,20,30566.26
T01945,C0621,P0835,cart,2,5,36546.8
T01946,C0957,P0302,view,3,10,7488.45
T01947,C0670,P0862,view,2,5,31629.64
T01948,C0060,P0795,view,2,10,73630.64
T01949,C0920,P0302,purchase,2,25,4160.25
T01950,C0505,P0063,view,4,10,16017.48
T01951,C0101,P0987,wishlist,4,0,49315.36
T01952,C0813,P0899,view,1,10,18069.76
T01953,C0175,P0234,view,4,10,63486.86
T01954,C0533,P0451,view,4,10,91289.88
T01955,C0244,P0675,cart,2,10,44380.03
T01956,C0922,P0956,purchase,1,20,9107.36
T01957,C0321,P0435,cart,2,5,93154.61
T01958,C0588,P0785,purchase,1,20,11813.06
T01959,C0796,P0473,purchase,4,25,89991.6
T01960,C0094,P0736,view,2,5,89480.99
T01961,C0482,P0747,purchase,3,5,98670.85
T01962,C0566,P0397,view,3,25,82014.23
T01963,C0041,P0562,view,3,10,116032.61
T01964,C0399,P0182,view,1,20,31056.22
T01965,C0718,P0867,view,4,5,186050.85
T01966,C0146,P0298,cart,1,20,33181.91
T01967,C0052,P0548,purchase,3,10,25794.64
T01968,C0921,P0371,wishlist,2,5,23898.77
T01969,C0580,P0985,purchase,3,15,111155.77
T01970,C0289,P0359,purchase,2,0,31645.28
T01971,C0689,P0984,wishlist,1,25,22558.05
T01972,C0999,P0077,view,2,15,6210.42
T01973,C0465,P0311,purchase,3,10,107501.63
T01974,C0325,P0280,purchase,3,25,51130.01
T01975,C0567,P0271,purchase,1,20,30320.44
T01976,C0980,P0053,wishlist,2,0,96676.82
T01977,C0240,P0214,purchase,4,0,129611.64
T01978,C0852,P0860,purchase,1,20,14175.11
T01979,C0823,P0611,view,1,0,20165.9
T01980,C0743,P0170,purchase,2,20,72881.87
T01981,C0941,P0458,purchase,2,15,15048.96
T01982,C0732,P0925,wishlist,4,25,28875.99
T01983,C0441,P0194,view,3,25,13248.11
T01984,C0155,P0499,view,2,5,47891.88
T01985,C0945,P0723,cart,4,10,179307.54
T01986,C0401,P0568,view,2,25,7758.56
T01987,C0714,P0714,wishlist,2,0,60135.22
T01988,C0730,P0243,purchase,2,15,70155.79
T01989,C0573,P0405,view,4,25,124999.47
T01990,C0327,P0044,cart,4,5,31342.82
T01991,C0269,P0525,view,1,20,38566.11
T01992,C0157,P0876,wishlist,1,25,30252.56
T01993,C0394,P0186,wishlist,1,0,33013.41
T01994,C0528,P0188,purchase,4,15,111199.58
T01995,C0544,P0575,view,3,20,62384.23
T01996,C0189,P0818,view,3,5,88455.73
T01997,C0551,P0193,purchase,3,20,75075.89
T01998,C0196,P0211,view,2,15,77998.07
T01999,C0457,P0331,purchase,2,0,59514.44
T02000,C0122,P0458,view,2,25,13278.49
T02001,C0002,P0645,purchase,2,10,18770.38
T02002,C0975,P0750,view,4,15,81095.3
T02003,C0565,P0486,view,3,25,53082.54
T02004,C0164,P0954,purchase,3,0,109790.43
T02005,C0151,P0180,wishlist,2,15,63829.95
T02006,C0018,P0225,purchase,1,25,3456.35
T02007,C0333,P0372,view,3,20,81867.72
T02008,C0718,P0686,view,1,10,13481.08
T02009,C0709,P0740,purchase,3,20,3461.57
T02010,C0990,P0527,view,2,25,51150.96
T02011,C0547,P0069,view,4,15,124286.86
T02012,C0965,P0760,purchase,4,20,122572.74
T02013,C0579,P0477,purchase,2,0,11845.32
T02014,C0052,P0534,purchase,2,10,56525.96
T02015,C0131,P0600,purchase,4,25,109488.9
T02016,C0105,P0387,view,2,20,9990.46
T02017,C0896,P0538,view,4,15,50561.57
T02018,C0853,P0681,wishlist,1,20,25346.71
T02019,C0076,P0269,wishlist,2,10,53269.45
T02020,C0966,P0560,purchase,3,15,63820.97
T02021,C0403,P0976,purchase,1,25,23320.12
T02022,C0541,P0176,wishlist,3,10,24254.29
T02023,C0559,P0345,cart,4,15,64760.24
T02024,C0298,P0333,cart,3,15,38866.11
T02025,C0700,P0836,cart,3,0,149641.86
T02026,C0695,P0599,cart,3,15,70604.71
T02027,C0346,P0519,cart,1,25,31469.06
T02028,C0404,P0738,purchase,2,5,60550.78
T02029,C0421,P0180,purchase,2,10,67584.65
T02030,C0356,P0702,view,4,10,14002.02
T02031,C0465,P0463,cart,1,0,43345.05
T02032,C0411,P0052,cart,1,15,40548.94
T02033,C0847,P0740,cart,3,25,3245.22
T02034,C0530,P0730,purchase,1,10,42238.8
T02035,C0568,P0861,purchase,2,0,46979.04
T02036,C0795,P0805,view,2,10,52067.7
T02037,C0992,P0840,view,4,10,124492.32
T02038,C0292,P0866,cart,4,0,51198.84
T02039,C0367,P0256,view,1,25,5007.97
T02040,C0461,P0308,view,4,0,47520.6
T02041,C0880,P0826,purchase,4,25,143739.84
T02042,C0528,P0642,view,3,5,3376.74
T02043,C0522,P0321,wishlist,2,15,69231.75
T02044,C0417,P0729,purchase,2,25,57242.5
T02045,C0133,P0053,cart,1,5,45921.49
T02046,C0460,P0650,view,2,0,74118.08
T02047,C0318,P0338,view,3,15,35371.31
T02048,C0394,P0505,purchase,3,0,67292.07
T02049,C0157,P0014,wishlist,1,10,16168.79
T02050,C0394,P0847,view,4,0,82566.76
T02051,C0654,P0763,view,2,15,64887.06
T02052,C0654,P0641,view,4,0,196391.6
T02053,C0676,P0832,wishlist,4,15,37115.01
T02054,C0416,P0456,purchase,1,15,13475.59
T02055,C0165,P0208,purchase,1,0,5507.59
T02056,C0618,P0842,view,1,10,6250.39
T02057,C0001,P0351,wishlist,3,25,85075.81
T02058,C0509,P0186,purchase,4,25,99040.23
T02059,C0713,P0008,view,4,10,145645.88
T02060,C0639,P0928,view,4,15,76089.45
T02061,C0898,P0639,view,1,25,11719.83
T02062,C0715,P0157,view,2,10,10836.94
T02063,C0801,P0028,purchase,3,10,30401.92
T02064,C0370,P0541,purchase,3,0,12197.82
T02065,C0614,P0930,view,4,25,9499.32
T02066,C0380,P0200,purchase,4,25,40411.86
T02067,C0167,P0226,cart,3,10,54091.02
T02068,C0498,P0964,cart,2,20,22273.15
T02069,C0701,P0411,view,4,20,36562.72
T02070,C0901,P0443,view,4,5,94962.23
T02071,C0491,P0471,cart,2,5,42942.17
T02072,C0999,P0664,cart,2,25,65845.51
T02073,C0198,P0944,purchase,1,10,4525.1
T02074,C0325,P0688,purchase,3,10,30435.99
T02075,C0139,P0242,view,4,10,14365.15
T02076,C0188,P0690,view,3,20,90579.55
T02077,C0400,P0374,view,4,10,88178.87
T02078,C0764,P0417,purchase,3,20,50825.16
T02079,C0311,P0308,purchase,1,0,11880.15
T02080,C0340,P0083,view,1,15,18328.47
T02081,C0873,P0236,view,1,0,24660.08
T02082,C0747,P0030,wishlist,3,25,108289.98
T02083,C0283,P0729,cart,2,10,68691.01
T02084,C0971,P0337,purchase,3,5,37026.69
T02085,C0614,P0605,view,3,25,28572.46
T02086,C0933,P0583,view,2,15,49297.04
T02087,C0978,P0284,view,2,0,2475.76
T02088,C0399,P0414,purchase,4,0,42596.52
T02089,C0087,P0189,wishlist,3,15,50945.79
T02090,C0618,P0248,purchase,4,20,119122.27
T02091,C0424,P0082,purchase,3,20,49793.66
T02092,C0133,P0115,view,1,0,5854.17
T02093,C0374,P0154,view,4,25,54206.28
T02094,C0694,P0147,view,2,5,50771.71
T02095,C0715,P0118,purchase,1,10,31735.95
T02096,C0145,P0907,purchase,3,20,60154.3
T02097,C0049,P0107,view,1,15,3394.71
T02098,C0909,P0314,purchase,3,10,76778.31
T02099,C0361,P0683,view,1,15,33799.72
T02100,C0573,P0932,cart,2,20,59464.35
T02101,C0396,P0186,view,1,25,24760.06
T02102,C0791,P0371,wishlist,2,5,23898.77
T02103,C0204,P0608,purchase,2,0,86728.32
T02104,C0148,P0607,purchase,1,15,9517.85
T02105,C0723,P0897,purchase,3,15,7749.3
T02106,C0434,P0034,wishlist,3,5,34295.05
T02107,C0794,P0032,view,4,5,10498.03
T02108,C0524,P0168,view,3,25,78507.47
T02109,C0838,P0411,cart,4,0,45703.4
T02110,C0081,P0794,cart,1,25,28205.72
T02111,C0739,P0026,purchase,3,5,127749.4
T02112,C0116,P0815,purchase,2,15,66500.57
T02113,C0178,P0985,view,4,25,130771.5
T02114,C0067,P0544,view,3,10,95612.16
T02115,C0727,P0046,view,4,10,124759.37
T02116,C0335,P0947,view,3,5,124657.6
T02117,C0172,P0339,cart,3,25,50398.63
T02118,C0174,P0637,view,4,20,138107.2
T02119,C0642,P0040,purchase,3,15,84318.84
T02120,C0290,P0202,wishlist,3,5,109982.61
T02121,C0200,P0838,purchase,1,10,18996.72
T02122,C0117,P0886,view,4,15,140129.64
T02123,C0507,P0151,view,4,0,186637.28
T02124,C0541,P0701,purchase,4,10,97843.32
T02125,C0140,P0913,view,1,5,10068.84
T02126,C0676,P0646,cart,4,0,150383.2
T02127,C0266,P0541,purchase,3,15,10368.15
T02128,C0597,P0512,purchase,1,5,32751.31
T02129,C0573,P0785,cart,3,25,33224.22
T02130,C0584,P0293,cart,1,5,19729.55
T02131,C0385,P0137,purchase,1,10,33589.7
T02132,C0664,P0133,view,3,25,3862.15
T02133,C0430,P0180,purchase,1,25,28160.27
T02134,C0699,P0138,wishlist,2,0,60910.5
T02135,C0330,P0993,view,2,5,79522.26
T02136,C0151,P0620,view,1,15,13295.03
T02137,C0845,P0658,cart,2,20,50316.53
T02138,C0240,P0887,purchase,2,15,32507.33
T02139,C0216,P0681,view,2,20,50693.42
T02140,C0484,P0043,purchase,3,20,106502.16
T02141,C0621,P0693,view,3,5,133005.91
T02142,C0125,P0105,view,1,20,10754.17
T02143,C0474,P0908,purchase,1,0,43657.22
T02144,C0853,P0117,cart,2,25,44368.2
T02145,C0401,P0874,purchase,4,0,6344.16
T02146,C0476,P0655,view,1,15,25468.45
T02147,C0638,P0649,purchase,4,20,55858.88
T02148,C0459,P0990,cart,4,0,141240.16
T02149,C0567,P0758,purchase,3,15,91328.99
T02150,C0739,P0129,view,2,20,6832.96
T02151,C0492,P0678,purchase,4,5,157160.82
T02152,C0347,P0197,view,3,20,108114.0
T02153,C0613,P0160,view,2,0,14653.54
T02154,C0235,P0327,wishlist,2,15,23418.66
T02155,C0238,P0107,wishlist,2,15,6789.43
T02156,C0493,P0043,purchase,3,0,133127.7
T02157,C0629,P0304,purchase,1,10,44399.86
T02158,C0349,P0400,view,3,0,103516.47
T02159,C0117,P0819,view,3,10,56696.81
T02160,C0832,P0873,purchase,1,25,4869.78
T02161,C0387,P0983,purchase,4,0,13232.32
T02162,C0065,P0575,cart,2,10,46788.17
T02163,C0892,P0607,view,3,25,25194.31
T02164,C0599,P0824,view,1,25,6006.2
T02165,C0019,P0313,purchase,3,20,6239.9
T02166,C0922,P0231,cart,1,0,30746.89
T02167,C0359,P0383,view,4,15,86789.25
T02168,C0877,P0622,view,3,5,36448.99
T02169,C0271,P0212,view,4,5,17164.3
T02170,C0247,P0948,view,3,20,88884.5
T02171,C0296,P0213,view,3,10,89117.31
T02172,C0616,P0617,wishlist,4,20,21013.66
T02173,C0398,P0833,view,3,10,96386.57
T02174,C0078,P0813,cart,4,10,38196.58
T02175,C0353,P0371,cart,3,20,30187.92
T02176,C0744,P0361,view,1,15,3054.88
T02177,C0180,P0472,purchase,3,20,31949.11
T02178,C0530,P0395,view,3,10,102060.24
T02179,C0438,P0285,wishlist,1,20,3407.22
T02180,C0702,P0199,view,2,10,44950.95
T02181,C0224,P0517,purchase,1,0,48063.55
T02182,C0230,P0869,view,1,5,20487.99
T02183,C0725,P0759,view,2,20,46077.63
T02184,C0406,P0127,purchase,2,15,7847.86
T02185,C0835,P0686,purchase,1,5,14230.03
T02186,C0350,P0524,purchase,3,15,5518.4
T02187,C0233,P0514,purchase,1,15,1157.64
T02188,C0418,P0448,view,4,5,170539.74
T02189,C0277,P0010,cart,1,0,19673.82
T02190,C0883,P0198,view,2,20,9700.8
T02191,C0338,P0542,wishlist,1,25,20659.27
T02192,C0366,P0401,cart,2,5,1261.05
T02193,C0406,P0309,view,4,15,166378.46
T02194,C0976,P0256,purchase,2,25,10015.93
T02195,C0962,P0813,cart,3,15,27055.91
T02196,C0680,P0233,cart,1,20,7192.08
T02197,C0913,P0681,purchase,2,15,53861.76
T02198,C0164,P0256,cart,2,15,11351.39
T02199,C0772,P0946,purchase,4,10,113258.59
T02200,C0558,P0514,view,2,0,2723.86
T02201,C0790,P0017,view,3,0,91127.43
T02202,C0838,P0628,view,3,25,104981.99
T02203,C0849,P0739,wishlist,1,10,20478.57
T02204,C0495,P0035,view,3,5,90484.02
T02205,C0695,P0714,view,3,0,90202.83
T02206,C0096,P0865,purchase,1,20,39678.99
T02207,C0786,P0850,view,2,25,37090.89
T02208,C0510,P0884,purchase,3,20,48527.9
T02209,C0370,P0749,view,1,25,20761.86
T02210,C0602,P0600,purchase,3,15,93065.57
T02211,C0501,P0348,purchase,4,10,54653.33
T02212,C0744,P0887,cart,1,20,15297.57
T02213,C0747,P0137,cart,3,20,89572.54
T02214,C0959,P0282,purchase,2,10,78504.88
T02215,C0016,P0568,view,1,5,4913.75
T02216,C0590,P0030,view,3,15,122728.64
T02217,C0875,P0022,view,3,25,63562.77
T02218,C0660,P0410,view,1,20,23593.18
T02219,C0774,P0181,wishlist,2,5,3836.42
T02220,C0266,P0028,view,3,20,27023.93
T02221,C0706,P0894,cart,3,15,97972.12
T02222,C0052,P0116,view,3,25,34934.2
T02223,C0279,P0107,purchase,3,10,10783.21
T02224,C0887,P0800,wishlist,2,15,80756.8
T02225,C0272,P0144,view,3,10,64623.56
T02226,C0566,P0916,purchase,4,0,59824.08
T02227,C0248,P0408,cart,1,5,18712.13
T02228,C0724,P0524,cart,4,15,7357.87
T02229,C0415,P0342,wishlist,3,25,40225.1
T02230,C0715,P0782,view,3,0,116049.06
T02231,C0038,P0427,cart,1,20,31103.35
T02232,C0544,P0212,view,2,25,6775.38
T02233,C0096,P0503,view,1,5,38828.23
T02234,C0016,P0679,view,4,5,48058.07
T02235,C0696,P0894,view,1,10,34578.4
T02236,C0594,P0643,purchase,1,0,46761.72
T02237,C0876,P0571,view,4,25,144543.78
T02238,C0401,P0462,wishlist,1,0,8908.1
T02239,C0006,P0596,purchase,1,15,16796.11
T02240,C0416,P0072,view,1,15,19838.8
T02241,C0273,P0530,cart,4,5,174617.56
T02242,C0460,P0847,purchase,2,0,41283.38
T02243,C0934,P0867,purchase,1,10,44064.68
T02244,C0438,P0532,wishlist,3,20,24438.31
T02245,C0296,P0647,cart,4,15,12106.14
T02246,C0805,P0032,view,3,15,7044.73
T02247,C0793,P0108,cart,4,5,16415.51
T02248,C0733,P0358,view,2,25,73176.58
T02249,C0775,P0909,purchase,2,15,56187.69
T02250,C0021,P0540,view,2,10,72893.38
T02251,C0397,P0036,cart,3,5,27039.72
T02252,C0233,P0616,purchase,4,25,131453.94
T02253,C0664,P0244,view,1,20,35163.82
T02254,C0273,P0075,wishlist,3,15,73586.91
T02255,C0881,P0633,view,2,20,31173.47
T02256,C0160,P0446,purchase,4,5,151753.49
T02257,C0870,P0966,purchase,2,25,43036.08
T02258,C0556,P0174,view,2,15,78213.28
T02259,C0735,P0514,purchase,2,20,2179.09
T02260,C0396,P0846,cart,4,20,43901.76
T02261,C0847,P0163,wishlist,4,10,74033.89
T02262,C0883,P0008,purchase,3,20,97097.26
T02263,C0414,P0682,wishlist,2,10,9552.38
T02264,C0022,P0638,purchase,3,0,59842.11
T02265,C0157,P0330,view,2,25,3541.41
T02266,C0465,P0164,cart,4,15,92570.71
T02267,C0302,P0242,view,4,20,12769.02
T02268,C0302,P0472,purchase,3,5,37939.57
T02269,C0660,P0912,cart,2,10,11726.71
T02270,C0187,P0966,wishlist,4,10,103286.59
T02271,C0547,P0588,purchase,4,0,192488.2
T02272,C0305,P0522,view,1,0,31385.47
T02273,C0234,P0925,view,3,5,27432.19
T02274,C0836,P0489,view,2,0,4819.02
T02275,C0555,P0863,purchase,4,20,110449.82
T02276,C0348,P0153,wishlist,3,15,102040.67
T02277,C0985,P0119,view,2,20,51046.22
T02278,C0755,P0565,view,2,20,59050.26
T02279,C0843,P0042,purchase,3,0,95182.35
T02280,C0613,P0599,purchase,1,0,27688.12
T02281,C0221,P0666,view,3,25,68432.04
T02282,C0187,P0525,purchase,3,0,144622.92
T02283,C0259,P0181,wishlist,3,20,4846.01
T02284,C0340,P0496,view,1,15,28219.74
T02285,C0880,P0196,view,2,0,26083.62
T02286,C0378,P0897,view,3,15,7749.3
T02287,C0744,P0572,view,4,25,116231.31
T02288,C0852,P0709,view,4,20,2967.97
T02289,C0106,P0216,view,1,25,17823.65
T02290,C0058,P0940,cart,3,5,54804.22
T02291,C0560,P0638,cart,1,25,14960.53
T02292,C0389,P0198,view,2,10,10913.4
T02293,C0750,P0644,purchase,1,10,3940.37
T02294,C0468,P0508,view,2,5,16049.85
T02295,C0195,P0188,view,3,5,93211.42
T02296,C0537,P0578,view,3,10,121478.05
T02297,C0808,P0612,purchase,2,10,49167.7
T02298,C0998,P0165,view,3,20,109055.62
T02299,C0998,P0749,cart,1,15,23530.11
T02300,C0545,P0299,view,1,25,1518.93
T02301,C0809,P0886,view,3,25,92732.85
T02302,C0230,P0096,view,3,10,2063.91
T02303,C0544,P0491,purchase,4,20,112548.77
T02304,C0532,P0239,view,3,0,7226.88
T02305,C0922,P0713,cart,3,5,101731.69
T02306,C0190,P0812,purchase,3,5,68317.49
T02307,C0339,P0998,cart,1,20,34521.06
T02308,C0035,P0784,view,3,5,61754.94
T02309,C0847,P0218,purchase,2,15,73318.82
T02310,C0361,P0741,cart,3,5,129753.69
T02311,C0312,P0642,cart,2,20,1895.71
T02312,C0217,P0698,cart,2,10,11777.11
T02313,C0422,P0014,cart,1,25,13473.99
T02314,C0997,P0324,wishlist,3,20,114578.57
T02315,C0644,P0498,view,4,5,123023.44
T02316,C0836,P0660,wishlist,1,15,521.33
T02317,C0980,P0635,purchase,3,20,12132.5
T02318,C0488,P0750,view,2,5,45317.96
T02319,C0321,P0343,purchase,1,0,11837.86
T02320,C0928,P0066,purchase,4,15,14370.0
T02321,C0171,P0759,wishlist,2,15,48957.48
T02322,C0001,P0151,view,2,5,88652.71
T02323,C0588,P0795,view,3,15,104310.07
T02324,C0491,P0836,cart,1,0,49880.62
T02325,C0371,P0665,purchase,1,5,11901.11
T02326,C0337,P0574,view,1,25,6937.21
T02327,C0770,P0088,view,3,10,106973.03
T02328,C0524,P0211,view,4,20,146819.9
T02329,C0187,P0713,purchase,3,5,101731.69
T02330,C0496,P0880,view,2,10,61280.51
T02331,C0412,P0611,purchase,4,20,64530.88
T02332,C0496,P0022,wishlist,4,15,96050.41
T02333,C0967,P0729,view,1,0,38161.67
T02334,C0900,P0212,purchase,2,10,8130.46
T02335,C0931,P0665,wishlist,1,25,9395.61
T02336,C0168,P0287,purchase,1,0,21388.57
T02337,C0171,P0892,purchase,3,15,16803.56
T02338,C0554,P0110,view,1,5,39416.81
T02339,C0843,P0693,view,1,0,46668.74
T02340,C0656,P0948,purchase,4,5,140733.8
T02341,C0239,P0930,cart,4,0,12665.76
T02342,C0080,P0568,cart,3,20,12413.69
T02343,C0260,P0786,purchase,4,20,42946.3
T02344,C0886,P0764,purchase,3,5,25474.67
T02345,C0480,P0325,purchase,1,0,24062.32
T02346,C0670,P0475,view,4,0,159076.0
T02347,C0376,P0226,purchase,2,0,40067.42
T02348,C0095,P0508,view,1,25,6335.47
T02349,C0408,P0490,purchase,3,10,72016.16
T02350,C0901,P0338,view,3,10,37451.97
T02351,C0723,P0949,wishlist,1,10,12399.3
T02352,C0346,P0823,purchase,4,20,108335.94
T02353,C0294,P0541,view,4,10,14637.38
T02354,C0669,P0259,purchase,3,25,33880.61
T02355,C0344,P0821,view,1,20,16223.0
T02356,C0950,P0509,purchase,4,20,25251.52
T02357,C0309,P0816,view,4,0,136092.48
T02358,C0360,P0259,purchase,3,20,36139.32
T02359,C0779,P0021,purchase,3,10,96093.03
T02360,C0863,P0350,wishlist,1,0,42132.26
T02361,C0624,P0746,purchase,2,10,26041.81
T02362,C0541,P0489,cart,3,10,6505.68
T02363,C0359,P0033,wishlist,4,0,98295.0
T02364,C0410,P0529,purchase,3,10,38963.75
T02365,C0487,P0765,wishlist,1,25,20791.19
T02366,C0990,P0312,purchase,3,0,97891.2
T02367,C0685,P0165,view,4,25,136319.52
T02368,C0161,P0390,view,4,10,134830.94
T02369,C0941,P0092,view,3,0,133846.41
T02370,C0024,P0557,view,1,10,38018.33
T02371,C0286,P0833,view,4,0,142794.92
T02372,C0595,P0734,view,2,15,37847.71
T02373,C0855,P0219,purchase,1,10,1837.78
T02374,C0067,P0031,purchase,2,5,27329.71
T02375,C0678,P0851,purchase,3,20,63816.1
T02376,C0529,P0371,cart,1,0,12578.3
T02377,C0587,P0891,view,4,15,146216.69
T02378,C0141,P0088,view,3,15,101030.08
T02379,C0604,P0355,purchase,1,25,14754.7
T02380,C0821,P0087,cart,4,20,47362.88
T02381,C0352,P0246,purchase,2,25,51105.01
T02382,C0988,P0971,view,3,25,99743.24
T02383,C0699,P0243,purchase,2,5,78409.41
T02384,C0220,P0032,view,4,0,11050.56
T02385,C0233,P0953,purchase,3,5,129303.62
T02386,C0210,P0722,view,2,20,26057.22
T02387,C0178,P0523,cart,3,10,44347.47
T02388,C0520,P0495,view,4,10,11387.99
T02389,C0948,P0771,purchase,1,15,2434.42
T02390,C0822,P0400,purchase,2,0,69010.98
T02391,C0656,P0489,view,2,10,4337.12
T02392,C0921,P0530,view,2,5,87308.78
T02393,C0940,P0451,view,3,25,57056.17
T02394,C0338,P0848,cart,4,20,14595.36
T02395,C0064,P0270,view,1,0,34085.74
T02396,C0329,P0902,cart,2,0,94179.06
T02397,C0313,P0309,view,2,25,73402.26
T02398,C0962,P0959,purchase,1,0,6831.47
T02399,C0320,P0657,purchase,1,25,28994.69
T02400,C0605,P0263,cart,1,25,7632.67
T02401,C0142,P0148,view,4,15,93620.05
T02402,C0025,P0627,purchase,2,0,10608.6
T02403,C0155,P0686,purchase,3,20,35949.55
T02404,C0890,P0816,cart,4,20,108873.98
T02405,C0734,P0473,purchase,3,25,67493.7
T02406,C0331,P0540,wishlist,3,20,97191.17
T02407,C0666,P0384,wishlist,2,15,82521.99
T02408,C0615,P0488,cart,4,20,74396.9
T02409,C0361,P0109,view,1,20,32451.65
T02410,C0316,P0705,wishlist,3,20,86859.22
T02411,C0209,P0478,view,4,20,132791.94
T02412,C0859,P0442,purchase,1,15,23788.47
T02413,C0329,P0326,view,1,5,14726.94
T02414,C0442,P0795,view,4,10,147261.28
T02415,C0728,P0527,purchase,2,25,51150.96
T02416,C0291,P0368,cart,2,10,20150.95
T02417,C0861,P0471,purchase,2,5,42942.17
T02418,C0346,P0078,view,3,20,82110.58
T02419,C0201,P0589,view,1,5,26047.61
T02420,C0302,P0293,view,2,20,33228.72
T02421,C0678,P0494,view,3,20,86698.54
T02422,C0428,P0638,purchase,4,25,59842.11
T02423,C0574,P0752,wishlist,2,20,50563.09
T02424,C0466,P0649,view,3,5,49749.32
T02425,C0136,P0884,view,3,5,57626.89
T02426,C0543,P0654,cart,4,0,141556.68
T02427,C0700,P0353,purchase,3,5,133549.57
T02428,C0804,P0823,wishlist,2,20,54167.97
T02429,C0296,P0024,purchase,1,5,29727.24
T02430,C0574,P0665,view,3,25,28186.83
T02431,C0243,P0342,view,2,10,32180.08
T02432,C0173,P0416,purchase,3,0,89971.86
T02433,C0576,P0196,view,1,25,9781.36
T02434,C0843,P0247,view,1,25,36054.38
T02435,C0743,P0585,view,3,25,100188.07
T02436,C0353,P0410,view,4,0,117965.88
T02437,C0147,P0490,view,4,0,106690.6
T02438,C0333,P0174,purchase,3,5,131122.26
T02439,C0791,P0919,cart,1,20,36644.2
T02440,C0066,P0101,view,2,15,47227.6
T02441,C0250,P0142,wishlist,3,0,145435.89
T02442,C0643,P0490,wishlist,1,0,26672.65
T02443,C0380,P0844,view,1,25,35510.59
T02444,C0302,P0650,view,1,25,27794.28
T02445,C0278,P0144,purchase,3,10,64623.56
T02446,C0331,P0270,cart,3,10,92031.5
T02447,C0404,P0468,purchase,3,20,5500.39
T02448,C0559,P0778,purchase,1,15,26681.37
T02449,C0930,P0886,view,1,15,35032.41
T02450,C0292,P0959,cart,4,15,23227.0
T02451,C0962,P0340,purchase,4,25,108813.21
T02452,C0945,P0784,view,4,10,78006.24
T02453,C0625,P0705,cart,1,20,28953.07
T02454,C0224,P0110,view,2,15,70535.35
T02455,C0388,P0891,view,1,25,32253.68
T02456,C0084,P0954,wishlist,3,15,93321.87
T02457,C0020,P0035,purchase,1,10,28573.9
T02458,C0941,P0270,purchase,3,25,76692.92
T02459,C0670,P0285,view,4,0,17036.08
T02460,C0391,P0416,wishlist,1,0,29990.62
T02461,C0950,P0142,view,2,0,96957.26
T02462,C0341,P0245,cart,2,15,73763.43
T02463,C0920,P0939,view,1,5,17132.64
T02464,C0250,P0955,purchase,3,10,47578.72
T02465,C0556,P0884,purchase,2,20,32351.94
T02466,C0070,P0814,purchase,1,0,28370.27
T02467,C0180,P0593,view,3,10,77117.62
T02468,C0424,P0665,wishlist,3,25,28186.83
T02469,C0091,P0294,purchase,1,20,17900.16
T02470,C0662,P0878,view,4,15,146801.29
T02471,C0262,P0484,view,3,0,54657.84
T02472,C0778,P0191,purchase,3,0,96650.07
T02473,C0502,P0616,purchase,1,10,39436.18
T02474,C0683,P0109,cart,4,20,129806.59
T02475,C0226,P0353,wishlist,4,15,159322.3
T02476,C0145,P0754,purchase,1,10,40438.13
T02477,C0273,P0704,view,2,5,69378.29
T02478,C0941,P0011,purchase,1,15,7994.04
T02479,C0005,P0921,cart,2,15,68208.9
T02480,C0262,P0758,view,3,15,91328.99
T02481,C0465,P0588,cart,3,15,122711.23
T02482,C0090,P0813,purchase,4,0,42440.64
T02483,C0783,P0818,wishlist,4,10,111733.56
T02484,C0699,P0438,view,4,15,70396.73
T02485,C0106,P0615,wishlist,3,0,104223.54
T02486,C0146,P0017,cart,3,5,86571.06
T02487,C0685,P0420,view,4,10,93597.55
T02488,C0482,P0850,cart,3,15,63054.51
T02489,C0395,P0773,view,2,0,94486.7
T02490,C0729,P0458,purchase,1,5,8409.71
T02491,C0085,P0632,view,2,0,55109.26
T02492,C0049,P0426,view,2,5,23990.16
T02493,C0777,P0069,purchase,4,20,116975.87
T02494,C0456,P0255,view,1,20,34881.22
T02495,C0329,P0098,purchase,1,25,36086.39
T02496,C0783,P0577,view,3,10,105846.16
T02497,C0774,P0724,purchase,2,5,91900.59
T02498,C0333,P0495,view,3,0,9489.99
T02499,C0928,P0178,view,3,20,62051.16
T02500,C0196,P0802,cart,3,0,33152.55
T02501,C0136,P0610,view,3,20,17666.28
T02502,C0905,P0697,purchase,2,20,42999.52
T02503,C0101,P0147,view,1,10,24049.76
T02504,C0336,P0446,wishlist,2,15,67889.72
T02505,C0929,P0723,wishlist,3,10,134480.66
T02506,C0759,P0629,purchase,4,5,175045.21
T02507,C0295,P0720,view,1,10,16688.42
T02508,C0686,P0639,view,4,15,53129.9
T02509,C0890,P0914,purchase,3,25,11495.23
T02510,C0267,P0594,purchase,4,20,2898.11
T02511,C0505,P0293,view,2,0,41535.9
T02512,C0673,P0400,cart,3,20,82813.18
T02513,C0024,P0919,view,3,20,109932.6
T02514,C0321,P0672,cart,1,15,30031.31
T02515,C0322,P0402,view,3,20,12331.37
T02516,C0119,P0286,cart,2,20,37180.19
T02517,C0905,P0160,purchase,4,25,21980.31
T02518,C0580,P0114,wishlist,2,15,17882.2
T02519,C0461,P0610,view,1,25,5520.71
T02520,C0956,P0671,view,3,10,106409.35
T02521,C0832,P0118,purchase,4,20,112838.94
T02522,C0650,P0157,view,3,10,16255.4
T02523,C0665,P0336,wishlist,2,0,18171.22
T02524,C0703,P0865,cart,3,20,119036.98
T02525,C0155,P0966,purchase,2,20,45905.15
T02526,C0973,P0318,cart,1,0,19549.19
T02527,C0040,P0681,wishlist,3,5,90297.66
T02528,C0018,P0527,cart,4,5,129582.43
T02529,C0209,P0327,view,4,25,41327.04
T02530,C0952,P0309,purchase,2,20,78295.74
T02531,C0825,P0378,view,1,10,14315.63
T02532,C0778,P0072,wishlist,1,20,18671.81
T02533,C0342,P0653,purchase,4,15,94374.75
T02534,C0521,P0185,cart,3,0,96810.54
T02535,C0332,P0713,purchase,4,25,107085.99
T02536,C0537,P0412,wishlist,2,0,80574.9
T02537,C0804,P0651,cart,1,25,22385.93
T02538,C0914,P0068,cart,4,0,127939.52
T02539,C0169,P0646,purchase,3,0,112787.4
T02540,C0112,P0463,purchase,4,0,173380.2
T02541,C0158,P0300,view,2,10,72578.47
T02542,C0776,P0867,cart,3,10,132194.02
T02543,C0030,P0995,cart,2,10,84069.94
T02544,C0494,P0031,cart,2,15,24452.9
T02545,C0323,P0629,purchase,3,5,131283.91
T02546,C0845,P0524,view,3,0,6492.24
T02547,C0762,P0339,wishlist,1,5,21279.42
T02548,C0938,P0473,purchase,4,0,119988.8
T02549,C0811,P0305,view,1,0,48659.27
T02550,C0024,P0541,view,3,15,10368.15
T02551,C0497,P0888,purchase,3,25,11088.61
T02552,C0543,P0916,purchase,2,10,26920.84
T02553,C0156,P0166,cart,4,10,110964.67
T02554,C0519,P0511,view,4,0,73423.08
T02555,C0181,P0293,view,1,10,18691.16
T02556,C0439,P0715,purchase,3,0,112012.56
T02557,C0349,P0089,wishlist,3,10,8276.66
T02558,C0433,P0146,view,3,5,41532.48
T02559,C0988,P0081,purchase,1,5,45965.28
T02560,C0811,P0067,view,1,5,43487.81
T02561,C0179,P0339,cart,3,20,53758.54
T02562,C0165,P0540,view,1,0,40496.32
T02563,C0155,P0123,view,3,5,47226.87
T02564,C0070,P0792,cart,2,5,23085.89
T02565,C0493,P0354,view,4,5,166026.45
T02566,C0539,P0345,view,3,20,45713.11
T02567,C0288,P0254,view,2,20,56777.42
T02568,C0562,P0513,view,4,15,23668.39
T02569,C0162,P0667,view,3,20,96702.0
T02570,C0967,P0957,cart,3,20,93728.62
T02571,C0014,P0023,view,3,0,141459.33
T02572,C0041,P0794,cart,4,0,150430.48
T02573,C0450,P0800,purchase,2,0,95008.0
T02574,C0738,P0989,purchase,1,20,34869.86
T02575,C0830,P0591,purchase,3,5,75397.29
T02576,C0150,P0910,purchase,1,5,34748.65
T02577,C0870,P0399,purchase,2,15,46244.1
T02578,C0844,P0938,purchase,3,20,118089.05
T02579,C0299,P0692,view,2,25,1952.48
T02580,C0098,P0126,cart,2,0,19549.98
T02581,C0666,P0027,view,3,10,47943.71
T02582,C0700,P0957,purchase,3,5,111302.73
T02583,C0090,P0131,cart,1,5,17642.35
T02584,C0777,P0544,wishlist,2,25,53117.87
T02585,C0994,P0394,cart,1,25,11986.31
T02586,C0371,P0899,view,3,0,60232.53
T02587,C0183,P0154,view,1,5,17165.32
T02588,C0875,P0023,view,4,25,141459.33
T02589,C0879,P0052,view,3,0,143113.92
T02590,C0407,P0138,view,3,20,73092.6
T02591,C0542,P0225,cart,2,20,7373.54
T02592,C0697,P0811,view,4,0,28262.76
T02593,C0741,P0002,purchase,1,15,4401.09
T02594,C0846,P0007,wishlist,2,5,16513.09
T02595,C0174,P0487,view,1,25,1997.95
T02596,C0281,P0309,view,2,20,78295.74
T02597,C0221,P0338,cart,3,10,37451.97
T02598,C0844,P0934,purchase,3,10,64329.82
T02599,C0161,P0605,purchase,3,20,30477.29
T02600,C0484,P0502,view,4,0,9508.84
T02601,C0234,P1000,wishlist,2,20,17968.9
T02602,C0409,P0276,cart,3,10,110988.23
T02603,C0018,P0072,purchase,3,5,66518.32
T02604,C0834,P0355,view,2,20,31476.69
T02605,C0523,P0403,purchase,4,15,94663.58
T02606,C0406,P0922,view,1,20,26941.66
T02607,C0274,P0743,purchase,1,20,23777.95
T02608,C0005,P0269,purchase,3,20,71025.94
T02609,C0346,P0925,view,2,20,15400.53
T02610,C0688,P0386,view,1,0,14912.15
T02611,C0419,P0211,purchase,3,10,123879.29
T02612,C0577,P0166,view,2,0,61647.04
T02613,C0129,P0003,wishlist,3,25,6768.68
T02614,C0378,P0771,wishlist,3,25,6444.05
T02615,C0603,P0086,wishlist,2,25,50853.21
T02616,C0863,P0829,view,3,25,92829.78
T02617,C0303,P0182,view,1,10,34938.25
T02618,C0102,P0576,purchase,2,10,58306.77
T02619,C0183,P0302,cart,2,20,4437.6
T02620,C0425,P0921,purchase,1,10,36110.59
T02621,C0248,P0652,view,1,20,17305.33
T02622,C0738,P0846,purchase,3,20,32926.32
T02623,C0541,P0080,view,2,20,55834.42
T02624,C0545,P0093,wishlist,4,10,67815.68
T02625,C0902,P0194,view,4,25,17664.15
T02626,C0740,P0521,wishlist,3,20,65595.41
T02627,C0574,P0514,purchase,4,10,4902.95
T02628,C0172,P0757,cart,4,15,30179.49
T02629,C0517,P0861,view,4,5,89260.18
T02630,C0587,P0613,view,1,20,34223.6
T02631,C0621,P1000,view,3,5,32007.1
T02632,C0395,P0156,view,1,5,42747.92
T02633,C0538,P0544,purchase,2,15,60200.25
T02634,C0547,P0450,view,2,5,75940.99
T02635,C0771,P0046,view,2,20,55448.61
T02636,C0271,P0556,view,2,15,7897.55
T02637,C0588,P0669,view,1,5,17746.4
T02638,C0724,P0418,purchase,2,20,59280.51
T02639,C0703,P0820,wishlist,2,5,62995.51
T02640,C0742,P0694,cart,4,20,18849.38
T02641,C0849,P0322,purchase,2,5,57898.07
T02642,C0846,P0566,view,3,0,70539.24
T02643,C0995,P0948,wishlist,2,10,66663.38
T02644,C0658,P0183,purchase,2,15,34266.9
T02645,C0945,P0904,purchase,1,15,39563.25
T02646,C0589,P0886,view,2,0,82429.2
T02647,C0539,P0916,purchase,2,25,22434.03
T02648,C0598,P0869,purchase,2,20,34506.1
T02649,C0181,P0757,view,4,0,35505.28
T02650,C0157,P0168,wishlist,2,5,66295.2
T02651,C0687,P0800,view,4,25,142512.0
T02652,C0089,P0345,wishlist,4,10,68569.67
T02653,C0440,P0159,purchase,2,10,89791.36
T02654,C0055,P0576,purchase,1,25,24294.49
T02655,C0801,P0196,cart,1,25,9781.36
T02656,C0925,P0958,view,4,15,96747.24
T02657,C0235,P0102,purchase,4,5,132642.31
T02658,C0655,P0752,purchase,2,25,47402.9
T02659,C0523,P0016,view,1,25,355.5
T02660,C0390,P0170,view,1,5,43273.61
T02661,C0430,P0468,purchase,1,0,2291.83
T02662,C0514,P0580,cart,4,5,179157.35
T02663,C0218,P0456,purchase,4,25,47560.92
T02664,C0130,P0645,view,3,15,26591.37
T02665,C0627,P0004,purchase,3,25,34538.08
T02666,C0506,P0509,view,2,5,14993.09
T02667,C0623,P0629,wishlist,1,15,39154.85
T02668,C0600,P0819,view,3,25,47247.35
T02669,C0429,P0543,purchase,2,25,71645.61
T02670,C0367,P0829,view,4,20,132024.58
T02671,C0189,P0052,wishlist,4,15,162195.78
T02672,C0318,P0410,view,3,0,88474.41
T02673,C0371,P0990,cart,4,15,120054.14
T02674,C0940,P0219,view,2,5,3879.76
T02675,C0472,P0350,view,4,25,126396.78
T02676,C0987,P0585,cart,3,20,106867.27
T02677,C0938,P0475,purchase,2,0,79538.0
T02678,C0825,P0223,view,4,5,188168.4
T02679,C0138,P0918,view,3,0,88238.61
T02680,C0387,P0472,view,2,20,21299.41
T02681,C0701,P0540,view,3,5,115414.51
T02682,C0994,P0055,view,2,0,93639.02
T02683,C0775,P0388,wishlist,3,10,71841.74
T02684,C0518,P0148,wishlist,3,10,74345.34
T02685,C0597,P0978,view,4,5,11063.36
T02686,C0230,P0300,cart,2,0,80642.74
T02687,C0568,P0151,purchase,3,10,125980.16
T02688,C0766,P0580,purchase,1,10,42432.0
T02689,C0552,P0444,view,2,0,9701.44
T02690,C0778,P0926,view,2,5,79421.04
T02691,C0684,P0697,purchase,3,10,72561.69
T02692,C0388,P0396,cart,4,0,36139.8
T02693,C0124,P0068,view,3,25,71965.98
T02694,C0346,P0930,purchase,1,5,3008.12
T02695,C0833,P0624,view,2,5,7801.59
T02696,C0443,P0601,view,3,5,68819.89
T02697,C0317,P0487,purchase,2,10,4795.09
T02698,C0577,P0005,wishlist,4,10,110409.37
T02699,C0986,P0555,view,4,25,133842.69
T02700,C0162,P0745,cart,2,20,40283.95
T02701,C0640,P0588,view,1,0,48122.05
T02702,C0901,P0009,cart,3,5,63037.98
T02703,C0442,P0778,purchase,2,15,53362.74
T02704,C0118,P0702,cart,2,20,6223.12
T02705,C0230,P0560,view,2,20,40044.53
T02706,C0239,P0883,wishlist,3,20,99860.66
T02707,C0425,P0517,purchase,4,20,153803.36
T02708,C0090,P0500,view,4,25,135423.51
T02709,C0763,P0020,wishlist,3,0,145770.78
T02710,C0007,P0862,view,2,15,28300.21
T02711,C0513,P0570,view,3,5,47438.51
T02712,C0957,P0853,purchase,1,5,19513.09
T02713,C0401,P0357,purchase,3,10,11417.71
T02714,C0119,P0047,view,4,15,84302.69
T02715,C0296,P0513,purchase,2,10,12530.32
T02716,C0603,P0303,purchase,2,15,7835.42
T02717,C0897,P0014,purchase,4,15,61082.09
T02718,C0173,P0445,view,3,5,41320.64
T02719,C0820,P0580,purchase,1,5,44789.34
T02720,C0181,P0807,purchase,2,0,86399.18
T02721,C0141,P0530,view,4,5,174617.56
T02722,C0143,P0707,view,2,25,8043.28
T02723,C0422,P0571,purchase,4,0,192725.04
T02724,C0107,P0318,cart,3,5,55715.19
T02725,C0425,P0531,purchase,2,0,45813.54
T02726,C0003,P0418,view,2,5,70395.61
T02727,C0880,P0346,view,3,0,87319.98
T02728,C0564,P0153,cart,2,0,80031.9
T02729,C0580,P0227,wishlist,1,20,9672.08
T02730,C0057,P0330,wishlist,4,25,7082.82
T02731,C0224,P0737,cart,1,15,29678.91
T02732,C0506,P0522,purchase,2,5,59632.39
T02733,C0157,P0641,view,2,20,78556.64
T02734,C0929,P0934,cart,3,15,60755.94
T02735,C0866,P0593,view,2,25,42843.12
T02736,C0079,P0145,view,1,25,19108.5
T02737,C0516,P0756,view,2,25,43676.72
T02738,C0690,P0572,purchase,4,15,131728.82
T02739,C0679,P0383,purchase,2,15,43394.62
T02740,C0411,P0083,purchase,2,25,32344.35
T02741,C0377,P0243,view,3,15,105233.68
T02742,C0774,P0626,view,2,25,45234.57
T02743,C0614,P0524,purchase,2,0,4328.16
T02744,C0859,P0380,view,1,5,23628.88
T02745,C0996,P0870,purchase,3,25,36731.72
T02746,C0157,P0342,cart,2,25,26816.73
T02747,C0035,P0767,view,3,20,116403.22
T02748,C0372,P0863,purchase,2,20,55224.91
T02749,C0475,P1000,view,1,0,11230.56
T02750,C0445,P0207,purchase,1,20,19934.43
T02751,C0371,P0668,cart,2,15,43820.61
T02752,C0082,P0119,wishlist,2,20,51046.22
T02753,C0215,P0028,wishlist,1,20,9007.98
T02754,C0519,P0194,wishlist,4,5,22374.59
T02755,C0258,P0113,cart,2,5,89771.83
T02756,C0911,P0597,view,4,10,120224.52
T02757,C0697,P0488,purchase,2,25,34873.54
T02758,C0432,P0189,view,2,15,33963.86
T02759,C0898,P0861,cart,3,0,70468.56
T02760,C0329,P0249,purchase,4,0,52326.72
T02761,C0078,P0570,view,1,20,13316.07
T02762,C0407,P0941,cart,3,25,75569.92
T02763,C0762,P0315,cart,4,20,52752.8
T02764,C0435,P0573,view,2,5,12257.66
T02765,C0550,P0072,view,4,20,74687.23
T02766,C0211,P0228,purchase,1,20,28666.85
T02767,C0668,P0474,cart,3,20,8185.61
T02768,C0917,P0971,view,2,25,66495.49
T02769,C0577,P0620,wishlist,4,20,50051.87
T02770,C0210,P0297,cart,2,15,6560.54
T02771,C0226,P0143,view,4,10,31353.12
T02772,C0729,P0489,cart,1,5,2289.03
T02773,C0579,P0675,purchase,4,0,98622.28
T02774,C0880,P0137,view,4,20,119430.05
T02775,C0271,P0441,view,4,25,132006.54
T02776,C0852,P0487,purchase,4,10,9590.18
T02777,C0937,P0772,wishlist,3,10,75073.53
T02778,C0058,P0423,view,3,15,55983.11
T02779,C0660,P0102,view,4,20,111698.78
T02780,C0580,P0066,view,3,25,9509.56
T02781,C0786,P0437,view,2,20,11550.06
T02782,C0715,P0745,wishlist,3,10,67979.17
T02783,C0927,P0504,view,1,5,19297.45
T02784,C0227,P0753,view,3,0,53439.27
T02785,C0706,P0792,view,2,20,19440.75
T02786,C0387,P0669,cart,2,15,31756.71
T02787,C0301,P0118,view,1,5,33499.06
T02788,C0181,P0543,purchase,3,25,107468.42
T02789,C0102,P0230,view,4,10,143779.93
T02790,C0704,P0211,view,1,25,34410.92
T02791,C0056,P0979,cart,2,5,69082.75
T02792,C0717,P0726,cart,3,15,73039.34
T02793,C0090,P0944,view,2,0,10055.78
T02794,C0888,P0247,purchase,2,10,86530.5
T02795,C0882,P0958,cart,4,5,108129.27
T02796,C0304,P0460,view,1,5,20792.81
T02797,C0885,P0347,purchase,2,5,51078.12
T02798,C0407,P0469,view,4,25,145929.78
T02799,C0983,P0149,view,4,0,136551.36
T02800,C0380,P0744,cart,2,20,18708.11
T02801,C0050,P0958,view,3,5,81096.95
T02802,C0011,P0808,view,2,10,67423.34
T02803,C0772,P0770,purchase,1,0,26192.26
T02804,C0842,P0717,view,2,5,60628.49
T02805,C0451,P0612,view,4,15,92872.33
T02806,C0425,P0006,view,2,0,51615.76
T02807,C0919,P0765,view,4,5,105342.0
T02808,C0892,P0992,purchase,1,5,22683.81
T02809,C0275,P0470,view,4,0,124567.84
T02810,C1000,P0566,view,2,5,44674.85
T02811,C0222,P0705,wishlist,4,0,144765.36
T02812,C0270,P0298,view,3,15,105767.34
T02813,C0432,P0889,cart,4,0,18255.84
T02814,C0028,P0289,purchase,4,20,116213.86
T02815,C0326,P0085,view,1,25,14685.93
T02816,C0887,P0266,view,1,15,5724.74
T02817,C0240,P0073,view,3,15,119044.53
T02818,C0648,P0795,purchase,4,0,163623.64
T02819,C0677,P0809,view,4,25,145473.72
T02820,C0372,P0129,view,4,15,14520.04
T02821,C0860,P0988,cart,1,25,341.21
T02822,C0576,P0021,cart,2,15,60503.02
T02823,C0963,P0282,view,4,0,174455.28
T02824,C0948,P0575,view,2,25,38990.15
T02825,C0038,P0419,view,2,10,88173.74
T02826,C0525,P0174,view,3,5,131122.26
T02827,C0207,P0062,view,3,15,41988.89
T02828,C0462,P0127,purchase,3,15,11771.79
T02829,C0617,P0929,view,4,5,42481.26
T02830,C0890,P0574,view,1,25,6937.21
T02831,C0980,P0183,view,2,10,36282.6
T02832,C0054,P0221,view,4,0,63601.84
T02833,C0438,P0103,cart,4,25,143827.14
T02834,C0108,P0524,view,3,5,6167.63
T02835,C0598,P0800,view,3,25,106884.0
T02836,C0322,P0078,view,3,15,87242.49
T02837,C0933,P0686,wishlist,1,20,11983.18
T02838,C0447,P0637,view,3,5,123001.72
T02839,C0330,P0637,view,2,25,64737.75
T02840,C0053,P0844,view,4,20,151511.84
T02841,C0517,P0762,cart,4,10,21694.25
T02842,C0541,P0515,purchase,1,25,31354.44
T02843,C0769,P0240,view,3,10,99393.99
T02844,C0518,P0461,view,1,5,1661.13
T02845,C0972,P0765,wishlist,4,10,99797.69
T02846,C0227,P0732,purchase,4,15,24116.51
T02847,C0043,P0656,purchase,2,25,11864.19
T02848,C0041,P0409,wishlist,2,10,55898.19
T02849,C0159,P0037,cart,2,10,1845.13
T02850,C0256,P0278,purchase,1,20,37417.64
T02851,C0125,P0312,view,4,20,104417.28
T02852,C0811,P0712,purchase,1,20,23218.86
T02853,C0633,P0187,cart,4,10,4250.09
T02854,C0624,P0468,view,1,25,1718.87
T02855,C0261,P0317,purchase,1,25,12272.53
T02856,C0991,P0269,wishlist,2,25,44391.21
T02857,C0064,P0975,purchase,3,25,27235.15
T02858,C0124,P0582,purchase,2,10,17912.68
T02859,C0522,P0912,wishlist,4,10,23453.42
T02860,C0655,P0059,view,2,25,685.81
T02861,C0756,P0751,purchase,2,15,12806.64
T02862,C0566,P0822,cart,1,15,38234.84
T02863,C0753,P0842,view,1,0,6944.88
T02864,C0385,P0373,purchase,3,20,100193.54
T02865,C0941,P0841,view,4,15,57504.34
T02866,C0765,P0317,view,4,0,65453.48
T02867,C0336,P0910,purchase,4,10,131679.11
T02868,C0971,P0100,cart,4,0,178311.72
T02869,C0149,P0201,cart,3,10,66997.37
T02870,C0154,P0494,view,2,20,57799.02
T02871,C0851,P0283,wishlist,2,5,17610.09
T02872,C0531,P0655,purchase,3,0,89888.64
T02873,C0337,P0188,view,4,5,124281.89
T02874,C0706,P0177,cart,1,5,37114.31
T02875,C0317,P0783,view,1,15,39499.85
T02876,C0555,P0605,cart,2,20,20318.19
T02877,C0280,P0940,wishlist,2,15,32690.23
T02878,C0620,P0802,purchase,2,0,22101.7
T02879,C0317,P0361,purchase,1,15,3054.88
T02880,C0263,P0847,view,1,0,20641.69
T02881,C0471,P0838,view,4,15,71765.4
T02882,C0058,P0918,cart,4,5,111768.91
T02883,C0403,P0024,purchase,4,15,106392.22
T02884,C0239,P0283,cart,2,15,15756.4
T02885,C0375,P0686,cart,4,25,44936.94
T02886,C0167,P0749,purchase,2,25,41523.72
T02887,C0340,P0153,purchase,3,20,96038.28
T02888,C0667,P0732,view,1,15,6029.13
T02889,C0633,P0521,purchase,3,20,65595.41
T02890,C0272,P0194,view,2,15,10009.68
T02891,C0098,P0430,purchase,4,10,101143.37
T02892,C0911,P0785,wishlist,1,20,11813.06
T02893,C0827,P0416,purchase,3,15,76476.08
T02894,C0878,P0987,purchase,4,10,44383.82
T02895,C0976,P0887,view,2,25,28682.94
T02896,C0681,P0214,wishlist,3,20,77766.98
T02897,C0127,P0804,purchase,4,5,62598.84
T02898,C0546,P0470,view,4,10,112111.06
T02899,C0199,P0191,purchase,4,25,96650.07
T02900,C0675,P0461,purchase,3,0,5245.68
T02901,C0955,P0083,view,1,25,16172.18
T02902,C0573,P0208,cart,2,20,8812.14
T02903,C0774,P0853,purchase,2,5,39026.17
T02904,C0476,P0504,purchase,3,25,45704.5
T02905,C0751,P0019,view,2,0,59291.26
T02906,C0743,P0384,view,4,5,184460.93
T02907,C0881,P0943,cart,4,0,110328.96
T02908,C0731,P0616,purchase,1,0,43817.98
T02909,C0203,P0021,view,2,20,56944.02
T02910,C0954,P0183,wishlist,4,0,80628.0
T02911,C0814,P0300,view,1,25,30241.03
T02912,C0409,P0967,view,1,20,17529.25
T02913,C0219,P0376,view,2,20,19718.72
T02914,C0908,P0078,view,1,0,34212.74
T02915,C0004,P0950,view,3,0,10752.21
T02916,C0006,P0705,purchase,1,10,32572.21
T02917,C0955,P0797,purchase,3,0,136427.79
T02918,C0918,P0871,purchase,1,5,6385.42
T02919,C0943,P0900,purchase,2,20,43725.86
T02920,C0507,P0983,view,4,20,10585.86
T02921,C0610,P0166,wishlist,2,20,49317.63
T02922,C0032,P0907,view,2,20,40102.86
T02923,C0756,P0615,view,4,10,125068.25
T02924,C0130,P0299,view,1,20,1620.19
T02925,C0173,P0332,view,1,15,38515.52
T02926,C0360,P0131,view,3,10,50141.43
T02927,C0878,P0046,wishlist,2,25,51983.07
T02928,C0169,P0122,cart,1,20,10447.66
T02929,C0239,P0566,cart,4,0,94052.32
T02930,C0070,P0508,view,3,20,20273.5
T02931,C0202,P0654,view,1,10,31850.25
T02932,C0665,P0577,view,4,20,125447.3
T02933,C0457,P0178,view,1,5,24561.92
T02934,C0812,P0873,view,2,20,10388.86
T02935,C0380,P0109,purchase,4,0,162258.24
T02936,C0088,P0399,purchase,2,5,51684.58
T02937,C0325,P0371,cart,3,0,37734.9
T02938,C0096,P0925,purchase,1,25,7219.0
T02939,C0408,P0375,wishlist,2,15,22859.49
T02940,C0698,P0973,purchase,1,0,31995.74
T02941,C0906,P0809,view,1,0,48491.24
T02942,C0911,P0135,view,4,10,22187.34
T02943,C0754,P0947,wishlist,3,25,98413.9
T02944,C0109,P0041,view,1,25,9182.43
T02945,C0798,P0903,purchase,4,15,141754.77
T02946,C0486,P0989,purchase,2,15,74098.46
T02947,C0767,P0361,cart,1,20,2875.18
T02948,C0049,P0111,purchase,2,10,12356.71
T02949,C0155,P0652,view,3,0,64894.98
T02950,C0637,P0664,purchase,3,20,105352.82
T02951,C0732,P0215,view,2,10,4317.19
T02952,C0281,P0322,cart,2,20,48756.27
T02953,C0936,P0390,purchase,4,15,127340.34
T02954,C0913,P0168,purchase,3,15,88975.14
T02955,C0119,P0939,view,2,25,27051.54
T02956,C0187,P0063,cart,3,20,10678.32
T02957,C0210,P0193,wishlist,2,15,53178.75
T02958,C0560,P0228,view,2,25,53750.34
T02959,C0660,P0742,cart,3,5,83525.21
T02960,C0919,P0971,purchase,1,25,33247.75
T02961,C0511,P0879,cart,1,10,23730.68
T02962,C0254,P0082,purchase,2,10,37345.25
T02963,C0194,P0056,purchase,1,0,33621.95
T02964,C0487,P0096,view,1,0,764.41
T02965,C0723,P0329,cart,4,20,30154.82
T02966,C0926,P0125,purchase,3,15,52784.31
T02967,C0582,P0550,purchase,3,15,116930.84
T02968,C0709,P0008,cart,3,20,97097.26
T02969,C0531,P0350,view,3,25,94797.58
T02970,C0754,P0214,view,4,20,103689.31
T02971,C0965,P0320,cart,1,25,17460.75
T02972,C0501,P0026,purchase,2,20,71718.96
T02973,C0366,P0491,wishlist,4,0,140685.96
T02974,C0560,P0499,view,2,5,47891.88
T02975,C0699,P0949,cart,4,10,49597.2
T02976,C0132,P0245,purchase,3,25,97628.06
T02977,C0242,P0502,view,1,10,2139.49
T02978,C0598,P0908,view,3,0,130971.66
T02979,C0710,P0875,wishlist,4,0,35585.72
T02980,C0120,P0579,cart,4,10,85587.7
T02981,C0819,P0327,wishlist,2,10,24796.22
T02982,C0024,P0723,cart,1,0,49807.65
T02983,C0568,P0458,view,2,5,16819.43
T02984,C0589,P0260,view,1,15,36913.89
T02985,C0147,P0794,view,4,25,112822.86
T02986,C0409,P0440,purchase,2,20,43731.87
T02987,C0732,P0345,view,1,10,17142.42
T02988,C0740,P0378,view,3,5,45332.84
T02989,C0293,P0267,purchase,1,15,33886.58
T02990,C0451,P0898,purchase,3,20,35815.49
T02991,C0590,P0122,view,1,5,12406.59
T02992,C0002,P0892,cart,3,20,15815.11
T02993,C0812,P0895,purchase,2,5,22381.16
T02994,C0626,P0586,view,4,0,2358.04
T02995,C0054,P0671,view,3,20,94586.09
T02996,C0675,P0057,cart,4,20,118685.7
T02997,C0028,P0204,view,1,20,11660.76
T02998,C0666,P0908,cart,3,0,130971.66
T02999,C0589,P0087,cart,3,15,37742.29
T03000,C0315,P0495,view,2,25,4744.99
T03001,C0633,P0672,view,3,25,79494.64
T03002,C0730,P0191,purchase,4,5,122423.42
T03003,C0645,P0090,purchase,2,10,63628.94
T03004,C0116,P0073,view,4,10,168062.87
T03005,C0492,P0300,purchase,4,25,120964.11
T03006,C0751,P0407,wishlist,3,15,47279.07
T03007,C0297,P0582,purchase,3,0,29854.47
T03008,C0823,P0518,view,2,15,13388.21
T03009,C0963,P0344,purchase,4,5,44438.3
T03010,C0725,P0560,view,1,0,25027.83
T03011,C0319,P0777,view,3,25,25854.1
T03012,C0010,P0139,purchase,3,10,32434.8
T03013,C0939,P0445,view,2,0,28996.94
T03014,C0229,P0828,view,2,5,50649.14
T03015,C0255,P0313,view,2,15,4419.93
T03016,C0478,P0768,purchase,4,5,70281.23
T03017,C0349,P0767,cart,2,20,77602.14
T03018,C0386,P0942,view,1,5,16055.48
T03019,C0937,P0099,purchase,3,10,59207.0
T03020,C0435,P0913,view,2,10,19077.8
T03021,C0496,P0661,cart,4,10,164676.67
T03022,C0148,P0207,purchase,4,10,89704.94
T03023,C0417,P0872,purchase,4,0,147038.92
T03024,C0210,P0849,purchase,4,5,165525.3
T03025,C0139,P0990,view,3,25,79447.59
T03026,C0012,P0980,purchase,1,5,15009.69
T03027,C0538,P0943,purchase,1,0,27582.24
T03028,C0795,P0171,cart,4,15,142480.54
T03029,C0921,P0667,view,4,5,153111.5
T03030,C0178,P0798,cart,1,10,8454.33
T03031,C0215,P0903,cart,2,5,79215.9
T03032,C0797,P0153,view,4,5,152060.61
T03033,C0701,P0776,cart,1,0,35463.47
T03034,C0327,P0558,purchase,4,20,106831.97
T03035,C0124,P0987,view,4,5,46849.59
T03036,C0514,P0734,cart,1,10,20037.02
T03037,C0583,P0871,cart,1,0,6721.49
T03038,C0542,P0030,purchase,3,20,115509.31
T03039,C0476,P0952,purchase,3,20,16374.94
T03040,C0125,P0080,view,4,10,125627.44
T03041,C0089,P0003,purchase,4,0,12033.2
T03042,C0558,P0606,view,3,15,31035.72
T03043,C0515,P0531,view,2,0,45813.54
T03044,C0437,P0400,wishlist,1,5,32780.22
T03045,C0218,P0058,purchase,1,15,34429.41
T03046,C0460,P0085,view,2,15,33288.11
T03047,C0518,P0108,wishlist,1,25,3239.9
T03048,C0850,P0749,view,1,10,24914.23
T03049,C0100,P0003,purchase,2,0,6016.6
T03050,C0529,P0106,view,2,0,31226.96
T03051,C0263,P0196,cart,1,25,9781.36
T03052,C0718,P0409,view,1,20,24843.64
T03053,C0820,P0781,purchase,2,0,61230.76
T03054,C0812,P0894,view,3,15,97972.12
T03055,C0517,P0450,view,4,25,119906.82
T03056,C0121,P0302,view,1,15,2357.47
T03057,C0234,P0066,view,2,5,8030.29
T03058,C0809,P0051,cart,3,0,4229.82
T03059,C0710,P0753,wishlist,1,20,14250.47
T03060,C0041,P0921,purchase,1,5,38116.74
T03061,C0086,P0724,purchase,1,20,38694.98
T03062,C0189,P0161,purchase,1,20,30223.87
T03063,C0183,P0544,view,3,15,90300.37
T03064,C0368,P0159,cart,2,15,84802.95
T03065,C0306,P0985,cart,3,25,98078.62
T03066,C0329,P0865,view,3,10,133916.6
T03067,C0163,P0878,wishlist,2,25,64765.27
T03068,C0726,P0365,cart,1,0,24332.16
T03069,C0400,P0052,cart,3,20,114491.14
T03070,C0596,P0367,view,3,25,78004.42
T03071,C0641,P0862,view,2,10,29964.92
T03072,C0812,P0306,wishlist,4,5,27183.79
T03073,C0861,P0121,wishlist,3,5,99583.47
T03074,C0475,P0492,view,1,15,16672.44
T03075,C0958,P0607,purchase,1,0,11197.47
T03076,C0371,P0184,wishlist,4,25,129347.76
T03077,C0172,P0825,view,2,15,74782.39
T03078,C0575,P0615,cart,1,25,26055.89
T03079,C0914,P0311,cart,3,0,119446.26
T03080,C0186,P0883,cart,1,0,41608.61
T03081,C0710,P0336,cart,3,20,21805.46
T03082,C0623,P0532,view,3,10,27493.1
T03083,C0331,P0227,view,4,25,36270.3
T03084,C0316,P0735,purchase,1,15,2427.37
T03085,C0428,P0836,view,2,15,84797.05
T03086,C0541,P0176,view,4,15,30542.44
T03087,C0864,P0990,view,2,25,52965.06
T03088,C0266,P0504,view,2,15,34532.29
T03089,C0100,P0442,purchase,1,5,26587.12
T03090,C0906,P0496,cart,3,10,89639.16
T03091,C0903,P0187,wishlist,4,10,4250.09
T03092,C0297,P0956,view,4,15,38706.28
T03093,C0080,P0447,wishlist,1,10,31369.3
T03094,C0789,P0121,cart,3,20,83859.77
T03095,C0880,P0633,view,2,10,35070.16
T03096,C0264,P0268,purchase,3,15,87567.38
T03097,C0918,P0639,purchase,1,25,11719.83
T03098,C0397,P0184,purchase,4,0,172463.68
T03099,C0576,P0326,view,3,20,37204.9
T03100,C0882,P0791,cart,4,0,187844.08
T03101,C0759,P0441,view,3,25,99004.9
T03102,C0963,P0936,view,4,0,180626.56
T03103,C0853,P0483,wishlist,4,25,147582.75
T03104,C0814,P0786,view,3,5,38249.05
T03105,C0820,P0622,purchase,3,5,36448.99
T03106,C0769,P0447,view,4,0,139419.12
T03107,C0082,P0336,view,3,20,21805.46
T03108,C0198,P0377,view,2,20,31584.34
T03109,C0044,P0800,view,3,15,121135.2
T03110,C0968,P0797,view,2,20,72761.49
T03111,C0111,P0549,view,1,15,22446.52
T03112,C0575,P0986,view,4,5,162240.2
T03113,C0468,P0561,purchase,4,20,18322.18
T03114,C0963,P0099,wishlist,3,5,62496.28
T03115,C0758,P0154,wishlist,3,5,51495.97
T03116,C0359,P0814,wishlist,3,5,80855.27
T03117,C0597,P0295,purchase,3,15,40147.12
T03118,C0077,P0049,wishlist,4,5,169567.1
T03119,C0748,P0556,view,2,20,7432.99
T03120,C0304,P0112,purchase,1,25,37488.71
T03121,C0363,P0066,cart,3,0,12679.41
T03122,C0014,P0570,purchase,2,5,31625.67
T03123,C0610,P0468,purchase,4,15,7792.22
T03124,C0900,P0759,cart,2,5,54717.19
T03125,C0818,P0773,wishlist,3,20,113384.04
T03126,C0756,P0203,purchase,3,20,10373.69
T03127,C0950,P0630,view,4,5,6595.74
T03128,C0468,P0983,view,3,20,7939.39
T03129,C0049,P0366,purchase,1,25,9082.63
T03130,C0987,P0417,purchase,3,25,47648.59
T03131,C0197,P0997,view,4,25,46358.37
T03132,C0487,P0534,wishlist,4,10,113051.92
T03133,C0923,P0394,purchase,3,5,45547.96
T03134,C0037,P0822,wishlist,1,10,40483.95
T03135,C0640,P0307,view,2,0,67471.88
T03136,C0752,P0932,view,4,0,148660.88
T03137,C0444,P0519,wishlist,1,0,41958.75
T03138,C0036,P0750,view,2,0,47703.12
T03139,C0303,P0347,purchase,1,20,21506.58
T03140,C0627,P0453,cart,3,25,73967.56
T03141,C0529,P0895,view,3,0,35338.68
T03142,C0884,P0381,cart,3,0,67919.58
T03143,C0251,P0565,cart,1,5,35061.09
T03144,C0887,P0472,cart,3,0,39936.39
T03145,C0326,P0931,purchase,4,20,106853.73
T03146,C0139,P0087,wishlist,2,15,25161.53
T03147,C0360,P0813,view,2,0,21220.32
T03148,C0810,P0929,purchase,4,0,44717.12
T03149,C0854,P0731,wishlist,3,10,9859.19
T03150,C0039,P0135,view,3,5,17564.98
T03151,C0428,P0965,purchase,4,10,57382.81
T03152,C0625,P0137,view,1,15,31723.61
T03153,C0524,P0871,purchase,2,15,11426.53
T03154,C0458,P0587,view,3,5,43418.18
T03155,C0209,P0727,view,3,25,100363.95
T03156,C0493,P0759,purchase,3,10,77756.0
T03157,C0425,P0415,wishlist,3,25,37221.75
T03158,C0687,P0532,cart,4,0,40730.52
T03159,C0071,P0702,purchase,1,0,3889.45
T03160,C0787,P0102,view,4,10,125661.13
T03161,C0933,P0957,view,4,20,124971.49
T03162,C0020,P0326,view,4,0,62008.16
T03163,C0550,P0376,purchase,1,15,10475.57
T03164,C0716,P0233,cart,4,15,30566.34
T03165,C0221,P0962,view,2,25,9904.66
T03166,C0826,P0131,view,2,10,33427.62
T03167,C0430,P0147,view,3,5,76157.56
T03168,C0341,P0518,purchase,3,25,17719.69
T03169,C0514,P0502,cart,2,0,4754.42
T03170,C0734,P0740,view,4,10,5192.35
T03171,C0996,P0722,view,3,0,48857.28
T03172,C0117,P0264,purchase,1,20,18945.06
T03173,C0477,P0549,cart,1,15,22446.52
T03174,C0062,P0206,view,1,10,9812.73
T03175,C0342,P0440,purchase,3,5,77897.4
T03176,C0649,P0208,purchase,3,20,13218.22
T03177,C0891,P0639,view,3,5,44535.35
T03178,C0247,P0642,view,4,25,3554.46
T03179,C0554,P0715,purchase,1,20,29870.02
T03180,C0656,P0944,purchase,1,20,4022.31
T03181,C0166,P0882,cart,1,15,38380.67
T03182,C0061,P0263,purchase,4,25,30530.67
T03183,C0767,P0881,view,2,10,7678.85
T03184,C0362,P0413,view,4,20,12916.8
T03185,C0204,P0819,purchase,4,25,62996.46
T03186,C0457,P0534,wishlist,1,5,29833.14
T03187,C0647,P0622,purchase,4,10,46040.83
T03188,C0511,P0809,purchase,3,25,109105.29
T03189,C0723,P0171,view,1,25,31429.53
T03190,C0862,P0376,wishlist,1,0,12324.2
T03191,C0958,P0616,cart,3,10,118308.55
T03192,C0510,P0335,view,2,5,16275.61
T03193,C0734,P0075,view,1,15,24528.97
T03194,C0157,P0847,cart,1,5,19609.61
T03195,C0447,P0177,cart,3,10,105482.76
T03196,C0473,P0822,purchase,2,5,85466.12
T03197,C0486,P0314,cart,2,0,56872.82
T03198,C0630,P0438,wishlist,1,20,16563.94
T03199,C0831,P0987,cart,2,10,22191.91
T03200,C0431,P0457,purchase,2,20,28827.76
T03201,C0335,P0660,cart,1,0,613.33
T03202,C0409,P0777,view,1,25,8618.03
T03203,C0636,P0540,wishlist,2,25,60744.48
T03204,C0389,P0012,cart,3,0,109251.45
T03205,C0893,P0449,purchase,2,0,18746.8
T03206,C0427,P0956,view,4,5,43259.96
T03207,C0447,P0887,view,4,15,65014.66
T03208,C0675,P0297,wishlist,2,5,7332.37
T03209,C0774,P0020,view,4,15,165206.88
T03210,C0392,P0724,purchase,4,0,193474.92
T03211,C0008,P0446,purchase,2,10,71883.23
T03212,C0225,P0235,view,1,25,22457.44
T03213,C0134,P0178,view,4,10,93076.74
T03214,C0924,P0443,cart,4,20,79968.19
T03215,C0281,P0044,view,3,20,19795.46
T03216,C0693,P0565,view,1,5,35061.09
T03217,C0078,P0189,cart,3,25,44952.17
T03218,C0302,P0671,wishlist,2,10,70939.57
T03219,C0551,P0336,view,4,20,29073.95
T03220,C0072,P0042,cart,3,5,90423.23
T03221,C0021,P0001,purchase,2,15,15867.88
T03222,C0398,P0719,cart,4,5,144739.72
T03223,C0943,P0210,wishlist,4,20,111343.62
T03224,C0453,P0816,view,1,25,25517.34
T03225,C0760,P0430,view,1,0,28095.38
T03226,C0212,P0333,view,4,10,54869.8
T03227,C0304,P0555,cart,3,20,107074.15
T03228,C0154,P0616,purchase,3,0,131453.94
T03229,C0596,P0106,view,1,10,14052.13
T03230,C0180,P0881,purchase,3,10,11518.28
T03231,C0759,P0168,view,3,20,83741.3
T03232,C0531,P0526,view,1,10,39171.11
T03233,C0190,P0983,view,2,10,5954.54
T03234,C0168,P0780,view,1,5,36777.71
T03235,C0339,P0791,cart,3,0,140883.06
T03236,C0601,P0042,view,1,20,25381.96
T03237,C0399,P0924,cart,4,5,25769.89
T03238,C0558,P0717,view,1,0,31909.73
T03239,C0265,P0788,view,4,25,51358.68
T03240,C0163,P0823,view,1,20,27083.98
T03241,C0233,P0438,cart,2,10,37268.86
T03242,C0951,P0044,view,3,15,21032.68
T03243,C0575,P0092,wishlist,3,10,120461.77
T03244,C0337,P0743,view,2,15,50528.15
T03245,C0680,P0967,view,4,0,87646.24
T03246,C0419,P0978,view,3,10,7860.81
T03247,C0274,P0955,purchase,2,0,35243.5
T03248,C0709,P0501,view,3,25,47736.7
T03249,C0214,P0046,purchase,1,20,27724.3
T03250,C0254,P0228,cart,1,10,32250.2
T03251,C0737,P0511,purchase,2,0,36711.54
T03252,C0676,P0390,view,4,20,119849.73
T03253,C0649,P0664,view,3,10,118521.93
T03254,C0670,P0186,purchase,4,15,112245.59
T03255,C0503,P0288,cart,2,0,4392.88
T03256,C0597,P0927,view,3,25,40012.92
T03257,C0418,P0481,purchase,1,20,25641.09
T03258,C0567,P0648,view,2,25,73426.62
T03259,C0312,P0596,cart,1,5,18772.12
T03260,C0390,P0547,view,3,15,124828.26
T03261,C0742,P0168,cart,2,5,66295.2
T03262,C0207,P0808,purchase,3,5,106753.62
T03263,C0941,P0607,view,3,25,25194.31
T03264,C0719,P0742,view,4,25,87921.27
T03265,C0846,P0374,cart,4,0,97976.52
T03266,C0431,P0483,purchase,1,0,49194.25
T03267,C0472,P0993,view,1,25,31390.36
T03268,C0343,P0430,purchase,3,25,63214.6
T03269,C0034,P0471,view,2,20,36161.82
T03270,C0322,P0115,wishlist,2,25,8781.26
T03271,C0792,P0178,wishlist,1,20,20683.72
T03272,C0206,P0584,view,2,25,19713.4
T03273,C0499,P0141,view,4,15,9419.53
T03274,C0330,P0743,view,1,25,22291.83
T03275,C0929,P0587,view,4,25,45703.35
T03276,C0070,P0829,view,3,5,117584.39
T03277,C0197,P0851,cart,3,20,63816.1
T03278,C0938,P0147,view,2,10,48099.51
T03279,C0107,P0678,view,2,10,74444.6
T03280,C0011,P0584,cart,3,20,31541.45
T03281,C0887,P0520,view,3,20,7367.64
T03282,C0584,P0712,view,1,0,29023.58
T03283,C0958,P0933,view,1,25,32076.25
T03284,C0672,P0014,purchase,4,15,61082.09
T03285,C0438,P0673,view,1,5,44484.48
T03286,C0135,P0157,purchase,1,0,6020.52
T03287,C0187,P0880,view,1,10,30640.26
T03288,C0881,P0171,cart,3,25,94288.59
T03289,C0879,P0821,purchase,4,10,73003.5
T03290,C0838,P0506,wishlist,3,0,137542.29
T03291,C0275,P0709,view,2,20,1483.98
T03292,C0956,P0748,view,3,10,17739.7
T03293,C0205,P0460,cart,3,10,59095.36
T03294,C0166,P0161,view,2,20,60447.74
T03295,C0532,P0100,purchase,1,20,35662.34
T03296,C0227,P0315,cart,4,5,62643.95
T03297,C0719,P0471,view,1,0,22601.14
T03298,C0786,P0641,view,2,5,93286.01
T03299,C0583,P0422,view,4,5,178140.92
T03300,C0027,P0169,cart,3,0,56537.64
T03301,C0880,P0912,view,2,10,11726.71
T03302,C0943,P0545,view,1,0,14904.47
T03303,C0310,P0947,view,4,25,131218.53
T03304,C0702,P0542,view,2,0,55091.38
T03305,C0326,P0322,purchase,3,10,82276.21
T03306,C0266,P0644,purchase,1,5,4159.28
T03307,C0365,P0683,cart,2,20,63623.01
T03308,C0611,P0490,cart,4,20,85352.48
T03309,C0941,P0955,purchase,4,0,70487.0
T03310,C0203,P0090,view,3,0,106048.23
T03311,C0032,P0880,purchase,2,5,64684.99
T03312,C0243,P0798,cart,2,25,14090.55
T03313,C0928,P0326,view,3,15,39530.2
T03314,C0571,P0886,cart,3,10,111279.42
T03315,C0436,P0578,purchase,2,25,67487.81
T03316,C0106,P0666,view,2,15,51704.21
T03317,C0631,P0821,purchase,2,0,40557.5
T03318,C0510,P0477,purchase,2,20,9476.26
T03319,C0383,P0124,cart,4,15,22498.51
T03320,C0565,P0682,purchase,3,5,15124.61
T03321,C0030,P0074,wishlist,4,5,117299.88
T03322,C0084,P0985,purchase,1,5,41410.97
T03323,C0254,P0664,view,4,15,149249.83
T03324,C0184,P0973,wishlist,2,20,51193.18
T03325,C0756,P0264,wishlist,2,10,42626.38
T03326,C0566,P0912,purchase,4,10,23453.42
T03327,C0350,P0099,cart,2,20,35085.63
T03328,C0945,P0075,view,2,10,51943.7
T03329,C0913,P0139,wishlist,3,15,30632.87
T03330,C0858,P0510,purchase,4,20,62129.76
T03331,C0568,P0767,purchase,4,10,174604.82
T03332,C0560,P0816,cart,3,15,86758.96
T03333,C0417,P0509,purchase,4,20,25251.52
T03334,C0960,P0197,purchase,1,0,45047.5
T03335,C0211,P0160,view,2,5,13920.86
T03336,C0079,P0152,purchase,1,20,29685.45
T03337,C0201,P0951,view,1,20,20860.53
T03338,C0866,P0391,purchase,2,0,60011.74
T03339,C0794,P0377,view,4,15,67116.71
T03340,C0531,P0976,view,4,5,118155.26
T03341,C0640,P0054,view,2,25,14559.56
T03342,C0180,P0241,view,2,20,4205.47
T03343,C0632,P0627,view,1,5,5039.09
T03344,C0864,P0175,purchase,2,5,43166.96
T03345,C0745,P0427,view,1,25,29159.39
T03346,C0499,P0616,cart,3,20,105163.15
T03347,C0175,P0420,view,4,5,98797.42
T03348,C0532,P0918,purchase,3,0,88238.61
T03349,C0556,P0708,view,3,20,93937.46
T03350,C0997,P0059,view,4,20,1463.07
T03351,C0967,P0945,cart,1,15,23320.65
T03352,C0886,P0941,cart,4,5,127629.19
T03353,C0753,P0309,purchase,2,10,88082.71
T03354,C0316,P0762,purchase,1,25,4519.64
T03355,C0701,P0568,wishlist,2,25,7758.56
T03356,C0650,P0416,cart,1,20,23992.5
T03357,C0351,P0913,wishlist,2,0,21197.56
T03358,C0189,P0583,view,3,15,73945.56
T03359,C0306,P0184,view,2,0,86231.84
T03360,C0793,P0674,view,4,15,4386.95
T03361,C0021,P0347,purchase,2,0,53766.44
T03362,C0339,P0715,cart,4,20,119480.06
T03363,C0498,P0901,purchase,2,0,46829.68
T03364,C0107,P0881,wishlist,2,5,8105.46
T03365,C0149,P0948,view,4,20,118512.67
T03366,C0306,P0679,wishlist,4,5,48058.07
T03367,C0807,P0071,purchase,4,0,95251.44
T03368,C0778,P0716,purchase,3,10,60218.61
T03369,C0159,P0795,cart,2,10,73630.64
T03370,C0367,P0777,view,1,25,8618.03
T03371,C0538,P0043,cart,3,0,133127.7
T03372,C0720,P0925,purchase,2,10,17325.59
T03373,C0660,P0277,cart,4,5,134449.66
T03374,C0296,P0730,view,2,5,89170.8
T03375,C0504,P0036,purchase,3,5,27039.72
T03376,C0371,P0486,view,4,10,84932.06
T03377,C0957,P0159,cart,3,20,119721.82
T03378,C0278,P0143,view,4,15,29611.28
T03379,C0343,P0373,view,4,5,158639.78
T03380,C0215,P0511,view,1,20,14684.62
T03381,C0327,P0037,wishlist,2,15,1742.62
T03382,C0324,P0369,view,4,25,118935.78
T03383,C0100,P0794,purchase,3,15,95899.43
T03384,C0368,P0063,cart,4,25,13347.9
T03385,C0777,P0225,purchase,3,25,10369.03
T03386,C0293,P0057,view,1,15,31525.89
T03387,C0140,P0903,purchase,2,0,83385.16
T03388,C0665,P0446,purchase,4,0,159740.52
T03389,C0642,P0426,view,3,0,37879.2
T03390,C0959,P0918,purchase,1,20,23530.3
T03391,C0966,P0489,purchase,2,25,3614.27
T03392,C0358,P0231,purchase,1,25,23060.17
T03393,C0088,P0033,wishlist,4,15,83550.75
T03394,C0802,P0930,view,4,5,12032.47
T03395,C0409,P0121,cart,2,25,52412.35
T03396,C0944,P0600,view,2,0,72992.6
T03397,C0803,P0866,cart,3,25,28799.35
T03398,C0827,P0945,cart,4,20,87795.39
T03399,C0756,P0694,view,3,5,16787.73
T03400,C0270,P0545,wishlist,3,25,33535.06
T03401,C0282,P0398,purchase,1,0,48262.46
T03402,C0493,P0951,purchase,2,5,49543.75
T03403,C0476,P0452,purchase,2,15,61732.51
T03404,C0448,P0102,view,3,20,83774.09
T03405,C0937,P0283,view,2,15,15756.4
T03406,C0925,P0164,purchase,1,0,27226.68
T03407,C0429,P0148,wishlist,1,25,20651.48
T03408,C0021,P0947,wishlist,1,5,41552.53
T03409,C0820,P0557,purchase,4,0,168970.36
T03410,C0225,P0386,purchase,1,20,11929.72
T03411,C0126,P0813,view,1,10,9549.14
T03412,C0372,P0138,purchase,2,25,45682.88
T03413,C0214,P0786,cart,3,5,38249.05
T03414,C0692,P0670,cart,4,20,43481.31
T03415,C0591,P0419,view,2,0,97970.82
T03416,C0075,P0372,wishlist,4,5,129623.89
T03417,C0727,P0521,cart,2,25,40997.13
T03418,C0757,P0819,view,3,10,56696.81
T03419,C0338,P0891,view,1,15,36554.17
T03420,C0945,P0073,purchase,2,20,74694.61
T03421,C0152,P0512,view,1,15,29303.8
T03422,C0348,P0997,purchase,3,15,39404.61
T03423,C0032,P0945,purchase,3,15,69961.95
T03424,C0497,P0878,purchase,3,10,116577.49
T03425,C0469,P0202,wishlist,1,5,36660.87
T03426,C0771,P0385,wishlist,1,10,18650.81
T03427,C0661,P0105,purchase,3,25,30246.1
T03428,C0065,P0553,purchase,4,10,44966.99
T03429,C0992,P0298,cart,1,0,41477.39
T03430,C0652,P0718,wishlist,4,15,37709.54
T03431,C0060,P0455,purchase,4,15,57710.44
T03432,C0014,P0416,view,4,10,107966.23
T03433,C0187,P0057,purchase,3,10,100141.06
T03434,C0538,P0762,view,1,10,5423.56
T03435,C0425,P0898,purchase,3,5,42530.89
T03436,C0275,P0289,view,2,5,69001.98
T03437,C0974,P0527,purchase,1,25,25575.48
T03438,C0594,P0630,view,1,15,1475.36
T03439,C0777,P0235,view,3,25,67372.31
T03440,C0783,P0596,wishlist,2,0,39520.26
T03441,C0666,P0054,wishlist,3,25,21839.33
T03442,C0198,P0128,purchase,4,0,101076.72
T03443,C0558,P0134,cart,4,20,60760.8
T03444,C0318,P0360,wishlist,4,25,75680.37
T03445,C0296,P0198,purchase,2,25,9094.5
T03446,C0429,P0879,view,3,25,59326.69
T03447,C0212,P0273,view,4,25,52291.89
T03448,C0540,P0141,purchase,1,25,2077.84
T03449,C0954,P0977,view,1,25,33252.11
T03450,C0743,P0320,view,4,20,74499.2
T03451,C0786,P0228,view,4,25,107500.68
T03452,C0583,P0740,view,2,0,2884.64
T03453,C0305,P0291,cart,1,10,17383.13
T03454,C0521,P0677,view,4,5,98484.33
T03455,C0268,P0742,wishlist,3,15,74733.08
T03456,C0351,P0946,cart,2,5,59775.37
T03457,C0090,P0471,purchase,1,10,20341.03
T03458,C0309,P0902,wishlist,1,5,44735.05
T03459,C0142,P0052,purchase,2,15,81097.89
T03460,C0719,P0293,cart,4,5,78918.21
T03461,C0578,P0525,cart,2,15,81952.99
T03462,C0425,P0800,view,4,20,152012.8
T03463,C0590,P0250,view,4,15,107655.25
T03464,C0689,P0029,wishlist,4,25,33280.38
T03465,C0738,P0648,purchase,3,25,110139.93
T03466,C0831,P0017,purchase,3,5,86571.06
T03467,C0725,P0230,cart,2,0,79877.74
T03468,C0874,P0895,purchase,4,5,44762.33
T03469,C0688,P0580,purchase,3,10,127296.01
T03470,C0200,P0146,wishlist,3,5,41532.48
T03471,C0320,P0199,view,1,0,24972.75
T03472,C0982,P0143,view,3,15,22208.46
T03473,C0526,P0122,purchase,1,0,13059.57
T03474,C0731,P0220,purchase,3,15,112893.4
T03475,C0108,P0492,purchase,4,10,70612.7
T03476,C0460,P0933,view,4,0,171073.32
T03477,C0792,P0125,wishlist,2,15,35189.54
T03478,C0087,P0483,purchase,4,10,177099.3
T03479,C0140,P0172,purchase,4,0,121888.56
T03480,C0423,P0118,cart,4,20,112838.94
T03481,C0072,P0929,wishlist,4,10,40245.41
T03482,C0550,P0808,wishlist,4,20,119863.71
T03483,C0291,P0715,view,3,10,100811.3
T03484,C0961,P0191,purchase,3,25,72487.55
T03485,C0478,P0960,purchase,2,5,17670.02
T03486,C0370,P0020,wishlist,1,0,48590.26
T03487,C0913,P0590,purchase,2,5,20171.24
T03488,C0319,P0712,cart,1,5,27572.4
T03489,C0252,P0340,view,3,25,81609.91
T03490,C1000,P0401,cart,3,5,1891.57
T03491,C0900,P0345,view,3,0,57141.39
T03492,C0854,P0640,purchase,2,15,6339.98
T03493,C0006,P0414,view,2,5,20233.35
T03494,C0398,P0822,view,2,5,85466.12
T03495,C0041,P0858,view,2,5,8139.18
T03496,C0810,P0503,view,3,5,116484.69
T03497,C0654,P0286,purchase,1,15,19751.98
T03498,C0550,P0587,view,1,10,13711.01
T03499,C0433,P0485,purchase,1,5,22407.8
T03500,C0986,P0601,view,1,25,18110.5
T03501,C0963,P0607,cart,4,0,44789.88
T03502,C0499,P0402,cart,4,10,18497.05
T03503,C0684,P0070,wishlist,3,15,2335.29
T03504,C0382,P0657,view,3,10,104380.89
T03505,C0117,P0697,cart,4,10,96748.92
T03506,C0962,P0462,view,2,15,15143.77
T03507,C0231,P0516,view,4,25,66949.68
T03508,C0744,P0875,purchase,3,20,21351.43
T03509,C0625,P0252,view,2,5,37483.45
T03510,C0394,P0396,purchase,1,5,8583.2
T03511,C0976,P0452,purchase,2,15,61732.51
T03512,C0768,P0585,purchase,2,5,84603.26
T03513,C0235,P0973,wishlist,4,20,102386.37
T03514,C0857,P0812,cart,3,20,57530.52
T03515,C0808,P0390,view,4,5,142321.55
T03516,C0544,P0945,purchase,2,5,52128.51
T03517,C0147,P0340,wishlist,4,15,123321.64
T03518,C0486,P0337,view,4,25,38975.46
T03519,C0809,P0034,view,2,15,20456.69
T03520,C0239,P0834,view,4,5,66196.53
T03521,C0816,P0499,purchase,3,10,68056.88
T03522,C0211,P0893,purchase,2,25,65501.1
T03523,C0005,P0311,view,1,5,37824.65
T03524,C0836,P0612,view,4,10,98335.4
T03525,C0681,P0038,view,4,25,103823.1
T03526,C0278,P0285,view,2,0,8518.04
T03527,C0620,P0068,cart,4,0,127939.52
T03528,C0192,P0707,view,4,10,19303.88
T03529,C0251,P0607,view,2,0,22394.94
T03530,C0759,P0603,view,1,10,16839.77
T03531,C0848,P0449,view,4,10,33744.24
T03532,C0928,P0282,wishlist,4,25,130841.46
T03533,C0459,P0991,view,2,20,69882.48
T03534,C0726,P0121,view,3,0,104824.71
T03535,C0276,P0969,view,3,20,69677.02
T03536,C0685,P0244,view,1,10,39559.29
T03537,C0081,P0293,view,2,0,41535.9
T03538,C0813,P0733,purchase,2,25,28048.5
T03539,C0781,P0543,purchase,4,15,162396.72
T03540,C0945,P0146,purchase,3,5,41532.48
T03541,C0563,P0681,purchase,1,0,31683.39
T03542,C0449,P0083,wishlist,3,25,48516.53
T03543,C0780,P0081,view,3,5,137895.85
T03544,C0763,P0494,view,4,15,122822.93
T03545,C0741,P0657,view,1,0,38659.59
T03546,C0772,P0103,purchase,3,0,143827.14
T03547,C0813,P0620,view,2,0,31282.42
T03548,C0155,P0032,cart,2,10,4972.75
T03549,C0570,P0333,view,3,0,45724.83
T03550,C0658,P0741,view,4,25,136582.83
T03551,C0016,P0587,view,2,15,25898.57
T03552,C0399,P0460,view,3,15,55812.28
T03553,C0085,P0063,view,4,5,16907.34
T03554,C0924,P0162,view,1,5,28762.29
T03555,C0328,P0764,purchase,2,5,16983.11
T03556,C0028,P0459,cart,3,0,63362.73
T03557,C0859,P0264,cart,1,25,17760.99
T03558,C0168,P0435,wishlist,2,15,83348.86
T03559,C0746,P0022,cart,2,15,48025.2
T03560,C0058,P0527,view,4,20,109122.05
T03561,C0499,P0291,wishlist,1,25,14485.94
T03562,C0556,P0353,purchase,4,10,168694.2
T03563,C0582,P0765,view,2,20,44354.53
T03564,C0285,P0031,cart,4,25,43152.18
T03565,C0580,P0025,view,4,20,35447.46
T03566,C0936,P0968,view,3,0,27089.58
T03567,C0691,P0548,wishlist,3,25,21495.53
T03568,C0844,P0602,cart,1,15,17009.57
T03569,C0110,P0382,purchase,1,0,35871.9
T03570,C0501,P0995,view,1,10,42034.97
T03571,C0922,P0111,view,1,25,5148.63
T03572,C0931,P0762,view,1,15,5122.25
T03573,C0856,P0235,view,4,25,89829.75
T03574,C0129,P0738,view,4,15,108354.02
T03575,C0226,P0653,cart,1,25,20817.96
T03576,C0646,P0804,cart,1,10,14826.04
T03577,C0183,P0351,wishlist,3,15,96419.25
T03578,C0465,P0678,purchase,2,15,70308.79
T03579,C0261,P0896,purchase,4,10,51320.41
T03580,C0697,P0799,purchase,4,0,35325.92
T03581,C0872,P0861,purchase,4,5,89260.18
T03582,C0928,P0329,wishlist,3,20,22616.11
T03583,C0865,P0927,view,4,20,56907.26
T03584,C0197,P0413,view,3,20,9687.6
T03585,C0725,P0460,view,2,10,39396.91
T03586,C0960,P0939,purchase,2,5,34265.28
T03587,C0316,P0958,cart,4,10,102438.25
T03588,C0514,P0334,view,3,0,14869.98
T03589,C0724,P0008,purchase,4,15,137554.45
T03590,C0781,P0295,cart,2,0,31487.94
T03591,C0921,P0899,purchase,1,20,16062.01
T03592,C0047,P0392,view,1,0,30723.39
T03593,C0079,P0513,view,4,15,23668.39
T03594,C0976,P0946,purchase,4,15,106966.45
T03595,C0158,P0868,purchase,4,25,89376.72
T03596,C0202,P0121,view,3,5,99583.47
T03597,C0339,P0260,cart,1,15,36913.89
T03598,C0355,P0098,view,2,25,72172.79
T03599,C0475,P0524,view,1,0,2164.08
T03600,C0839,P0210,view,2,5,66110.27
T03601,C0552,P0556,purchase,4,15,15795.11
T03602,C0667,P0451,purchase,2,20,40573.28
T03603,C0052,P0735,view,1,25,2141.8
T03604,C0788,P0846,view,4,20,43901.76
T03605,C0107,P0297,purchase,4,20,12349.25
T03606,C0719,P0985,view,1,15,37051.92
T03607,C0984,P0250,view,2,10,56993.96
T03608,C0147,P0746,view,1,20,11574.14
T03609,C0248,P0150,wishlist,2,20,8820.19
T03610,C0670,P0861,purchase,3,10,63421.7
T03611,C0558,P0411,view,3,25,25708.16
T03612,C0380,P0452,cart,1,25,27234.93
T03613,C0145,P0050,cart,4,15,113938.83
T03614,C0732,P0651,purchase,2,25,44771.86
T03615,C0762,P0848,view,4,25,13683.15
T03616,C0831,P0359,purchase,2,20,25316.22
T03617,C0050,P0249,purchase,2,10,23547.02
T03618,C0784,P0213,wishlist,1,20,26405.13
T03619,C0763,P0852,view,4,20,145782.3
T03620,C0530,P0221,cart,3,10,42931.24
T03621,C0603,P0322,wishlist,3,20,73134.41
T03622,C0640,P0571,cart,4,20,154180.03
T03623,C0887,P0427,purchase,4,15,132189.25
T03624,C0398,P0052,view,4,10,171736.7
T03625,C0425,P0021,purchase,4,10,128124.04
T03626,C0655,P0908,purchase,1,5,41474.36
T03627,C0758,P0101,cart,2,10,50005.69
T03628,C0385,P0766,purchase,4,5,53486.6
T03629,C0330,P0926,view,3,5,119131.57
T03630,C0872,P0699,cart,1,0,42776.71
T03631,C0023,P0337,wishlist,3,20,31180.37
T03632,C0635,P0423,wishlist,1,5,20856.45
T03633,C0606,P0938,view,4,5,186974.33
T03634,C0640,P0233,view,1,5,8540.59
T03635,C0270,P0439,cart,2,25,34603.73
T03636,C0270,P0467,view,2,5,52101.95
T03637,C0246,P0782,view,2,5,73497.74
T03638,C0211,P0792,cart,3,25,27338.56
T03639,C0121,P0173,purchase,2,25,59146.41
T03640,C0774,P0784,wishlist,4,20,69338.88
T03641,C0014,P0306,purchase,1,15,6080.59
T03642,C0053,P0494,view,4,10,130047.8
T03643,C0792,P0722,purchase,4,15,55371.58
T03644,C0835,P0160,view,4,20,23445.66
T03645,C0450,P0378,cart,2,0,31812.52
T03646,C0315,P0408,wishlist,3,25,44318.21
T03647,C0588,P0987,cart,2,10,22191.91
T03648,C0540,P0144,purchase,3,0,71803.95
T03649,C0513,P0799,purchase,2,5,16779.81
T03650,C0887,P0471,cart,4,15,76843.88
T03651,C0027,P0855,view,1,15,37677.18
T03652,C0898,P0095,purchase,2,0,56015.06
T03653,C0275,P0668,purchase,2,10,46398.29
T03654,C0320,P0058,view,1,25,30378.89
T03655,C0041,P0738,view,1,20,25495.06
T03656,C0236,P0126,purchase,2,15,16617.48
T03657,C0394,P0828,cart,3,25,59979.24
T03658,C0837,P0525,purchase,4,0,192830.56
T03659,C0735,P0728,view,3,15,40153.27
T03660,C0125,P0300,purchase,2,5,76610.6
T03661,C0618,P0969,view,1,25,21774.07
T03662,C0302,P0653,cart,2,25,41635.92
T03663,C0183,P0319,view,2,20,1487.07
T03664,C0788,P0961,cart,4,15,41749.96
T03665,C0619,P0909,purchase,3,15,84281.53
T03666,C0057,P0045,view,4,25,15756.84
T03667,C0182,P0164,view,1,10,24504.01
T03668,C0207,P0267,view,2,10,71759.81
T03669,C0122,P0508,view,3,5,24074.78
T03670,C0133,P0379,purchase,4,0,186115.52
T03671,C0577,P0711,view,1,10,11753.01
T03672,C0208,P0300,cart,1,0,40321.37
T03673,C0474,P0859,purchase,1,0,22336.51
T03674,C0593,P0865,view,2,0,99197.48
T03675,C0971,P0243,purchase,3,25,92853.25
T03676,C0866,P0745,cart,4,0,100709.88
T03677,C0031,P0621,wishlist,4,20,121602.02
T03678,C0142,P0231,view,2,15,52269.71
T03679,C0860,P0736,purchase,4,0,188381.04
T03680,C0541,P0810,view,2,10,62390.09
T03681,C0618,P0669,view,2,10,33624.76
T03682,C0260,P0051,wishlist,1,0,1409.94
T03683,C0738,P0502,wishlist,4,0,9508.84
T03684,C0820,P0903,view,1,15,35438.69
T03685,C0815,P0383,purchase,2,5,48499.88
T03686,C0490,P0133,purchase,4,5,6522.74
T03687,C0959,P0562,cart,4,25,128925.12
T03688,C0438,P0684,view,4,15,78426.51
T03689,C0908,P0191,view,3,0,96650.07
T03690,C0855,P0365,view,2,15,41364.67
T03691,C0056,P0867,purchase,4,20,156674.4
T03692,C0435,P0527,view,2,15,57971.09
T03693,C0381,P0103,purchase,1,25,35956.78
T03694,C0062,P0955,cart,4,5,66962.65
T03695,C0545,P0327,view,2,5,26173.79
T03696,C0176,P0044,view,3,25,18558.25
T03697,C0379,P0319,view,1,20,743.54
T03698,C0866,P0551,wishlist,3,20,98935.56
T03699,C0181,P0231,purchase,4,25,92240.67
T03700,C0963,P0944,purchase,4,0,20111.56
T03701,C0429,P0831,purchase,4,5,47972.15
T03702,C0099,P0876,view,1,0,40336.75
T03703,C0130,P0519,view,3,0,125876.25
T03704,C0562,P0736,view,4,15,160123.88
T03705,C0778,P0189,view,3,10,53942.6
T03706,C0170,P0322,cart,4,15,103607.08
T03707,C0111,P0078,purchase,2,20,54740.38
T03708,C0642,P0695,purchase,2,0,2203.16
T03709,C0222,P0886,view,4,5,156615.48
T03710,C0513,P0961,view,1,0,12279.4
T03711,C0252,P0364,view,3,25,69872.58
T03712,C0801,P0582,purchase,4,25,29854.47
T03713,C0302,P0764,view,3,25,20111.58
T03714,C0921,P0239,purchase,1,15,2047.62
T03715,C0791,P0745,purchase,4,5,95674.39
T03716,C0186,P0944,purchase,3,0,15083.67
T03717,C0870,P0059,wishlist,2,5,868.7
T03718,C0174,P0311,view,2,5,75649.3
T03719,C0028,P0596,cart,4,25,59280.39
T03720,C0070,P0935,cart,1,25,32943.8
T03721,C0657,P0168,view,2,10,62805.98
T03722,C0182,P0071,view,4,15,80963.72
T03723,C0292,P0057,cart,1,10,33380.35
T03724,C0371,P0083,purchase,1,25,16172.18
T03725,C0376,P0161,view,2,25,56669.76
T03726,C0578,P0622,purchase,4,5,48598.66
T03727,C0242,P0222,view,3,5,126313.97
T03728,C0004,P0320,wishlist,1,15,19788.85
T03729,C0826,P0779,wishlist,3,0,149458.92
T03730,C0528,P0810,purchase,3,15,88385.96
T03731,C0190,P0546,purchase,2,15,27556.13
T03732,C0790,P0848,cart,4,10,16419.78
T03733,C0704,P0684,purchase,3,10,62279.87
T03734,C0883,P0465,purchase,1,20,2513.5
T03735,C0397,P0194,view,2,10,10598.49
T03736,C0476,P0688,purchase,1,5,10708.96
T03737,C0573,P0893,purchase,2,10,78601.32
T03738,C0737,P0082,view,2,25,31121.04
T03739,C0393,P0044,view,4,25,24744.33
T03740,C0865,P0091,view,3,0,125866.02
T03741,C0821,P0764,wishlist,4,10,32178.53
T03742,C0699,P0837,cart,2,10,27652.91
T03743,C0515,P0553,view,1,0,12490.83
T03744,C0070,P0459,purchase,2,5,40129.73
T03745,C0097,P0728,purchase,3,5,44877.18
T03746,C0906,P0333,view,4,0,60966.44
T03747,C0405,P0496,view,3,5,94619.12
T03748,C0769,P0852,wishlist,4,20,145782.3
T03749,C0992,P0705,view,1,5,34381.77
T03750,C0057,P0512,purchase,4,20,110320.19
T03751,C0735,P0559,view,2,10,84976.78
T03752,C0819,P0606,view,2,20,19473.39
T03753,C0836,P0552,view,4,20,114585.38
T03754,C0538,P0104,view,3,10,37833.97
T03755,C0214,P0113,purchase,4,0,188993.32
T03756,C0101,P0762,view,3,5,17174.61
T03757,C0719,P0742,view,2,15,49822.05
T03758,C0953,P0573,cart,1,20,5161.12
T03759,C0654,P0452,purchase,2,20,58101.18
T03760,C0081,P0100,view,3,5,127047.1
T03761,C0125,P0201,purchase,2,25,37220.76
T03762,C0722,P0952,view,2,15,11598.91
T03763,C0273,P0807,purchase,1,10,38879.63
T03764,C0921,P0622,wishlist,4,5,48598.66
T03765,C0058,P0300,cart,1,10,36289.23
T03766,C0974,P0256,view,1,0,6677.29
T03767,C0806,P0798,cart,3,20,22544.88
T03768,C0870,P0742,purchase,4,15,99644.11
T03769,C0171,P0538,purchase,3,5,42382.49
T03770,C0421,P0062,view,2,20,26345.97
T03771,C0896,P0060,wishlist,1,5,16179.6
T03772,C0828,P0077,purchase,3,0,10959.57
T03773,C0650,P0637,wishlist,1,5,41000.57
T03774,C0748,P0079,view,3,10,3666.44
T03775,C0061,P0467,view,2,20,43875.33
T03776,C0488,P0244,purchase,4,10,158237.17
T03777,C0954,P0039,view,4,25,110438.28
T03778,C0221,P0849,view,3,15,111076.19
T03779,C0409,P0655,view,3,15,76405.34
T03780,C0687,P0419,view,4,10,176347.48
T03781,C0869,P0203,purchase,3,15,11022.04
T03782,C0146,P0238,view,4,15,78129.01
T03783,C0851,P0350,purchase,2,25,63198.39
T03784,C0428,P0766,view,4,5,53486.6
T03785,C0129,P0430,purchase,4,15,95524.29
T03786,C0185,P0037,cart,3,25,2306.41
T03787,C0142,P0993,view,2,20,66966.11
T03788,C0288,P0902,purchase,2,0,94179.06
T03789,C0526,P0407,purchase,3,25,41716.82
T03790,C0873,P0947,purchase,2,0,87479.02
T03791,C0011,P0675,view,3,5,70268.37
T03792,C0996,P0973,purchase,1,15,27196.38
T03793,C0464,P0639,view,3,25,35159.49
T03794,C0778,P0663,purchase,1,5,31918.71
T03795,C0003,P0187,view,3,10,3187.57
T03796,C0190,P0042,view,1,15,26968.33
T03797,C0648,P0852,view,1,20,36445.58
T03798,C0905,P0136,view,2,20,63199.57
T03799,C0579,P0904,purchase,1,20,37236.0
T03800,C0879,P0058,view,3,10,109364.01
T03801,C0113,P0460,wishlist,4,15,74416.38
T03802,C0601,P0442,cart,2,15,47576.95
T03803,C0122,P0671,view,1,15,33499.24
T03804,C0869,P0004,wishlist,2,0,30700.52
T03805,C0486,P0219,view,2,25,3062.97
T03806,C0043,P0870,view,4,5,62035.8
T03807,C0588,P0913,view,1,25,7949.09
T03808,C0792,P0212,purchase,4,15,15357.53
T03809,C0389,P0922,view,4,10,121237.49
T03810,C0005,P0922,cart,3,25,75773.43
T03811,C0735,P0181,view,3,5,5754.63
T03812,C0078,P0412,view,2,25,60431.17
T03813,C0790,P0313,purchase,4,10,9359.86
T03814,C0004,P0109,purchase,2,25,60846.84
T03815,C0192,P0333,view,4,10,54869.8
T03816,C0986,P0764,view,4,20,28603.14
T03817,C0253,P0591,wishlist,4,25,79365.57
T03818,C0498,P0911,cart,4,15,102574.53
T03819,C0534,P0072,purchase,4,5,88691.09
T03820,C0542,P0324,view,1,0,47741.07
T03821,C0073,P0840,view,1,25,25935.9
T03822,C0341,P0763,purchase,1,5,36260.42
T03823,C0411,P0258,cart,4,10,49772.2
T03824,C0021,P0170,view,4,25,136653.51
T03825,C0021,P0918,view,2,5,55884.45
T03826,C0088,P0835,purchase,3,10,51934.93
T03827,C0141,P0374,view,4,15,83280.04
T03828,C0418,P0553,purchase,2,15,21234.41
T03829,C0768,P0929,view,1,15,9502.39
T03830,C0899,P0823,view,2,0,67709.96
T03831,C0324,P0443,purchase,4,10,89964.22
T03832,C0318,P0094,purchase,2,15,64119.29
T03833,C0104,P0833,purchase,2,20,57117.97
T03834,C0721,P0877,purchase,4,20,87758.34
T03835,C0542,P0971,view,2,20,70928.53
T03836,C0415,P0518,wishlist,3,10,21263.63
T03837,C0704,P0615,view,2,5,66008.24
T03838,C0439,P0195,purchase,1,10,1186.17
T03839,C0426,P1000,view,1,0,11230.56
T03840,C0030,P0291,view,3,25,43457.83
T03841,C0146,P0288,purchase,1,25,1647.33
T03842,C0927,P0110,purchase,1,15,35267.67
T03843,C0188,P0532,purchase,4,0,40730.52
T03844,C0324,P0018,view,4,10,81293.9
T03845,C0320,P0153,view,1,5,38015.15
T03846,C0020,P0803,purchase,3,25,98269.58
T03847,C0203,P0009,view,4,15,75203.21
T03848,C0246,P0597,view,3,5,95177.74
T03849,C0345,P0604,purchase,4,0,190220.96
T03850,C0677,P0977,purchase,4,20,141875.68
T03851,C0993,P0184,cart,2,0,86231.84
T03852,C0923,P0691,cart,1,15,8790.38
T03853,C0659,P0997,view,1,15,13134.87
T03854,C0652,P0893,view,1,20,34933.92
T03855,C0765,P0133,purchase,1,0,1716.51
T03856,C0757,P0543,purchase,2,5,90751.11
T03857,C0206,P0475,view,3,15,101410.95
T03858,C0422,P0558,cart,1,10,30046.49
T03859,C0462,P0455,view,2,20,27157.86
T03860,C0761,P0002,purchase,1,10,4659.98
T03861,C0954,P0491,purchase,2,25,52757.24
T03862,C0438,P0761,purchase,2,0,74265.48
T03863,C0222,P0723,view,1,15,42336.5
T03864,C0528,P0626,purchase,4,0,120625.52
T03865,C0546,P0245,purchase,2,5,82441.47
T03866,C0143,P0501,view,3,20,50919.14
T03867,C0279,P0727,wishlist,1,0,44606.2
T03868,C0621,P0288,view,4,5,8346.47
T03869,C0171,P0525,wishlist,4,15,163905.98
T03870,C0185,P0510,purchase,4,10,69895.98
T03871,C0994,P0800,purchase,3,0,142512.0
T03872,C0444,P0897,wishlist,1,0,3038.94
T03873,C0325,P0232,view,1,20,26041.12
T03874,C0249,P0317,view,4,0,65453.48
T03875,C0933,P0682,view,4,0,21227.52
T03876,C0234,P0432,wishlist,2,5,62276.11
T03877,C0927,P0961,view,3,10,33154.38
T03878,C0541,P0057,wishlist,4,0,148357.12
T03879,C0230,P0831,purchase,1,0,12624.25
T03880,C0352,P0865,view,2,25,74398.11
T03881,C0965,P0970,view,4,25,129600.9
T03882,C0745,P0829,view,2,0,82515.36
T03883,C0805,P0210,view,3,15,88726.94
T03884,C0556,P0072,cart,4,15,79355.18
T03885,C0823,P0228,view,1,0,35833.56
T03886,C0254,P0675,wishlist,2,10,44380.03
T03887,C0449,P0059,wishlist,1,5,434.35
T03888,C0191,P0265,purchase,4,25,23553.51
T03889,C0216,P0437,cart,4,15,24543.89
T03890,C0878,P0657,cart,3,15,98581.95
T03891,C0507,P0153,view,4,25,120047.85
T03892,C0690,P0775,view,3,15,55111.26
T03893,C0703,P0404,view,4,25,117695.49
T03894,C0898,P0068,wishlist,2,5,60771.27
T03895,C0177,P0206,view,3,0,32709.09
T03896,C0631,P0270,cart,1,15,28972.88
T03897,C0501,P0706,wishlist,3,15,84534.74
T03898,C0478,P0703,view,1,5,44780.9
T03899,C0996,P0576,view,4,20,103656.48
T03900,C0838,P0903,cart,4,5,158431.8
T03901,C0055,P0121,purchase,1,10,31447.41
T03902,C0407,P0676,view,1,20,617.06
T03903,C0473,P0247,view,3,10,129795.75
T03904,C0289,P0590,wishlist,4,25,31849.32
T03905,C0613,P0372,purchase,3,10,92101.19
T03906,C0915,P0844,cart,2,20,75755.92
T03907,C0320,P0910,view,1,25,27433.15
T03908,C0065,P0369,view,2,15,67396.94
T03909,C0914,P0756,view,4,20,93176.99
T03910,C0543,P0156,purchase,4,20,143992.99
T03911,C0463,P0580,purchase,3,10,127296.01
T03912,C0548,P0441,purchase,2,15,74803.71
T03913,C0679,P0274,purchase,4,25,80412.78
T03914,C0221,P0791,wishlist,4,10,169059.67
T03915,C0263,P0781,purchase,3,10,82661.53
T03916,C0563,P0983,view,3,0,9924.24
T03917,C0934,P0707,view,4,25,16086.57
T03918,C0334,P0328,purchase,3,5,97238.21
T03919,C0938,P0939,wishlist,1,20,14427.49
T03920,C0986,P0057,purchase,4,15,126103.55
T03921,C0753,P0324,cart,4,5,181416.07
T03922,C0275,P0771,purchase,1,5,2720.82
T03923,C0390,P0998,cart,4,5,163975.05
T03924,C0963,P0694,view,2,15,10013.73
T03925,C0875,P0599,view,2,20,44300.99
T03926,C0619,P0619,purchase,2,10,39574.08
T03927,C0932,P0572,view,2,25,58115.65
T03928,C0997,P0687,view,1,25,33422.71
T03929,C0915,P0436,view,2,0,61442.86
T03930,C0558,P0581,cart,1,15,40923.13
T03931,C0728,P0115,view,2,20,9366.67
T03932,C0269,P0804,view,2,0,32946.76
T03933,C0118,P0135,purchase,3,0,18489.45
T03934,C0233,P0816,view,2,25,51034.68
T03935,C0259,P0715,purchase,1,20,29870.02
T03936,C0798,P0318,cart,3,10,52782.81
T03937,C0832,P0043,wishlist,4,10,159753.24
T03938,C0680,P0686,view,3,25,33702.71
T03939,C0207,P0111,cart,3,15,17505.34
T03940,C0787,P0684,view,3,15,58819.88
T03941,C0747,P0515,purchase,4,25,125417.76
T03942,C0294,P0325,view,1,10,21656.09
T03943,C0460,P0996,wishlist,1,10,6543.28
T03944,C0539,P0521,purchase,4,25,81994.26
T03945,C0029,P0538,cart,2,10,26767.89
T03946,C0593,P0713,view,3,0,107085.99
T03947,C0346,P0465,purchase,4,25,9425.64
T03948,C0804,P0444,view,1,25,3638.04
T03949,C0278,P0361,purchase,2,25,5390.97
T03950,C0676,P0097,wishlist,2,15,10288.08
T03951,C0021,P0729,view,1,10,34345.5
T03952,C0219,P0504,view,4,0,81252.44
T03953,C0096,P0432,cart,4,20,104886.08
T03954,C0434,P0423,purchase,4,15,74644.14
T03955,C0317,P0774,wishlist,2,5,44666.8
T03956,C0617,P0936,purchase,3,10,121922.93
T03957,C0508,P0592,wishlist,3,0,95695.86
T03958,C0674,P0788,view,2,15,29103.25
T03959,C0094,P0579,view,2,5,45171.28
T03960,C0989,P0965,view,4,25,47819.01
T03961,C0295,P0231,view,4,20,98390.05
T03962,C0539,P0784,view,3,0,65005.2
T03963,C0959,P0289,view,4,5,138003.95
T03964,C0795,P0209,purchase,4,25,65560.2
T03965,C0284,P0663,wishlist,4,15,114235.38
T03966,C0752,P0561,view,3,15,14600.48
T03967,C0896,P0265,purchase,1,20,6280.94
T03968,C0060,P0499,wishlist,1,10,22685.62
T03969,C0228,P0666,cart,4,5,115574.11
T03970,C0753,P0227,purchase,1,15,10276.59
T03971,C0802,P0860,view,4,0,70875.56
T03972,C0012,P0784,view,3,0,65005.2
T03973,C0259,P0916,purchase,1,10,13460.42
T03974,C0847,P0611,view,4,0,80663.6
T03975,C0149,P0974,purchase,2,10,20137.36
T03976,C0907,P0644,cart,3,15,11164.38
T03977,C0356,P0532,cart,4,5,38693.99
T03978,C0749,P0702,wishlist,4,20,12446.24
T03979,C0926,P0164,cart,1,20,21781.34
T03980,C0531,P0766,view,2,10,25335.76
T03981,C0905,P0017,purchase,3,5,86571.06
T03982,C0088,P0810,purchase,3,20,83186.78
T03983,C0113,P0442,view,2,20,44778.3
T03984,C0559,P0100,purchase,1,20,35662.34
T03985,C0481,P0703,wishlist,2,5,89561.8
T03986,C0126,P0690,purchase,1,20,30193.18
T03987,C0542,P0560,purchase,3,25,56312.62
T03988,C0951,P0302,cart,3,5,7904.47
T03989,C0452,P0417,cart,4,5,80473.17
T03990,C0785,P0139,cart,3,0,36038.67
T03991,C0361,P0650,view,2,25,55588.56
T03992,C0615,P0243,cart,2,15,70155.79
T03993,C0248,P0704,view,1,0,36514.89
T03994,C0289,P0543,cart,3,25,107468.42
T03995,C0513,P0710,view,1,15,28212.09
T03996,C0081,P0444,wishlist,4,15,16492.45
T03997,C0388,P0701,purchase,3,10,73382.49
T03998,C0942,P0949,cart,4,20,44086.4
T03999,C0383,P0258,cart,3,20,33181.46
T04000,C0154,P0527,view,3,0,102301.92
T04001,C0935,P0063,purchase,4,0,17797.2
T04002,C0367,P0277,cart,1,0,35381.49
T04003,C0103,P0185,cart,3,10,87129.49
T04004,C0001,P0416,view,1,20,23992.5
T04005,C0017,P0510,wishlist,3,10,52421.98
T04006,C0059,P0713,view,3,10,96377.39
T04007,C0194,P0472,view,2,20,21299.41
T04008,C0414,P0615,view,3,25,78167.65
T04009,C0121,P0752,purchase,1,5,30021.83
T04010,C0350,P0820,purchase,1,25,24866.65
T04011,C0393,P0497,cart,4,0,14940.72
T04012,C0929,P0470,cart,2,5,59169.72
T04013,C0389,P0199,purchase,4,10,89901.9
T04014,C0344,P0677,cart,4,10,93300.95
T04015,C0253,P0025,wishlist,3,10,29908.79
T04016,C0620,P0967,cart,2,5,41631.96
T04017,C0463,P0698,view,4,15,22245.66
T04018,C0465,P0996,view,2,5,13813.59
T04019,C0006,P0534,wishlist,2,15,53385.63
T04020,C0795,P0385,purchase,4,5,78747.86
T04021,C0167,P0316,view,4,25,47986.05
T04022,C0498,P0148,view,4,0,110141.24
T04023,C0411,P0308,purchase,2,20,19008.24
T04024,C0856,P0304,view,1,5,46866.52
T04025,C0862,P0301,view,2,15,9813.42
T04026,C0171,P0762,view,4,10,21694.25
T04027,C0748,P0646,purchase,4,5,142864.04
T04028,C0207,P0500,purchase,3,10,121881.16
T04029,C0742,P0819,wishlist,3,0,62996.46
T04030,C0850,P0448,view,2,20,71806.21
T04031,C0550,P0065,purchase,3,15,34900.45
T04032,C0635,P0125,purchase,3,15,52784.31
T04033,C0083,P0486,view,3,25,53082.54
T04034,C0368,P0471,cart,2,0,45202.28
T04035,C0370,P0340,view,4,25,108813.21
T04036,C0614,P0080,wishlist,2,0,69793.02
T04037,C0215,P0416,view,1,15,25492.03
T04038,C0540,P0047,cart,1,20,19835.93
T04039,C0057,P0729,wishlist,4,0,152646.68
T04040,C0754,P0434,view,4,10,41111.21
T04041,C0203,P0549,purchase,2,20,42252.27
T04042,C0858,P0855,cart,4,5,168439.14
T04043,C0882,P0738,cart,4,25,95606.49
T04044,C0661,P0405,purchase,2,0,83332.98
T04045,C0250,P0080,purchase,1,0,34896.51
T04046,C0705,P0397,cart,2,5,69256.46
T04047,C0204,P0211,wishlist,3,20,110114.93
T04048,C0115,P0334,purchase,1,0,4956.66
T04049,C0077,P0828,purchase,4,5,101298.27
T04050,C0462,P0500,purchase,3,25,101567.63
T04051,C0242,P0051,purchase,1,25,1057.45
T04052,C0723,P0436,purchase,1,20,24577.14
T04053,C0027,P0860,wishlist,4,15,60244.23
T04054,C0090,P0592,purchase,2,10,57417.52
T04055,C0557,P0212,view,3,25,10163.07
T04056,C0426,P0623,view,2,15,19004.84
T04057,C0008,P0231,view,2,20,49195.02
T04058,C0860,P0219,view,3,15,5207.05
T04059,C0224,P0883,view,4,25,124825.83
T04060,C0701,P0920,purchase,1,5,15474.9
T04061,C0947,P0543,view,2,25,71645.61
T04062,C0484,P0878,view,3,20,103624.44
T04063,C0427,P0493,wishlist,4,5,115796.18
T04064,C0699,P0788,view,2,15,29103.25
T04065,C0357,P0296,view,4,15,102050.86
T04066,C0120,P0569,purchase,2,25,53289.4
T04067,C0234,P0011,view,3,20,22571.4
T04068,C0898,P0002,view,1,25,3883.31
T04069,C0639,P0382,purchase,1,20,28697.52
T04070,C0522,P0225,wishlist,4,10,16590.46
T04071,C0331,P0561,view,3,0,17177.04
T04072,C0838,P0973,wishlist,4,5,121583.81
T04073,C0623,P0270,view,3,15,86918.64
T04074,C0234,P0448,wishlist,4,10,161563.97
T04075,C0922,P0285,cart,4,5,16184.28
T04076,C0936,P0544,view,4,10,127482.88
T04077,C0138,P0422,wishlist,1,15,39847.31
T04078,C0539,P0209,view,3,0,65560.2
T04079,C0137,P0187,purchase,4,25,3541.74
T04080,C0787,P0681,view,3,15,80792.64
T04081,C0363,P0856,view,3,25,73067.92
T04082,C0664,P0830,view,2,0,43355.64
T04083,C0912,P0740,view,4,20,4615.42
T04084,C0180,P0920,purchase,1,10,14660.43
T04085,C0987,P0017,view,4,0,121503.24
T04086,C0987,P0769,purchase,2,15,28923.7
T04087,C0504,P0770,purchase,3,20,62861.42
T04088,C0525,P0979,wishlist,1,20,29087.47
T04089,C0894,P0107,cart,3,25,8986.01
T04090,C0922,P0860,purchase,3,0,53156.67
T04091,C0150,P0549,view,1,5,25087.29
T04092,C0922,P0838,purchase,4,10,75986.89
T04093,C0236,P0596,view,3,25,44460.29
T04094,C0542,P0434,purchase,2,20,18271.65
T04095,C0588,P0587,purchase,4,10,54844.02
T04096,C0570,P0098,purchase,1,20,38492.15
T04097,C0226,P0945,cart,4,20,87795.39
T04098,C0706,P0568,view,3,5,14741.25
T04099,C0095,P0196,wishlist,4,5,49558.88
T04100,C0988,P0652,view,1,25,16223.74
T04101,C0081,P0722,view,1,5,15471.47
T04102,C0909,P0418,view,3,0,111150.96
T04103,C0541,P0333,view,4,5,57918.12
T04104,C0272,P0309,view,3,5,139464.29
T04105,C0756,P0253,cart,2,20,55129.14
T04106,C0898,P0130,view,1,10,39096.36
T04107,C0555,P0133,view,2,25,2574.76
T04108,C0024,P0534,view,1,10,28262.98
T04109,C0880,P0427,wishlist,4,10,139965.08
T04110,C0503,P0232,purchase,1,25,24413.55
T04111,C0528,P0886,view,3,5,117461.61
T04112,C0532,P0435,view,4,15,166697.72
T04113,C0126,P0563,view,2,20,57660.42
T04114,C0865,P0629,view,4,15,156619.4
T04115,C0345,P0468,wishlist,1,20,1833.46
T04116,C0618,P0631,cart,1,20,6427.08
T04117,C0056,P0798,view,2,0,18787.4
T04118,C0743,P0058,cart,2,15,68858.82
T04119,C0282,P0783,wishlist,1,10,41823.37
T04120,C0097,P0587,cart,4,25,45703.35
T04121,C0541,P0816,view,3,5,96965.89
T04122,C0278,P0539,wishlist,1,0,37074.71
T04123,C0790,P0172,cart,4,10,109699.7
T04124,C0818,P0179,purchase,3,15,109799.1
T04125,C0675,P0730,view,1,25,35199.0
T04126,C0999,P0452,cart,4,0,145252.96
T04127,C0897,P0911,purchase,1,20,24135.18
T04128,C0260,P0192,view,3,15,43159.06
T04129,C0716,P0696,view,1,10,39872.57
T04130,C0399,P0039,view,1,0,36812.76
T04131,C0684,P0043,purchase,4,20,142002.88
T04132,C0039,P0566,cart,3,15,59958.35
T04133,C0822,P0186,view,2,20,52821.46
T04134,C0627,P0498,purchase,1,15,27518.4
T04135,C0658,P0918,wishlist,4,0,117651.48
T04136,C0996,P0840,purchase,3,25,77807.7
T04137,C0776,P0222,wishlist,4,25,132962.07
T04138,C0106,P0245,view,1,10,39051.22
T04139,C0953,P0770,purchase,1,25,19644.19
T04140,C0938,P0954,view,1,5,34766.97
T04141,C0254,P0455,wishlist,1,0,16973.66
T04142,C0261,P0035,purchase,1,20,25399.02
T04143,C0862,P0306,purchase,4,10,25753.07
T04144,C0165,P0258,view,2,0,27651.22
T04145,C0898,P0810,view,3,20,83186.78
T04146,C0496,P0788,view,3,5,48790.75
T04147,C0481,P0024,cart,2,15,53196.11
T04148,C0634,P0517,purchase,2,5,91320.74
T04149,C0342,P0935,view,2,10,79065.13
T04150,C0252,P0068,view,1,5,30385.64
T04151,C0634,P0924,purchase,2,15,11528.64
T04152,C0936,P0574,purchase,3,10,24973.95
T04153,C0377,P0532,view,3,20,24438.31
T04154,C0937,P0643,view,3,0,140285.16
T04155,C0354,P0181,wishlist,4,0,8076.68
T04156,C0215,P0580,wishlist,4,0,188586.68
T04157,C0225,P0392,cart,1,0,30723.39
T04158,C0455,P0111,purchase,3,10,18535.07
T04159,C0673,P0029,view,3,15,28288.32
T04160,C0873,P0224,wishlist,1,15,39645.68
T04161,C0598,P0578,wishlist,2,5,85484.55
T04162,C0097,P0842,view,4,15,23612.59
T04163,C0174,P0679,wishlist,4,5,48058.07
T04164,C0390,P0045,purchase,4,20,16807.3
T04165,C0170,P0678,view,4,5,157160.82
T04166,C0500,P0074,view,3,20,74084.14
T04167,C0061,P0866,view,2,10,23039.48
T04168,C0170,P0701,view,4,20,86971.84
T04169,C0374,P0047,wishlist,2,15,42151.35
T04170,C0956,P0929,view,1,5,10620.32
T04171,C0910,P0186,view,3,20,79232.18
T04172,C0424,P0833,view,1,25,26774.05
T04173,C0429,P0869,cart,4,5,81951.98
T04174,C0162,P0621,view,2,25,57000.94
T04175,C0445,P0443,purchase,3,0,74970.18
T04176,C0746,P0714,view,3,10,81182.55
T04177,C0166,P0414,purchase,1,0,10649.13
T04178,C0882,P0761,wishlist,1,5,35276.1
T04179,C0124,P0226,purchase,3,15,51085.96
T04180,C0017,P0760,purchase,4,20,122572.74
T04181,C0541,P0646,view,2,5,71432.02
T04182,C0879,P0191,cart,3,0,96650.07
T04183,C0405,P0272,purchase,4,10,26877.31
T04184,C0646,P0893,wishlist,4,20,139735.68
T04185,C0603,P0435,view,1,15,41674.43
T04186,C0063,P0216,view,2,25,35647.29
T04187,C0258,P0425,purchase,4,25,42755.76
T04188,C0009,P0197,view,1,5,42795.12
T04189,C0349,P0706,view,4,10,119343.17
T04190,C0796,P0328,wishlist,2,10,61413.61
T04191,C0924,P0587,purchase,4,0,60937.8
T04192,C0254,P0923,view,3,0,147385.68
T04193,C0469,P0860,view,1,5,16832.95
T04194,C0073,P0794,view,4,15,127865.91
T04195,C0955,P0885,purchase,4,15,2985.1
T04196,C0323,P0241,cart,1,5,2497.0
T04197,C0205,P0291,view,3,25,43457.83
T04198,C0719,P0322,view,2,20,48756.27
T04199,C0863,P0169,purchase,1,0,18845.88
T04200,C0516,P0098,view,1,5,45709.43
T04201,C0579,P0650,view,1,0,37059.04
T04202,C0475,P0821,wishlist,3,15,51710.81
T04203,C0864,P0614,view,3,15,119977.68
T04204,C0743,P0966,view,3,25,64554.12
T04205,C0622,P0416,wishlist,2,5,56982.18
T04206,C0346,P0098,view,4,25,144345.57
T04207,C0370,P0442,view,4,20,89556.61
T04208,C0143,P0707,purchase,2,20,8579.5
T04209,C0616,P0093,cart,1,25,14128.27
T04210,C0874,P0258,purchase,2,10,24886.1
T04211,C0101,P0622,wishlist,3,10,34530.62
T04212,C0354,P0466,purchase,1,0,28108.94
T04213,C0774,P0269,purchase,1,5,28114.43
T04214,C0481,P0924,cart,4,25,20344.65
T04215,C0354,P0058,view,4,25,121515.57
T04216,C0961,P0522,purchase,4,20,100433.5
T04217,C0574,P0525,wishlist,2,20,77132.22
T04218,C0162,P0290,view,2,20,33921.12
T04219,C0672,P0597,purchase,2,0,66791.4
T04220,C0297,P0920,purchase,1,15,13845.96
T04221,C0114,P0617,purchase,1,0,6566.77
T04222,C0038,P0092,purchase,3,10,120461.77
T04223,C0881,P0507,purchase,3,15,76837.85
T04224,C0904,P0297,view,2,25,5788.71
T04225,C0279,P0544,view,2,0,70823.82
T04226,C0319,P0195,purchase,4,20,4217.5
T04227,C0027,P0415,purchase,2,15,28123.1
T04228,C0950,P0473,purchase,2,25,44995.8
T04229,C0919,P0009,wishlist,4,0,88474.36
T04230,C0855,P0786,purchase,2,0,26841.44
T04231,C0065,P0715,view,1,25,28003.14
T04232,C0705,P0266,view,4,20,21551.97
T04233,C0156,P0173,wishlist,4,5,149837.57
T04234,C0460,P0475,view,1,20,31815.2
T04235,C0936,P0143,cart,3,0,26127.6
T04236,C0519,P0652,cart,2,5,41100.15
T04237,C0752,P0329,cart,4,0,37693.52
T04238,C0034,P0795,cart,2,5,77721.23
T04239,C0914,P0293,wishlist,3,15,52958.27
T04240,C0086,P0572,cart,4,10,139477.57
T04241,C0607,P0308,cart,4,0,47520.6
T04242,C0596,P0310,view,1,5,39497.85
T04243,C0662,P0039,wishlist,3,0,110438.28
T04244,C0639,P0041,purchase,2,25,18364.86
T04245,C0185,P0072,view,1,25,17504.82
T04246,C0964,P0243,view,3,5,117614.11
T04247,C0153,P0255,purchase,1,0,43601.53
T04248,C0176,P0551,view,2,0,82446.3
T04249,C0801,P1000,purchase,3,5,32007.1
T04250,C0165,P0111,cart,3,5,19564.79
T04251,C0727,P0354,view,2,10,78644.11
T04252,C0526,P0535,purchase,2,5,68760.64
T04253,C0329,P0571,cart,1,15,40954.07
T04254,C0938,P0980,cart,1,10,14219.7
T04255,C0951,P0495,view,2,10,5693.99
T04256,C0219,P0217,cart,2,10,83221.07
T04257,C0673,P0601,purchase,1,15,20525.23
T04258,C0174,P0713,cart,3,25,80314.49
T04259,C0879,P0940,wishlist,2,10,34613.19
T04260,C0799,P0637,purchase,4,25,129475.5
T04261,C0195,P0528,view,1,0,4863.89
T04262,C0620,P0024,purchase,2,15,53196.11
T04263,C0631,P0693,purchase,3,25,105004.67
T04264,C0581,P0082,view,2,5,39419.98
T04265,C0669,P0074,cart,2,5,58649.94
T04266,C0784,P0599,purchase,2,25,41532.18
T04267,C0356,P0468,wishlist,4,15,7792.22
T04268,C0154,P0854,purchase,2,10,62851.95
T04269,C0255,P0241,view,3,25,5913.94
T04270,C0548,P0578,purchase,1,25,33743.9
T04271,C0893,P0410,view,3,20,70779.53
T04272,C0038,P0490,cart,2,25,40008.98
T04273,C0345,P0261,purchase,3,15,116007.97
T04274,C0880,P0437,view,2,0,14437.58
T04275,C0215,P0627,purchase,3,15,13525.97
T04276,C0772,P0670,wishlist,1,5,12908.51
T04277,C0108,P0863,wishlist,4,15,117352.94
T04278,C0414,P0692,view,1,15,1106.4
T04279,C0924,P0388,view,2,25,39912.07
T04280,C0269,P0442,cart,1,25,20989.83
T04281,C0277,P0208,cart,3,25,12392.08
T04282,C0518,P0274,purchase,1,5,25464.05
T04283,C0825,P0690,purchase,1,25,28306.11
T04284,C0811,P0072,view,2,0,46679.52
T04285,C0033,P0097,purchase,1,5,5749.22
T04286,C0813,P0293,view,1,5,19729.55
T04287,C0758,P0926,view,3,20,100321.32
T04288,C0010,P0271,view,2,5,72011.04
T04289,C0553,P0650,wishlist,3,10,100059.41
T04290,C0410,P0546,view,2,15,27556.13
T04291,C0444,P0197,purchase,4,10,162171.0
T04292,C0574,P0394,purchase,1,20,12785.39
T04293,C0671,P0294,cart,2,0,44750.4
T04294,C0321,P0100,cart,4,5,169396.13
T04295,C0978,P0434,view,3,5,32546.37
T04296,C0285,P0005,view,3,15,78206.64
T04297,C0545,P0817,purchase,1,5,44523.68
T04298,C0773,P0670,purchase,1,25,10190.93
T04299,C0722,P0352,view,2,20,5346.93
T04300,C0535,P0131,view,2,20,29713.44
T04301,C0671,P0982,wishlist,3,5,107196.17
T04302,C0697,P0014,purchase,2,25,26947.98
T04303,C0060,P0927,purchase,4,5,67577.38
T04304,C0070,P0382,wishlist,1,25,26903.93
T04305,C0508,P0665,view,4,5,47604.42
T04306,C0248,P0012,purchase,3,0,109251.45
T04307,C0975,P0171,view,4,5,159242.95
T04308,C0815,P0429,view,3,20,10807.08
T04309,C0905,P0266,view,1,10,6061.49
T04310,C0750,P0485,purchase,1,25,17690.37
T04311,C0915,P0744,cart,1,0,11692.57
T04312,C0836,P0872,view,1,20,29407.78
T04313,C0261,P0828,view,1,15,22658.82
T04314,C0228,P0641,view,1,10,44188.11
T04315,C0832,P0910,view,4,25,109732.59
T04316,C0395,P0432,view,3,15,83581.1
T04317,C0145,P0175,purchase,4,5,86333.91
T04318,C0514,P0010,purchase,3,20,47217.17
T04319,C0831,P0011,purchase,2,15,15988.07
T04320,C0098,P0282,view,1,10,39252.44
T04321,C0668,P0657,view,1,15,32860.65
T04322,C0754,P0508,purchase,4,10,30410.24
T04323,C0687,P0623,wishlist,3,5,31861.06
T04324,C0786,P0750,view,2,5,45317.96
T04325,C0200,P0746,view,3,15,36892.56
T04326,C0043,P0082,view,3,20,49793.66
T04327,C0930,P0427,purchase,1,15,33047.31
T04328,C0124,P0528,view,2,25,7295.84
T04329,C0108,P0268,view,4,0,137360.6
T04330,C0040,P0859,view,1,20,17869.21
T04331,C0187,P0430,cart,4,0,112381.52
T04332,C0428,P0204,wishlist,3,25,32795.89
T04333,C0968,P0394,wishlist,2,25,23972.61
T04334,C0396,P0005,view,2,15,52137.76
T04335,C0954,P0662,cart,3,5,103246.09
T04336,C0963,P0831,view,3,20,30298.2
T04337,C0964,P0544,view,2,5,67282.63
T04338,C0951,P0338,cart,2,5,26355.09
T04339,C0321,P0785,view,2,10,26579.38
T04340,C0633,P0907,cart,2,0,50128.58
T04341,C0182,P0612,view,3,10,73751.55
T04342,C0629,P0424,view,4,15,23594.74
T04343,C0454,P0998,purchase,3,5,122981.29
T04344,C0242,P0809,view,4,10,174568.46
T04345,C0315,P0557,purchase,2,15,71812.4
T04346,C0643,P0450,purchase,3,5,113911.48
T04347,C0921,P0388,cart,4,20,85145.76
T04348,C0535,P0956,view,4,20,36429.44
T04349,C0179,P0143,purchase,1,5,8273.74
T04350,C0511,P0988,view,3,5,1296.61
T04351,C0419,P0224,view,2,25,69962.97
T04352,C0762,P0077,purchase,3,5,10411.59
T04353,C0524,P0225,cart,2,20,7373.54
T04354,C0566,P0504,purchase,2,5,38594.91
T04355,C0471,P0288,purchase,3,0,6589.32
T04356,C0072,P0747,purchase,2,0,69242.7
T04357,C0806,P0247,view,4,5,182675.5
T04358,C0168,P0784,cart,4,25,65005.2
T04359,C0526,P0602,purchase,3,5,57032.09
T04360,C0568,P0676,cart,4,5,2931.05
T04361,C0534,P0267,view,1,0,39866.56
T04362,C0052,P0067,purchase,1,5,43487.81
T04363,C0415,P0123,cart,2,25,24856.25
T04364,C0199,P0736,wishlist,1,25,35321.44
T04365,C0121,P0557,cart,2,5,80260.92
T04366,C0789,P0284,purchase,2,20,1980.61
T04367,C0282,P0657,cart,4,15,131442.61
T04368,C0030,P0889,purchase,2,20,7302.34
T04369,C0618,P0124,cart,2,10,11910.98
T04370,C0650,P0618,purchase,1,15,22287.01
T04371,C0781,P0122,cart,2,10,23507.23
T04372,C0702,P0265,purchase,2,5,14917.22
T04373,C0113,P0339,purchase,2,10,40318.9
T04374,C0134,P0285,view,3,5,12138.21
T04375,C0569,P0294,view,1,15,19018.92
T04376,C0471,P0276,purchase,2,5,78102.82
T04377,C0032,P0367,purchase,4,15,117873.34
T04378,C0793,P0368,view,2,0,22389.94
T04379,C0282,P1000,purchase,4,5,42676.13
T04380,C0002,P0513,view,4,10,25060.64
T04381,C0703,P0587,cart,2,25,22851.68
T04382,C0555,P0634,view,1,0,6393.26
T04383,C0885,P0374,purchase,3,20,58785.91
T04384,C0380,P0842,view,1,25,5208.66
T04385,C0378,P0658,view,2,25,47171.75
T04386,C0879,P0196,wishlist,4,15,44342.15
T04387,C0065,P0297,view,3,20,9261.94
T04388,C0149,P0509,view,2,25,11836.65
T04389,C0453,P0320,view,2,10,41905.8
T04390,C0896,P0079,purchase,3,20,3259.06
T04391,C0521,P0279,purchase,2,25,6283.08
T04392,C0225,P0528,view,4,0,19455.56
T04393,C0095,P0365,view,1,0,24332.16
T04394,C0333,P0914,wishlist,2,0,10217.98
T04395,C0370,P0593,cart,4,20,91398.66
T04396,C0682,P0823,purchase,4,10,121877.93
T04397,C0088,P0949,purchase,1,0,13777.0
T04398,C0997,P0515,cart,2,5,79431.25
T04399,C0579,P0311,view,2,10,71667.76
T04400,C0421,P0217,cart,2,25,69350.9
T04401,C0883,P0770,view,2,0,52384.52
T04402,C0298,P0499,cart,1,0,25206.25
T04403,C0198,P0507,wishlist,1,10,27119.24
T04404,C0054,P0504,view,1,0,20313.11
T04405,C0662,P0216,wishlist,3,15,60600.39
T04406,C0829,P0850,purchase,2,0,49454.52
T04407,C0375,P0537,cart,1,5,608.37
T04408,C0389,P0287,purchase,3,5,60957.42
T04409,C0937,P0627,cart,2,0,10608.6
T04410,C0363,P0598,purchase,1,15,25696.86
T04411,C0265,P0605,view,3,0,38096.61
T04412,C0667,P0136,view,1,15,33574.77
T04413,C0595,P0330,cart,4,5,8971.57
T04414,C0104,P0927,wishlist,2,10,32010.34
T04415,C0237,P0735,purchase,1,5,2712.94
T04416,C0240,P0730,view,2,0,93864.0
T04417,C0841,P0415,purchase,4,20,52937.6
T04418,C0598,P0201,purchase,3,15,63275.29
T04419,C0981,P0155,view,2,20,24332.19
T04420,C0713,P0930,view,2,10,5699.59
T04421,C0367,P0537,purchase,3,5,1825.11
T04422,C0393,P0523,wishlist,1,25,12318.74
T04423,C0423,P0093,view,1,10,16953.92
T04424,C0751,P0776,purchase,3,20,85112.33
T04425,C0883,P0124,view,3,25,14888.72
T04426,C0603,P0760,view,1,25,28727.99
T04427,C0157,P0088,purchase,4,0,158478.56
T04428,C0646,P0266,view,4,15,22898.97
T04429,C0749,P0151,view,2,15,79320.84
T04430,C0074,P0135,wishlist,1,15,5238.68
T04431,C0642,P0744,purchase,2,10,21046.63
T04432,C0200,P0490,view,1,0,26672.65
T04433,C0116,P0371,cart,3,25,28301.17
T04434,C0102,P0810,cart,2,0,69322.32
T04435,C0004,P0467,wishlist,3,0,82266.24
T04436,C0774,P0287,cart,3,0,64165.71
T04437,C0620,P0124,view,2,5,12572.7
T04438,C0516,P0480,wishlist,4,25,66837.96
T04439,C0924,P0829,purchase,1,25,30943.26
T04440,C0714,P0389,wishlist,1,15,12564.31
T04441,C0918,P0827,purchase,2,5,36297.43
T04442,C0688,P0064,view,3,10,131750.36
T04443,C0700,P0977,purchase,4,20,141875.68
T04444,C0335,P0532,view,2,5,19347.0
T04445,C0407,P0344,view,4,0,46777.16
T04446,C0850,P0660,purchase,1,10,552.0
T04447,C0320,P0287,purchase,3,10,57749.14
T04448,C0005,P0236,purchase,4,5,93708.3
T04449,C0105,P0207,view,3,20,59803.3
T04450,C0357,P0033,cart,2,10,44232.75
T04451,C0442,P0562,wishlist,2,0,85950.08
T04452,C0185,P0389,view,3,10,39910.16
T04453,C0505,P0137,wishlist,1,15,31723.61
T04454,C0023,P0952,purchase,3,10,18421.8
T04455,C0570,P0932,cart,4,15,126361.75
T04456,C0967,P0207,view,4,25,74754.12
T04457,C0787,P0908,cart,4,5,165897.44
T04458,C0975,P0677,view,2,10,46650.47
T04459,C0849,P0939,view,3,15,45987.62
T04460,C0942,P0759,view,1,15,24478.74
T04461,C0267,P0916,purchase,3,25,33651.04
T04462,C0548,P0236,view,4,15,83844.27
T04463,C0119,P0354,wishlist,4,15,148549.98
T04464,C0540,P0551,view,2,10,74201.67
T04465,C0653,P0740,purchase,1,25,1081.74
T04466,C0445,P0461,wishlist,2,5,3322.26
T04467,C0930,P0597,view,1,20,26716.56
T04468,C0868,P0457,view,4,5,68465.93
T04469,C0048,P0932,wishlist,4,5,141227.84
T04470,C0779,P0820,wishlist,3,15,84546.6
T04471,C0536,P0494,cart,1,0,36124.39
T04472,C0633,P0584,cart,1,15,11170.93
T04473,C0243,P0639,view,1,0,15626.44
T04474,C0077,P0982,view,2,20,60180.3
T04475,C0669,P0771,view,1,10,2577.62
T04476,C0749,P0075,view,2,5,54829.46
T04477,C0541,P0492,purchase,4,5,74535.63
T04478,C0523,P0903,purchase,1,0,41692.58
T04479,C0450,P0094,view,2,20,60347.57
T04480,C0391,P0321,purchase,2,0,81449.12
T04481,C0990,P0904,cart,1,20,37236.0
T04482,C0700,P0772,purchase,4,5,105659.04
T04483,C0528,P0659,wishlist,1,20,38309.22
T04484,C0219,P0880,wishlist,1,25,25533.55
T04485,C0377,P0871,purchase,2,5,12770.83
T04486,C0707,P0739,wishlist,3,5,64848.81
T04487,C0145,P0467,view,2,15,46617.54
T04488,C0203,P0777,purchase,2,0,22981.42
T04489,C0910,P0927,wishlist,2,10,32010.34
T04490,C0642,P0103,purchase,1,25,35956.78
T04491,C0643,P0703,cart,3,20,113130.7
T04492,C0870,P0541,view,3,10,10978.04
T04493,C0177,P0439,purchase,3,15,58826.33
T04494,C0511,P0109,view,4,0,162258.24
T04495,C0903,P0889,view,2,0,9127.92
T04496,C0987,P0754,purchase,2,25,67396.89
T04497,C0688,P0104,view,3,25,31528.31
T04498,C0578,P0912,cart,2,20,10423.74
T04499,C0021,P0079,view,4,5,5160.17
T04500,C0683,P0596,view,4,25,59280.39
T04501,C0387,P0166,view,3,5,87847.03
T04502,C0045,P0684,purchase,4,5,87653.16
T04503,C0785,P0071,view,1,15,20240.93
T04504,C0108,P0208,view,1,5,5232.21
T04505,C0348,P0107,wishlist,4,25,11981.34
T04506,C0952,P0256,view,1,5,6343.43
T04507,C0676,P0524,purchase,2,10,3895.34
T04508,C0484,P0190,purchase,4,20,117910.56
T04509,C0990,P0484,view,4,0,72877.12
T04510,C0330,P0895,purchase,3,15,30037.88
T04511,C0743,P0098,cart,3,0,144345.57
T04512,C0268,P0839,view,4,10,31361.87
T04513,C0016,P0954,cart,4,25,109790.43
T04514,C0258,P0062,view,2,20,26345.97
T04515,C0042,P0373,wishlist,1,10,37572.58
T04516,C0954,P0916,wishlist,4,10,53841.67
T04517,C0035,P0648,cart,3,15,124825.25
T04518,C0491,P0800,view,1,20,38003.2
T04519,C0707,P0102,view,3,10,94245.85
T04520,C0961,P0494,purchase,3,15,92117.19
T04521,C0681,P0513,cart,2,20,11138.06
T04522,C0327,P0010,purchase,2,0,39347.64
T04523,C0015,P0787,wishlist,3,5,88509.23
T04524,C0558,P0274,cart,2,10,48247.67
T04525,C0534,P0055,view,2,0,93639.02
T04526,C0735,P0469,purchase,4,0,194573.04
T04527,C0246,P0070,purchase,1,5,870.01
T04528,C0698,P0117,view,1,25,22184.1
T04529,C0904,P0925,view,4,10,34651.19
T04530,C0787,P0827,purchase,1,15,16238.32
T04531,C0485,P0022,wishlist,3,15,72037.81
T04532,C0921,P0792,purchase,1,5,11542.95
T04533,C0853,P0188,view,3,25,73587.96
T04534,C0992,P0882,purchase,4,20,144491.94
T04535,C0381,P0998,view,2,10,77672.39
T04536,C0064,P0030,view,4,20,154012.42
T04537,C0278,P0731,purchase,1,20,2921.24
T04538,C0024,P0832,view,1,25,8187.14
T04539,C0276,P0573,purchase,4,10,23225.04
T04540,C0433,P0009,view,4,20,70779.49
T04541,C0772,P0032,wishlist,4,20,8840.45
T04542,C0749,P0017,purchase,1,0,30375.81
T04543,C0788,P0042,purchase,2,15,53936.67
T04544,C0151,P0244,purchase,1,10,39559.29
T04545,C0409,P0818,purchase,1,15,26381.53
T04546,C0591,P0695,wishlist,2,15,1872.69
T04547,C0028,P0029,view,2,5,21077.57
T04548,C0617,P0480,view,4,10,80205.55
T04549,C0397,P0232,view,2,10,58592.52
T04550,C0046,P0570,purchase,1,15,14148.33
T04551,C0238,P0601,purchase,2,10,43465.19
T04552,C0743,P0099,view,3,20,52628.45
T04553,C0494,P0436,purchase,3,15,78339.65
T04554,C0982,P0270,purchase,2,5,64762.91
T04555,C0543,P0853,view,3,5,58539.26
T04556,C0106,P0437,view,1,5,6857.85
T04557,C0815,P0883,view,1,0,41608.61
T04558,C0025,P0035,view,1,15,26986.46
T04559,C0366,P0657,purchase,4,0,154638.36
T04560,C0899,P0790,purchase,3,25,29698.24
T04561,C0343,P0789,purchase,3,20,74901.46
T04562,C0940,P0047,cart,1,10,22315.42
T04563,C0295,P0092,purchase,3,15,113769.45
T04564,C0258,P0750,cart,1,10,21466.4
T04565,C0615,P0129,purchase,1,25,3202.95
T04566,C0176,P0771,view,4,20,9164.86
T04567,C0657,P0938,wishlist,4,15,167292.82
T04568,C0218,P0813,wishlist,4,10,38196.58
T04569,C0048,P0194,purchase,1,25,4416.04
T04570,C0667,P0047,view,2,20,39671.86
T04571,C0848,P0147,purchase,4,5,101543.41
T04572,C0972,P0194,purchase,2,0,11776.1
T04573,C0274,P0384,purchase,4,10,174752.46
T04574,C0926,P0496,wishlist,2,10,59759.44
T04575,C0940,P0726,purchase,4,5,108842.94
T04576,C0439,P0379,view,3,15,118648.64
T04577,C0570,P0147,view,3,25,60124.39
T04578,C0182,P0573,purchase,3,10,17418.78
T04579,C0130,P0843,purchase,4,10,76014.72
T04580,C0964,P0654,view,2,0,70778.34
T04581,C0634,P0282,purchase,3,15,111215.24
T04582,C0286,P0116,purchase,1,15,13197.36
T04583,C0119,P0696,view,4,10,159490.3
T04584,C0447,P0312,purchase,3,25,73418.4
T04585,C0138,P0743,view,2,15,50528.15
T04586,C0844,P0520,view,1,20,2455.88
T04587,C0841,P0492,view,2,5,37267.82
T04588,C0522,P0242,view,2,0,7980.64
T04589,C0826,P0427,view,1,5,36935.23
T04590,C0217,P0482,view,3,0,118137.51
T04591,C0503,P0799,cart,2,25,13247.22
T04592,C0769,P0762,cart,4,5,22899.48
T04593,C0429,P0164,view,3,5,77596.04
T04594,C0972,P0110,cart,4,15,141070.69
T04595,C0132,P0133,view,2,15,2918.07
T04596,C0804,P0035,purchase,3,0,95246.34
T04597,C0031,P0174,cart,1,25,34505.86
T04598,C0275,P0096,view,2,0,1528.82
T04599,C0899,P0161,wishlist,2,15,64225.73
T04600,C0338,P0138,purchase,2,25,45682.88
T04601,C0234,P0249,purchase,4,0,52326.72
T04602,C0499,P0063,cart,3,0,13347.9
T04603,C0467,P0849,purchase,1,15,37025.4
T04604,C0393,P0179,purchase,4,20,137787.1
T04605,C0813,P0499,view,1,10,22685.62
T04606,C0292,P0588,purchase,2,10,86619.69
T04607,C0953,P0403,view,2,25,41763.35
T04608,C0624,P0683,view,1,5,37776.16
T04609,C0245,P0639,purchase,3,10,42191.39
T04610,C0296,P0748,purchase,1,0,6570.26
T04611,C0066,P0483,view,1,15,41815.11
T04612,C0894,P0398,view,1,0,48262.46
T04613,C0190,P0941,purchase,4,10,120911.87
T04614,C0083,P0251,view,2,15,9395.29
T04615,C0700,P0458,cart,1,15,7524.48
T04616,C0657,P0175,view,1,20,18175.56
T04617,C0010,P0046,wishlist,3,20,83172.91
T04618,C0238,P0806,purchase,4,25,10641.78
T04619,C0753,P0385,wishlist,1,0,20723.12
T04620,C0398,P0564,view,2,20,54326.56
T04621,C0579,P0722,view,4,5,61885.89
T04622,C0801,P0240,wishlist,1,25,27609.44
T04623,C0682,P0159,view,1,10,44895.68
T04624,C0013,P0853,view,3,5,58539.26
T04625,C0720,P0991,wishlist,1,25,32757.41
T04626,C0524,P0487,purchase,3,0,7991.82
T04627,C0618,P0176,view,3,20,21559.37
T04628,C0325,P0761,view,3,25,83548.67
T04629,C0284,P0790,wishlist,3,20,31678.13
T04630,C0144,P0243,cart,2,10,74282.6
T04631,C0503,P0356,purchase,2,20,30646.46
T04632,C0267,P0908,view,1,25,32742.92
T04633,C0492,P0583,purchase,1,20,23198.61
T04634,C0891,P0551,wishlist,3,25,92752.09
T04635,C0094,P0158,view,3,5,125270.98
T04636,C0506,P0490,purchase,4,0,106690.6
T04637,C0605,P0107,purchase,1,15,3394.71
T04638,C0787,P0279,purchase,4,20,13403.9
T04639,C0867,P0059,purchase,4,25,1371.63
T04640,C0243,P0228,cart,4,25,107500.68
T04641,C0127,P0335,view,2,15,14562.39
T04642,C0744,P0888,wishlist,1,20,3942.62
T04643,C0570,P0450,purchase,4,25,119906.82
T04644,C0582,P0265,purchase,4,5,29834.45
T04645,C0890,P0247,view,4,10,173061.0
T04646,C0458,P0011,view,3,15,23982.11
T04647,C0370,P0458,cart,1,0,8852.33
T04648,C0420,P0105,view,2,0,26885.42
T04649,C0804,P0181,view,4,15,6865.18
T04650,C0580,P0876,view,3,25,90757.69
T04651,C0515,P0720,cart,2,25,27814.03
T04652,C0428,P0425,view,4,20,45606.14
T04653,C0327,P0690,wishlist,2,20,60386.37
T04654,C0433,P0505,purchase,3,5,63927.47
T04655,C0500,P0233,wishlist,4,25,26970.3
T04656,C0703,P0424,view,2,5,13185.3
T04657,C0047,P0312,purchase,4,10,117469.44
T04658,C0654,P0847,view,2,15,35090.87
T04659,C0748,P0953,purchase,2,25,68054.54
T04660,C0110,P0577,wishlist,3,0,117606.84
T04661,C0138,P0466,view,1,0,28108.94
T04662,C0776,P0097,view,3,10,16339.89
T04663,C0083,P0047,view,4,25,74384.73
T04664,C0899,P0674,view,1,25,967.71
T04665,C0658,P0673,view,1,25,35119.33
T04666,C0781,P0781,view,2,15,52046.15
T04667,C0202,P0846,purchase,3,10,37042.11
T04668,C0803,P0686,wishlist,1,20,11983.18
T04669,C0668,P0599,purchase,2,5,52607.43
T04670,C0519,P0772,view,4,15,94537.03
T04671,C0487,P0756,cart,1,25,21838.36
T04672,C0130,P0778,view,2,25,47084.77
T04673,C0120,P0972,cart,2,25,51024.78
T04674,C0124,P0112,purchase,2,25,74977.41
T04675,C0706,P0753,cart,3,20,42751.42
T04676,C0850,P0104,purchase,1,5,13311.95
T04677,C0639,P0662,purchase,3,15,92378.08
T04678,C0557,P0985,view,4,10,156925.8
T04679,C0658,P0031,view,4,10,51782.62
T04680,C0530,P0979,cart,1,5,34541.37
T04681,C0398,P0403,view,4,20,89095.14
T04682,C0143,P0789,purchase,2,15,53055.2
T04683,C0203,P0250,purchase,3,15,80741.44
T04684,C0898,P0532,cart,3,15,25965.71
T04685,C0785,P0018,view,4,20,72261.25
T04686,C0414,P0084,purchase,4,20,81153.82
T04687,C0353,P0664,view,4,5,166808.64
T04688,C0404,P0559,cart,2,20,75534.91
T04689,C0120,P0251,purchase,3,10,14921.93
T04690,C0299,P0896,purchase,4,20,45618.14
T04691,C0724,P0800,purchase,2,15,80756.8
T04692,C0833,P0314,view,1,15,24170.95
T04693,C0602,P0996,view,1,5,6906.79
T04694,C0306,P0478,cart,4,15,141091.43
T04695,C0757,P0626,view,2,5,57297.12
T04696,C0735,P0820,wishlist,3,5,94493.26
T04697,C0948,P0013,view,1,10,14760.41
T04698,C0186,P0276,view,3,5,117154.24
T04699,C0477,P0829,view,1,25,30943.26
T04700,C0428,P0488,wishlist,2,0,46498.06
T04701,C0584,P0656,view,4,25,23728.38
T04702,C0026,P0742,wishlist,1,5,27841.74
T04703,C0411,P0772,view,1,10,25024.51
T04704,C0343,P0578,view,4,5,170969.11
T04705,C0146,P0770,view,2,15,44526.84
T04706,C0504,P0888,purchase,4,25,14784.81
T04707,C0429,P0303,purchase,2,20,7374.51
T04708,C0901,P0791,cart,1,5,44612.97
T04709,C0611,P0769,view,3,10,45937.64
T04710,C0738,P0127,view,4,15,15695.73
T04711,C0212,P0924,cart,1,20,5425.24
T04712,C0387,P0777,cart,4,25,34472.13
T04713,C0023,P0179,view,1,0,43058.47
T04714,C0411,P0532,purchase,1,15,8655.24
T04715,C0752,P0029,view,1,5,10538.79
T04716,C0544,P0652,view,2,15,36773.82
T04717,C0212,P0139,view,4,25,36038.67
T04718,C0763,P0611,wishlist,2,0,40331.8
T04719,C0283,P0116,view,4,25,46578.93
T04720,C0167,P0855,view,1,25,33244.57
T04721,C0907,P0346,view,3,10,78587.98
T04722,C0519,P0556,purchase,3,20,11149.49
T04723,C0086,P0048,purchase,2,5,29526.82
T04724,C0424,P0387,cart,2,10,11239.27
T04725,C0168,P0787,view,3,5,88509.23
T04726,C0369,P0306,view,3,5,20387.85
T04727,C0927,P0421,view,3,20,27434.3
T04728,C0650,P0319,view,4,10,3345.91
T04729,C0981,P0427,wishlist,1,0,38879.19
T04730,C0062,P0152,purchase,2,25,55660.21
T04731,C0400,P0674,view,1,5,1225.77
T04732,C0051,P0747,view,2,25,51932.02
T04733,C0137,P0640,purchase,1,25,2797.05
T04734,C0085,P0722,view,3,10,43971.55
T04735,C0171,P0690,purchase,2,15,64160.52
T04736,C0776,P0997,purchase,1,15,13134.87
T04737,C0361,P0772,wishlist,4,10,100098.04
T04738,C0375,P0747,wishlist,3,20,83091.24
T04739,C0500,P0426,cart,1,0,12626.4
T04740,C0098,P0739,view,1,0,22753.97
T04741,C0947,P0076,purchase,4,15,93060.45
T04742,C0950,P0394,cart,3,25,35958.92
T04743,C0520,P0819,purchase,1,15,17849.0
T04744,C0590,P0636,purchase,2,15,82207.51
T04745,C0565,P0181,purchase,1,0,2019.17
T04746,C0186,P0805,view,3,5,82440.52
T04747,C0233,P0168,wishlist,3,25,78507.47
T04748,C0896,P0972,purchase,3,20,81639.65
T04749,C0038,P0232,cart,3,20,78123.36
T04750,C0755,P0986,view,4,25,128084.37
T04751,C0422,P0319,view,3,25,2091.19
T04752,C0083,P0533,cart,4,15,144085.37
T04753,C0268,P0633,view,3,15,49682.72
T04754,C0592,P0151,purchase,4,5,177305.42
T04755,C0780,P0388,view,3,20,63859.32
T04756,C0736,P0673,view,1,20,37460.62
T04757,C0934,P0805,purchase,3,5,82440.52
T04758,C0274,P0560,view,1,5,23776.44
T04759,C0570,P0931,view,2,10,60105.22
T04760,C0737,P0775,purchase,2,20,34579.62
T04761,C0388,P0416,purchase,1,15,25492.03
T04762,C0584,P0653,purchase,4,15,94374.75
T04763,C0888,P0110,cart,2,15,70535.35
T04764,C0139,P0221,view,1,20,12720.37
T04765,C0478,P0959,view,2,20,10930.35
T04766,C0198,P0324,view,4,0,190964.28
T04767,C0500,P0175,cart,1,20,18175.56
T04768,C0380,P0854,wishlist,1,5,33171.86
T04769,C0133,P0981,wishlist,3,0,30272.55
T04770,C0656,P0867,view,4,15,166466.55
T04771,C0359,P0815,view,3,5,111486.24
T04772,C0729,P0439,view,2,15,39217.56
T04773,C0800,P0471,view,1,0,22601.14
T04774,C0312,P0797,wishlist,2,20,72761.49
T04775,C0164,P0116,view,3,25,34934.2
T04776,C0597,P0342,wishlist,3,15,45588.44
T04777,C0332,P0986,wishlist,2,10,76850.62
T04778,C0202,P0392,view,2,10,55302.1
T04779,C0323,P0468,view,2,25,3437.74
T04780,C0472,P0592,view,4,25,95695.86
T04781,C0745,P0654,purchase,4,25,106167.51
T04782,C0751,P0884,view,3,5,57626.89
T04783,C0640,P0274,view,2,5,50928.09
T04784,C0746,P0084,view,4,5,96370.17
T04785,C0510,P0387,view,1,15,5307.43
T04786,C0583,P0022,view,3,15,72037.81
T04787,C0680,P0891,view,1,0,43004.91
T04788,C0051,P0960,view,4,10,33480.04
T04789,C0602,P0894,wishlist,1,20,30736.35
T04790,C0431,P0666,view,2,15,51704.21
T04791,C0756,P0075,cart,4,20,92344.35
T04792,C0367,P0756,wishlist,2,15,49500.28
T04793,C0479,P0686,cart,1,25,11234.24
T04794,C0671,P0096,view,4,10,2751.88
T04795,C0579,P0904,view,1,10,41890.5
T04796,C0207,P0311,purchase,3,10,107501.63
T04797,C0224,P0714,view,4,10,108243.4
T04798,C1000,P0811,purchase,3,10,19077.36
T04799,C0075,P0583,wishlist,4,0,115993.04
T04800,C0957,P0103,view,1,10,43148.14
T04801,C0542,P0506,view,3,15,116910.95
T04802,C0702,P0079,purchase,1,20,1086.35
T04803,C0197,P0031,purchase,4,25,43152.18
T04804,C0734,P0986,purchase,4,25,128084.37
T04805,C0220,P0276,view,4,20,131541.6
T04806,C0049,P0692,cart,2,10,2342.97
T04807,C0186,P0229,view,4,25,7335.03
T04808,C0021,P0016,view,4,10,1706.4
T04809,C0298,P0912,purchase,1,10,5863.36
T04810,C0276,P0744,view,3,10,31569.94
T04811,C0511,P0308,cart,3,20,28512.36
T04812,C0414,P0999,cart,3,0,20360.82
T04813,C0985,P0777,wishlist,1,20,9192.57
T04814,C0275,P0911,view,3,10,81456.25
T04815,C0653,P0144,view,3,20,57443.16
T04816,C0193,P0547,view,4,0,195809.04
T04817,C0318,P0391,view,3,10,81015.85
T04818,C0150,P0208,purchase,1,25,4130.69
T04819,C0089,P0749,view,4,5,105193.42
T04820,C0608,P0548,purchase,4,0,38214.28
T04821,C0037,P0746,purchase,2,0,28935.34
T04822,C0582,P0406,purchase,1,10,14832.17
T04823,C0354,P0559,view,3,0,141627.96
T04824,C0069,P0308,purchase,3,5,33858.43
T04825,C0920,P0233,wishlist,1,15,7641.59
T04826,C0577,P0949,purchase,4,20,44086.4
T04827,C0476,P0579,view,2,0,47548.72
T04828,C0628,P0237,purchase,3,20,89863.22
T04829,C0545,P0399,purchase,4,15,92488.19
T04830,C0090,P0051,wishlist,4,25,4229.82
T04831,C0682,P0528,purchase,1,10,4377.5
T04832,C0984,P0542,cart,1,20,22036.55
T04833,C0749,P0412,wishlist,3,10,108776.11
T04834,C0708,P0185,view,2,25,48405.27
T04835,C0219,P0219,view,1,10,1837.78
T04836,C0377,P0968,purchase,4,5,34313.47
T04837,C0956,P0912,purchase,1,5,6189.1
T04838,C0173,P0787,cart,3,20,74534.09
T04839,C0213,P0272,view,3,25,16798.32
T04840,C0146,P0932,cart,4,20,118928.7
T04841,C0691,P0341,wishlist,4,20,103470.18
T04842,C0680,P0382,view,3,25,80711.78
T04843,C0772,P0942,purchase,3,10,45631.38
T04844,C0998,P0050,view,2,5,63671.7
T04845,C0948,P0516,purchase,2,20,35706.5
T04846,C0348,P0364,purchase,4,10,111796.13
T04847,C0135,P0786,purchase,3,15,34222.84
T04848,C0866,P0990,cart,1,5,33544.54
T04849,C0401,P0079,wishlist,1,10,1222.15
T04850,C0810,P0556,purchase,3,25,10452.65
T04851,C0579,P0456,purchase,4,20,50731.65
T04852,C0179,P0914,purchase,3,0,15326.97
T04853,C0322,P0389,purchase,2,5,28084.93
T04854,C0547,P0409,cart,2,0,62109.1
T04855,C0405,P0491,view,3,5,100238.75
T04856,C0256,P0603,wishlist,2,5,35550.63
T04857,C0291,P0340,purchase,4,0,145084.28
T04858,C0505,P0321,view,1,25,30543.42
T04859,C1000,P0347,purchase,1,15,22850.74
T04860,C0934,P0754,purchase,2,10,80876.27
T04861,C0165,P0954,wishlist,3,10,98811.39
T04862,C0043,P0835,view,3,0,57705.48
T04863,C0191,P0670,view,2,5,25817.03
T04864,C0616,P0563,cart,2,10,64867.97
T04865,C0236,P0498,wishlist,3,20,77699.02
T04866,C0767,P0304,view,4,15,167732.81
T04867,C0584,P0117,purchase,3,5,84299.58
T04868,C0120,P0213,wishlist,1,25,24754.81
T04869,C0494,P0231,purchase,4,15,104539.43
T04870,C0484,P0852,view,2,25,68335.46
T04871,C0764,P0225,wishlist,1,25,3456.35
T04872,C0902,P0186,view,3,25,74280.17
T04873,C0280,P0915,view,2,5,50523.89
T04874,C0352,P0589,purchase,2,15,46611.52
T04875,C0196,P0060,view,3,20,40874.78
T04876,C0951,P0331,view,3,20,71417.33
T04877,C0618,P0233,view,2,20,14384.16
T04878,C0348,P0526,view,3,10,117513.34
T04879,C0919,P0681,cart,2,10,57030.1
T04880,C0008,P0283,wishlist,3,15,23634.6
T04881,C0829,P0166,view,3,15,78599.98
T04882,C0425,P0658,purchase,1,20,25158.26
T04883,C0251,P0077,view,2,15,6210.42
T04884,C0385,P0860,purchase,3,15,45183.17
T04885,C0267,P0235,view,4,15,101807.05
T04886,C0696,P0522,view,1,20,25108.38
T04887,C0890,P0705,purchase,4,0,144765.36
T04888,C0550,P0759,view,4,5,109434.38
T04889,C0085,P0417,purchase,1,20,16941.72
T04890,C0098,P0830,view,3,25,48775.1
T04891,C0191,P0850,view,3,0,74181.78
T04892,C0258,P0155,view,4,25,45622.86
T04893,C0517,P0641,purchase,3,25,110470.28
T04894,C0024,P0827,cart,3,0,57311.73
T04895,C0718,P0658,view,1,25,23585.87
T04896,C0037,P0519,cart,2,20,67134.0
T04897,C0213,P0583,view,2,15,49297.04
T04898,C0177,P0707,view,1,0,5362.19
T04899,C0154,P0154,view,2,10,32523.77
T04900,C0755,P0644,view,3,10,11821.11
T04901,C0237,P0847,cart,2,25,30962.53
T04902,C0046,P0616,purchase,2,15,74490.57
T04903,C0207,P0733,purchase,1,10,16829.1
T04904,C0946,P0810,purchase,2,25,51991.74
T04905,C0423,P0469,purchase,2,10,87557.87
T04906,C0463,P0542,purchase,4,0,110182.76
T04907,C0413,P0273,purchase,1,25,13072.97
T04908,C0499,P0718,purchase,2,20,17745.66
T04909,C0103,P0807,cart,2,25,64799.38
T04910,C0988,P0175,view,1,10,20447.51
T04911,C0201,P0064,view,2,15,82953.93
T04912,C0887,P0755,view,2,25,22889.24
T04913,C0967,P0710,purchase,4,25,99572.1
T04914,C0625,P0175,purchase,1,20,18175.56
T04915,C0254,P0568,view,3,20,12413.69
T04916,C0233,P0953,view,2,15,77128.47
T04917,C0096,P0343,view,4,0,47351.44
T04918,C0451,P0125,view,1,5,19664.74
T04919,C0905,P0626,cart,3,0,90469.14
T04920,C0854,P0762,purchase,4,0,24104.72
T04921,C0832,P0185,cart,2,10,58086.32
T04922,C0945,P0102,cart,1,20,27924.7
T04923,C0802,P0140,view,3,25,21352.59
T04924,C0188,P0136,view,2,20,63199.57
T04925,C0245,P0183,purchase,1,15,17133.45
T04926,C0688,P0114,purchase,3,20,25245.46
T04927,C0787,P0801,wishlist,4,5,111197.61
T04928,C0715,P0450,purchase,1,10,35972.05
T04929,C0226,P0226,purchase,3,20,48080.9
T04930,C0594,P0069,view,3,10,98698.39
T04931,C0870,P0370,purchase,3,25,59330.54
T04932,C0068,P0339,cart,1,25,16799.54
T04933,C0385,P0276,wishlist,4,25,123320.25
T04934,C0745,P0065,view,3,20,32847.48
T04935,C0325,P0378,view,1,25,11929.69
T04936,C0628,P0346,view,2,0,58213.32
T04937,C0695,P0885,view,2,0,1755.94
T04938,C0015,P0454,view,1,0,36022.81
T04939,C0054,P0692,purchase,3,15,3319.21
T04940,C0834,P0240,view,2,10,66262.66
T04941,C0849,P0138,purchase,3,15,77660.89
T04942,C0614,P0477,wishlist,1,10,5330.39
T04943,C0759,P0906,cart,1,15,34700.67
T04944,C0063,P0573,wishlist,1,0,6451.4
T04945,C0268,P0380,cart,2,0,49745.02
T04946,C0025,P0228,purchase,2,20,57333.7
T04947,C0611,P0534,wishlist,1,5,29833.14
T04948,C0311,P0552,view,3,25,80567.84
T04949,C0772,P0026,cart,3,0,134473.05
T04950,C0681,P0826,view,4,15,162905.15
T04951,C0231,P0701,view,4,0,108714.8
T04952,C0988,P0785,purchase,3,25,33224.22
T04953,C0598,P0325,view,1,15,20452.97
T04954,C0826,P0918,view,3,15,75002.82
T04955,C0612,P0369,view,1,0,39645.26
T04956,C0997,P0529,purchase,4,15,49065.47
T04957,C0818,P0338,view,4,5,52710.18
T04958,C0584,P0829,view,4,5,156779.18
T04959,C0477,P0488,purchase,4,25,69747.09
T04960,C0478,P0917,purchase,2,0,59727.72
T04961,C0255,P0960,view,4,0,37200.04
T04962,C0464,P0780,purchase,1,15,32906.37
T04963,C0919,P0968,purchase,1,0,9029.86
T04964,C0073,P0320,view,3,20,55874.4
T04965,C0195,P0758,cart,2,10,64467.52
T04966,C0798,P0139,view,3,10,32434.8
T04967,C0953,P0484,cart,3,25,40993.38
T04968,C0232,P0539,purchase,4,5,140883.9
T04969,C0155,P0519,wishlist,3,15,106994.81
T04970,C0525,P0584,view,3,15,33512.79
T04971,C0812,P0966,wishlist,4,25,86072.16
T04972,C0012,P0920,view,3,15,41537.89
T04973,C0538,P0214,view,2,25,48604.36
T04974,C0496,P0623,cart,2,10,20122.78
T04975,C0089,P0968,cart,4,25,27089.58
T04976,C0207,P0360,view,3,25,56760.28
T04977,C0310,P0637,view,1,25,32368.88
T04978,C0884,P0951,wishlist,1,20,20860.53
T04979,C0810,P0052,purchase,2,10,85868.35
T04980,C0216,P0446,purchase,3,25,89854.04
T04981,C0969,P0754,view,1,5,42684.7
T04982,C0365,P0044,purchase,1,10,7423.3
T04983,C0107,P0933,purchase,3,20,102643.99
T04984,C0109,P0454,view,3,10,97261.59
T04985,C0132,P0718,cart,4,20,35491.33
T04986,C0985,P0198,view,4,0,24252.0
T04987,C0868,P0801,purchase,2,15,49746.3
T04988,C0935,P0719,cart,3,25,85701.15
T04989,C0818,P0580,view,1,20,37717.34
T04990,C0946,P0445,view,4,15,49294.8
T04991,C0601,P0615,wishlist,1,10,31267.06
T04992,C0556,P0448,purchase,3,25,100977.48
T04993,C0986,P0374,purchase,4,0,97976.52
T04994,C0772,P0913,purchase,3,25,23847.26
T04995,C0601,P0954,purchase,3,15,93321.87
T04996,C0886,P0534,view,3,5,89499.43
T04997,C0612,P0784,purchase,1,10,19501.56
T04998,C0206,P0583,view,1,0,28998.26
T04999,C0208,P0405,purchase,4,25,124999.47
T05000,C0271,P0437,wishlist,2,25,10828.18
